Workbook
Name anscount: 1
Name asp두께: 0.15
Name HTML1_10: "Marihan@hitel.kol.co.kr"
Name HTML1_11: 1
Name HTML1_2: 1
Name HTML1_3: "엑셀 프로젝트"
Name HTML1_4: "인터넷 어시스턴트"
Name HTML1_6: 1
Name HTML1_7: 1
Name HTML1_8: "97-10-09"
Name HTML1_9: "김종완/어린왕자"
Name HTMLCount: 1
Name 계약여부: #REF!
Name 공사명: #REF!
Name 공사명: #REF!
Name 공사명: #REF!
Name 공사명: #REF!
Name 공사명: #REF!
Name 공사명: #REF!
Name 공사명: #REF!
Name 공사명: #REF!
Name 공사명: #REF!
Name 공사명: #REF!
Name 공사명: #REF!
Name 공사명: #REF!
Name 공사형태: #REF!
Name 다짐계수: 0.875
Name ㅁ1: #REF!
Name ㅁ1: #REF!
Name ㅁ1: #REF!
Name ㅁ1: #REF!
Name ㅁ1: #REF!
Name ㅁ1: #REF!
Name ㅁ1: #REF!
Name ㅁ1: #REF!
Name ㅁ1: #REF!
Name ㅁ1: #REF!
Name ㅁ1: #REF!
Name 보조기층두께: 0.2
Name 비목1: #REF!
Name 비목1: #REF!
Name 비목1: #REF!
Name 비목1: #REF!
Name 비목1: #REF!
Name 비목1: #REF!
Name 비목1: #REF!
Name 비목1: #REF!
Name 비목1: #REF!
Name 비목1: #REF!
Name 비목1: #REF!
Name 비목1: #REF!
Name 비목2: #REF!
Name 비목2: #REF!
Name 비목2: #REF!
Name 비목2: #REF!
Name 비목2: #REF!
Name 비목2: #REF!
Name 비목2: #REF!
Name 비목2: #REF!
Name 비목2: #REF!

Sheet 갑지
A2: 공사명 : 2026년~2027년 양지사 열수송관 천공 및 부단수 공사
A4: 공사 총괄 원가계산서
K6: (단위:원)
B7: 구분 | C7: 1차 | F7: 2차 | I7: 합계
C8: 서부 | D8: 동부 | E8: 합계 | F8: 서부 | G8: 동부 | H8: 합계 | I8: 서부 | J8: 동부 | K8: 합계
B9: 공 급 가 액 : | C9: ='원가계산서(서부지사)'!I29 -> 569863700 | D9: ='원가계산서(동부지사)'!I29 -> 539841582 | E9: ='원가계산서(양지사)'!I29 -> 1109705282 | F9: ='원가계산서(서부지사)'!N29 -> 0 | G9: ='원가계산서(동부지사)'!N29 -> 193833809 | H9: ='원가계산서(양지사)'!N29 -> 193833809 | I9: ='원가계산서(서부지사)'!D29 -> 569863700 | J9: ='원가계산서(동부지사)'!D29 -> 733675391 | K9: ='원가계산서(양지사)'!D29 -> 1303539091
B10: 부가 가치세 : | C10: ='원가계산서(서부지사)'!I30 -> 56986370 | D10: ='원가계산서(동부지사)'!I30 -> 53984158 | E10: ='원가계산서(양지사)'!I30 -> 110970528 | F10: ='원가계산서(서부지사)'!N30 -> 0 | G10: ='원가계산서(동부지사)'!N30 -> 19383381 | H10: ='원가계산서(양지사)'!N30 -> 19383381 | I10: ='원가계산서(서부지사)'!D30 -> 56986370 | J10: ='원가계산서(동부지사)'!D30 -> 73367539 | K10: ='원가계산서(양지사)'!D30 -> 130353909
B11: 합 계 금 액 : | C11: =C9+C10 -> 626850070 | D11: ='원가계산서(동부지사)'!I31 -> 593825740 | E11: ='원가계산서(양지사)'!I31 -> 1220675810 | F11: ='원가계산서(서부지사)'!N31 -> 0 | G11: ='원가계산서(동부지사)'!N31 -> 213217190 | H11: ='원가계산서(양지사)'!N31 -> 213217190 | I11: ='원가계산서(서부지사)'!D31 -> 626850070 | J11: ='원가계산서(동부지사)'!D31 -> 807042930 | K11: ='원가계산서(양지사)'!D31 -> 1433893000

Sheet 설계서표지
B2: 공사명 : 2026년~2027년 양지사 열수송관 천공 및 부단수 공사
E4: 감독원 경유: | F4: 문 태 준 | G4: (인)
A9: 산 출 내 역 서
E11: 총 공 사 비 : | F11: =F14+F15 -> 1433893000 | L11: 1466520000 | M11: 총원가
L12: 146652000 | M12: 총부가세
E13: 구 분 | F13: 금 액 | I13: 추정금액 | J13: 1613172000 | L13: =L12+L11 -> 1613172000 | M13: 합계
E14: 공 급 가 액 | F14: ='원가계산서(양지사)'!D29 -> 1303539091 | I14: 순공사원가 | J14: 1440443356 | L14: =INT(L15*1.1) -> 1440443356 | M14: 순공사원가
E15: 부 가 가 치 세 | F15: ='원가계산서(양지사)'!D30 -> 130353909 | J15: 1309493960 | L15: 1309493960 | M15: 순공사 공급가액
I16: 기초금액 | J16: 1440443356
I17: (부가세포함)
H20: 입찰가격에 조정없이 반영 | I20: A값 대상 | J20: 연금보험료 | K20: 5976106
J21: 건강보험료 | K21: 4522968
J22: 노인장기요양보험료 | K22: 594316
J23: 퇴직공제부금비 | K23: 2893693
J24: 산업안전보건관리비 | K24: 30446538
J25: 품질시험관리비 | K25: 2825360
J26: 합계 | K26: =SUM(K20:K25) -> 47258981
I27: A값 비대상 | J27: 환경보전비 | K27: 3517591

Sheet 원가계산서(양지사)
A1: 공 사 원 가 계 산 서 | F1: 공 사 원 가 계 산 서 | K1: 공 사 원 가 계 산 서
A2: □ 2026년~2027년 양지사 열수송관 천공 및 부단수 공사(양지사) 총차 | F2: □ 2026년~2027년 양지사 열수송관 천공 및 부단수 공사(양지사) 1차 | K2: □ 2026년~2027년 양지사 열수송관 천공 및 부단수 공사(양지사) 2차
E3: (단위:원) | J3: (단위:원) | O3: (단위:원)
A4: 구 분 | D4: 금 액 | E4: 비 고 | F4: 구 분 | I4: 금 액 | J4: 비 고 | K4: 구 분 | N4: 금 액 | O4: 비 고
A6: 1. 공 사 원 가 | B6: 가. 재료비 | C6: 1 ) 직접재료비 | D6: ='원가계산서(서부지사)'!D6+'원가계산서(동부지사)'!D6 -> 900532746 | F6: 1. 공 사 원 가 | G6: 가. 재료비 | H6: 1 ) 직접재료비 | I6: ='원가계산서(서부지사)'!I6+'원가계산서(동부지사)'!I6 -> 774223894 | K6: 1. 공 사 원 가 | L6: 가. 재료비 | M6: 1 ) 직접재료비 | N6: ='원가계산서(서부지사)'!N6+'원가계산서(동부지사)'!N6 -> 126308852
C7: 2 ) 간접재료비 | D7: ='원가계산서(서부지사)'!D7+'원가계산서(동부지사)'!D7 -> 0 | H7: 2 ) 간접재료비 | I7: ='원가계산서(서부지사)'!I7+'원가계산서(동부지사)'!I7 -> 0 | M7: 2 ) 간접재료비 | N7: ='원가계산서(서부지사)'!N7+'원가계산서(동부지사)'!N7 -> 0
C8: 소 계 | D8: ='원가계산서(서부지사)'!D8+'원가계산서(동부지사)'!D8 -> 900532746 | H8: 소 계 | I8: ='원가계산서(서부지사)'!I8+'원가계산서(동부지사)'!I8 -> 774223894 | M8: 소 계 | N8: ='원가계산서(서부지사)'!N8+'원가계산서(동부지사)'!N8 -> 126308852
B9: 나. 노무비 | C9: 1 ) 직접노무비 | D9: ='원가계산서(서부지사)'!D9+'원가계산서(동부지사)'!D9 -> 111091290 | G9: 나. 노무비 | H9: 1 ) 직접노무비 | I9: ='원가계산서(서부지사)'!I9+'원가계산서(동부지사)'!I9 -> 91113622 | L9: 나. 노무비 | M9: 1 ) 직접노무비 | N9: ='원가계산서(서부지사)'!N9+'원가계산서(동부지사)'!N9 -> 19977668
C10: 2 ) 간접노무비 | D10: ='원가계산서(서부지사)'!D10+'원가계산서(동부지사)'!D10 -> 16774783 | E10: 나 1)의 15.1% | H10: 2 ) 간접노무비 | I10: ='원가계산서(서부지사)'!I10+'원가계산서(동부지사)'!I10 -> 13758156 | J10: =E10 -> 나 1)의 15.1% | M10: 2 ) 간접노무비 | N10: ='원가계산서(서부지사)'!N10+'원가계산서(동부지사)'!N10 -> 3016627 | O10: =E10 -> 나 1)의 15.1% | P10: 0.151
C11: 소 계 | D11: ='원가계산서(서부지사)'!D11+'원가계산서(동부지사)'!D11 -> 127866073 | H11: 소 계 | I11: ='원가계산서(서부지사)'!I11+'원가계산서(동부지사)'!I11 -> 104871778 | M11: 소 계 | N11: ='원가계산서(서부지사)'!N11+'원가계산서(동부지사)'!N11 -> 22994295
B12: 다. 경 비 | C12: 1 ) 기계경비 | D12: ='원가계산서(서부지사)'!D12+'원가계산서(동부지사)'!D12 -> 23707460 | G12: 다. 경 비 | H12: 1 ) 기계경비 | I12: ='원가계산서(서부지사)'!I12+'원가계산서(동부지사)'!I12 -> 17775496 | L12: 다. 경 비 | M12: 1 ) 기계경비 | N12: ='원가계산서(서부지사)'!N12+'원가계산서(동부지사)'!N12 -> 5931964
C13: 2 ) 산재보험료 | D13: ='원가계산서(서부지사)'!D13+'원가계산서(동부지사)'!D13 -> 4552031 | E13: 나 ) 의 3.56% | H13: 2 ) 산재보험료 | I13: ='원가계산서(서부지사)'!I13+'원가계산서(동부지사)'!I13 -> 3733435 | J13: =E13 -> 나 ) 의 3.56% | M13: 2 ) 산재보험료 | N13: ='원가계산서(서부지사)'!N13+'원가계산서(동부지사)'!N13 -> 818596 | O13: =E13 -> 나 ) 의 3.56% | P13: =3.56*0.01 -> 0.0356
C14: 3 ) 고용보험료 | D14: ='원가계산서(서부지사)'!D14+'원가계산서(동부지사)'!D14 -> 1291446 | E14: 나 ) 의 1.01% | H14: 3 ) 고용보험료 | I14: ='원가계산서(서부지사)'!I14+'원가계산서(동부지사)'!I14 -> 1059204 | J14: =E14 -> 나 ) 의 1.01% | M14: 3 ) 고용보험료 | N14: ='원가계산서(서부지사)'!N14+'원가계산서(동부지사)'!N14 -> 232242 | O14: =E14 -> 나 ) 의 1.01% | P14: =1.01*0.01 -> 0.0101
C15: 4 ) 건강보험료 | D15: ='원가계산서(서부지사)'!D15+'원가계산서(동부지사)'!D15 -> 4522968 | E15: 나 1)의 3.595% | H15: 4 ) 건강보험료 | I15: ='원가계산서(서부지사)'!I15+'원가계산서(동부지사)'!I15 -> 3709598 | J15: =E15 -> 나 1)의 3.595% | M15: 4 ) 건강보험료 | N15: ='원가계산서(서부지사)'!N15+'원가계산서(동부지사)'!N15 -> 813370 | O15: =E15 -> 나 1)의 3.595% | P15: =3.595*0.01 -> 0.03595 | R15: 2026년 신규 비율 반영 3.545% → 3.595%
C16: 5 ) 노인장기요양보험료 | D16: ='원가계산서(서부지사)'!D16+'원가계산서(동부지사)'!D16 -> 594316 | E16: 다 4)의 13.14% | H16: 5 ) 노인장기요양보험료 | I16: ='원가계산서(서부지사)'!I16+'원가계산서(동부지사)'!I16 -> 487440 | J16: =E16 -> 다 4)의 13.14% | M16: 5 ) 노인장기요양보험료 | N16: ='원가계산서(서부지사)'!N16+'원가계산서(동부지사)'!N16 -> 106876 | O16: =E16 -> 다 4)의 13.14% | P16: =13.14*0.01 -> 0.1314 | R16: 2026년 신규 비율 반영 12.95% → 13.14%
C17: 6 ) 연금보험료 | D17: ='원가계산서(서부지사)'!D17+'원가계산서(동부지사)'!D17 -> 5976106 | E17: 나 1)의 4.75% | H17: 6 ) 연금보험료 | I17: ='원가계산서(서부지사)'!I17+'원가계산서(동부지사)'!I17 -> 4901417 | J17: =E17 -> 나 1)의 4.75% | M17: 6 ) 연금보험료 | N17: ='원가계산서(서부지사)'!N17+'원가계산서(동부지사)'!N17 -> 1074689 | O17: =E17 -> 나 1)의 4.75% | P17: =4.75*0.01 -> 0.0475 | R17: 2026년 신규 비율 반영 4.5% → 4.75%
C18: 7 ) 환경보전비 | D18: ='원가계산서(서부지사)'!D18+'원가계산서(동부지사)'!D18 -> 3105993 | E18: (재+직노+기경)*0.3% | H18: 7 ) 환경보전비 | I18: ='원가계산서(서부지사)'!I18+'원가계산서(동부지사)'!I18 -> 2649338 | J18: =E18 -> (재+직노+기경)*0.3% | M18: 7 ) 환경보전비 | N18: ='원가계산서(서부지사)'!N18+'원가계산서(동부지사)'!N18 -> 456655 | O18: =E18 -> (재+직노+기경)*0.3% | P18: =0.3*0.01 -> 0.003
C19: 8 ) 산업안전보건관리비 | D19: ='원가계산서(서부지사)'!D19+'원가계산서(동부지사)'!D19 -> 30446538 | E19: 가+나1)의 2.28%+4,325천원 | H19: 8 ) 산업안전보건관리비 | I19: ='원가계산서(서부지사)'!I19+'원가계산서(동부지사)'!I19 -> 26043798 | J19: =E19 -> 가+나1)의 2.28%+4,325천원 | M19: 8 ) 산업안전보건관리비 | N19: ='원가계산서(서부지사)'!N19+'원가계산서(동부지사)'!N19 -> 4402740 | O19: =E19 -> 가+나1)의 2.28%+4,325천원
C20: 9 ) 퇴직공제부금비 | D20: ='원가계산서(서부지사)'!D20+'원가계산서(동부지사)'!D20 -> 2893693 | E20: 나 1)의 2.3% | H20: 9 ) 퇴직공제부금비 | I20: ='원가계산서(서부지사)'!I20+'원가계산서(동부지사)'!I20 -> 2373317 | J20: =E20 -> 나 1)의 2.3% | M20: 9 ) 퇴직공제부금비 | N20: ='원가계산서(서부지사)'!N20+'원가계산서(동부지사)'!N20 -> 520376 | O20: =E20 -> 나 1)의 2.3% | P20: =2.3*0.01 -> 0.023
C21: 10 ) 기타 경 비 | D21: ='원가계산서(서부지사)'!D21+'원가계산서(동부지사)'!D21 -> 52448338 | E21: (가+나)의 5.1% | H21: 10 ) 기타 경 비 | I21: ='원가계산서(서부지사)'!I21+'원가계산서(동부지사)'!I21 -> 44833878 | J21: =E21 -> (가+나)의 5.1% | M21: 10 ) 기타 경 비 | N21: ='원가계산서(서부지사)'!N21+'원가계산서(동부지사)'!N21 -> 7614460 | O21: =E21 -> (가+나)의 5.1% | P21: =5.1*0.01 -> 0.051
C22: 11 ) 건설기계대여대금 지급보증액 발급 | D22: ='원가계산서(서부지사)'!D22+'원가계산서(동부지사)'!D22 -> 1035330 | E22: 가1)+나1)+다1)의 0.1% | H22: 11 ) 건설기계대여대금 지급보증액 발급 | I22: ='원가계산서(서부지사)'!I22+'원가계산서(동부지사)'!I22 -> 883112 | J22: =E22 -> 가1)+나1)+다1)의 0.1% | M22: 11 ) 건설기계대여대금 지급보증액 발급 | N22: ='원가계산서(서부지사)'!N22+'원가계산서(동부지사)'!N22 -> 152218 | O22: =E22 -> 가1)+나1)+다1)의 0.1% | P22: =0.1*0.01 -> 0.001
C23: 12 ) 품질시험관리비 | D23: ='원가계산서(서부지사)'!D23+'원가계산서(동부지사)'!D23 -> 2825360 | H23: 12 ) 품질시험관리비 | I23: ='원가계산서(서부지사)'!I23+'원가계산서(동부지사)'!I23 -> 2825360 | M23: 12 ) 품질시험관리비 | N23: ='원가계산서(서부지사)'!N23+'원가계산서(동부지사)'!N23 -> 0
C24: 소 계 | D24: ='원가계산서(서부지사)'!D24+'원가계산서(동부지사)'!D24 -> 133399579 | H24: 소 계 | I24: ='원가계산서(서부지사)'!I24+'원가계산서(동부지사)'!I24 -> 111275393 | M24: 소 계 | N24: ='원가계산서(서부지사)'!N24+'원가계산서(동부지사)'!N24 -> 22124186
B25: 계 | D25: ='원가계산서(서부지사)'!D25+'원가계산서(동부지사)'!D25 -> 1161798398 | G25: 계 | I25: ='원가계산서(서부지사)'!I25+'원가계산서(동부지사)'!I25 -> 990371065 | L25: 계 | N25: ='원가계산서(서부지사)'!N25+'원가계산서(동부지사)'!N25 -> 171427333
A26: 2 | B26: 일 반 관 리 비 | D26: ='원가계산서(서부지사)'!D26+'원가계산서(동부지사)'!D26 -> 75516895 | E26: 1 의 6.5% | F26: 2 | G26: 일 반 관 리 비 | I26: ='원가계산서(서부지사)'!I26+'원가계산서(동부지사)'!I26 -> 64374119 | J26: =E26 -> 1 의 6.5% | K26: 2 | L26: 일 반 관 리 비 | N26: ='원가계산서(서부지사)'!N26+'원가계산서(동부지사)'!N26 -> 11142776 | O26: =E26 -> 1 의 6.5% | P26: =6.5*0.01 -> 0.065
A27: 3 | B27: 이 윤 | D27: ='원가계산서(서부지사)'!D27+'원가계산서(동부지사)'!D27 -> 50517329 | E27: 나+다+2의 15% | F27: 3 | G27: 이 윤 | I27: ='원가계산서(서부지사)'!I27+'원가계산서(동부지사)'!I27 -> 42078140 | J27: =E27 -> 나+다+2의 15% | K27: 3 | L27: 이 윤 | N27: ='원가계산서(서부지사)'!N27+'원가계산서(동부지사)'!N27 -> 8439189 | O27: =E27 -> 나+다+2의 15% | P27: =15*0.01 -> 0.15
A28: 4 | B28: 고용개선지원비(PS단가) | D28: ='원가계산서(서부지사)'!D28+'원가계산서(동부지사)'!D28 -> 15706469 | F28: 4 | G28: 고용개선지원비(PS단가) | I28: ='원가계산서(서부지사)'!I28+'원가계산서(동부지사)'!I28 -> 12881958 | K28: 4 | L28: 고용개선지원비(PS단가) | N28: ='원가계산서(서부지사)'!N28+'원가계산서(동부지사)'!N28 -> 2824511 | R28: 11.9% → 14.2%(계약심사) → 14.5%(매뉴얼개정), 고용개선장려금 50% 적용
A29: 5 | B29: 합 계 | D29: ='원가계산서(서부지사)'!D29+'원가계산서(동부지사)'!D29 -> 1303539091 | F29: 5 | G29: 합 계 | I29: ='원가계산서(서부지사)'!I29+'원가계산서(동부지사)'!I29 -> 1109705282 | K29: 5 | L29: 합 계 | N29: ='원가계산서(서부지사)'!N29+'원가계산서(동부지사)'!N29 -> 193833809
A30: 6 | B30: 부 가 가 치 세 | D30: ='원가계산서(서부지사)'!D30+'원가계산서(동부지사)'!D30 -> 130353909 | E30: 5의 10% | F30: 6 | G30: 부 가 가 치 세 | I30: ='원가계산서(서부지사)'!I30+'원가계산서(동부지사)'!I30 -> 110970528 | J30: =E30 -> 5의 10% | K30: 6 | L30: 부 가 가 치 세 | N30: ='원가계산서(서부지사)'!N30+'원가계산서(동부지사)'!N30 -> 19383381 | O30: =E30 -> 5의 10%
A31: 7 | B31: 총 계 | D31: ='원가계산서(서부지사)'!D31+'원가계산서(동부지사)'!D31 -> 1433893000 | F31: 7 | G31: 총 계 | I31: ='원가계산서(서부지사)'!I31+'원가계산서(동부지사)'!I31 -> 1220675810 | K31: 7 | L31: 총 계 | N31: ='원가계산서(서부지사)'!N31+'원가계산서(동부지사)'!N31 -> 213217190
A32: ※ 제비율 적용기준 : 2026년도 건축·산업환경설비공사 원가계산
D34: 1433893000
D35: =D34/D31 -> 1
D38: =D34/1.1 -> 1.3035391e+09
D43: =D11/D31 -> 0.089174069

Sheet 원가계산서(서부지사)
A1: 공 사 원 가 계 산 서 | F1: 공 사 원 가 계 산 서 | K1: 공 사 원 가 계 산 서
A2: □ 2026년~2027년 양지사 열수송관 천공 및 부단수 공사(서부지사) 총차 | F2: □ 2026년~2027년 양지사 열수송관 천공 및 부단수 공사(서부지사) 1차 | K2: □ 2026년~2027년 양지사 열수송관 천공 및 부단수 공사(서부지사) 2차
E3: (단위:원) | J3: (단위:원) | O3: (단위:원)
A4: 구 분 | D4: 금 액 | E4: 비 고 | F4: 구 분 | I4: 금 액 | J4: 비 고 | K4: 구 분 | N4: 금 액 | O4: 비 고
A6: 1. 공 사 원 가 | B6: 가. 재료비 | C6: 1 ) 직접재료비 | D6: =I6+N6 -> 395567740 | F6: 1. 공 사 원 가 | G6: 가. 재료비 | H6: 1 ) 직접재료비 | I6: ='내역서(서부지사)-1차'!F6 -> 395567740 | K6: 1. 공 사 원 가 | L6: 가. 재료비 | M6: 1 ) 직접재료비 | N6: ='내역서(서부지사)-2차'!F6 -> 0
C7: 2 ) 간접재료비 | D7: =I7+N7 -> 0 | H7: 2 ) 간접재료비 | I7: 0 | M7: 2 ) 간접재료비 | N7: 0
C8: 소 계 | D8: =I8+N8 -> 395567740 | H8: 소 계 | I8: =I6+I7 -> 395567740 | M8: 소 계 | N8: =N6+N7 -> 0
B9: 나. 노무비 | C9: 1 ) 직접노무비 | D9: =I9+N9 -> 47809404 | G9: 나. 노무비 | H9: 1 ) 직접노무비 | I9: ='내역서(서부지사)-1차'!H6 -> 47809404 | L9: 나. 노무비 | M9: 1 ) 직접노무비 | N9: ='내역서(서부지사)-2차'!H6 -> 0
C10: 2 ) 간접노무비 | D10: =I10+N10 -> 7219220 | E10: ='원가계산서(양지사)'!E10 -> 나 1)의 15.1% | H10: 2 ) 간접노무비 | I10: =INT(I9*15.1%) -> 7219220 | J10: ='원가계산서(양지사)'!J10 -> 나 1)의 15.1% | M10: 2 ) 간접노무비 | N10: =INT(N9*15.1%) -> 0 | O10: ='원가계산서(양지사)'!O10 -> 나 1)의 15.1% | P10: 0.151
C11: 소 계 | D11: =I11+N11 -> 55028624 | H11: 소 계 | I11: =SUM(I9:I10) -> 55028624 | M11: 소 계 | N11: =SUM(N9:N10) -> 0
B12: 다. 경 비 | C12: 1 ) 기계경비 | D12: =I12+N12 -> 9537940 | G12: 다. 경 비 | H12: 1 ) 기계경비 | I12: ='내역서(서부지사)-1차'!J6 -> 9537940 | L12: 다. 경 비 | M12: 1 ) 기계경비 | N12: ='내역서(서부지사)-2차'!J6 -> 0
C13: 2 ) 산재보험료 | D13: =I13+N13 -> 1959019 | E13: ='원가계산서(양지사)'!E13 -> 나 ) 의 3.56% | H13: 2 ) 산재보험료 | I13: =INT(I11*3.56%) -> 1959019 | J13: ='원가계산서(양지사)'!J13 -> 나 ) 의 3.56% | M13: 2 ) 산재보험료 | N13: =INT(N11*3.56%) -> 0 | O13: ='원가계산서(양지사)'!O13 -> 나 ) 의 3.56% | P13: =3.56*0.01 -> 0.0356
C14: 3 ) 고용보험료 | D14: =I14+N14 -> 555789 | E14: ='원가계산서(양지사)'!E14 -> 나 ) 의 1.01% | H14: 3 ) 고용보험료 | I14: =INT(I11*1.01%) -> 555789 | J14: ='원가계산서(양지사)'!J14 -> 나 ) 의 1.01% | M14: 3 ) 고용보험료 | N14: =INT(N11*1.01%) -> 0 | O14: ='원가계산서(양지사)'!O14 -> 나 ) 의 1.01% | P14: =1.01*0.01 -> 0.0101
C15: 4 ) 건강보험료 | D15: =I15+N15 -> 1946511 | E15: ='원가계산서(양지사)'!E15 -> 나 1)의 3.595% | H15: 4 ) 건강보험료 | I15: 1946511 | J15: ='원가계산서(양지사)'!J15 -> 나 1)의 3.595% | M15: 4 ) 건강보험료 | N15: =INT(N9*3.595%) -> 0 | O15: ='원가계산서(양지사)'!O15 -> 나 1)의 3.595% | P15: =3.595*0.01 -> 0.03595 | R15: 2026년 신규 비율 반영 3.545% → 3.595%
C16: 5 ) 노인장기요양보험료 | D16: =I16+N16 -> 255771 | E16: ='원가계산서(양지사)'!E16 -> 다 4)의 13.14% | H16: 5 ) 노인장기요양보험료 | I16: 255771 | J16: ='원가계산서(양지사)'!J16 -> 다 4)의 13.14% | M16: 5 ) 노인장기요양보험료 | N16: =INT(N15*13.14%) -> 0 | O16: ='원가계산서(양지사)'!O16 -> 다 4)의 13.14% | P16: =13.14*0.01 -> 0.1314 | R16: 2026년 신규 비율 반영 12.95% → 13.14%
C17: 6 ) 연금보험료 | D17: =I17+N17 -> 2571886 | E17: ='원가계산서(양지사)'!E17 -> 나 1)의 4.75% | H17: 6 ) 연금보험료 | I17: 2571886 | J17: ='원가계산서(양지사)'!J17 -> 나 1)의 4.75% | M17: 6 ) 연금보험료 | N17: =INT(N9*4.75%) -> 0 | O17: ='원가계산서(양지사)'!O17 -> 나 1)의 4.75% | P17: =4.75*0.01 -> 0.0475 | R17: 2026년 신규 비율 반영 4.5% → 4.75%
C18: 7 ) 환경보전비 | D18: =I18+N18 -> 1358745 | E18: ='원가계산서(양지사)'!E18 -> (재+직노+기경)*0.3% | H18: 7 ) 환경보전비 | I18: =INT((I6+I9+I12)*0.3%) -> 1358745 | J18: ='원가계산서(양지사)'!J18 -> (재+직노+기경)*0.3% | M18: 7 ) 환경보전비 | N18: =INT((N6+N9+N12)*0.3%) -> 0 | O18: ='원가계산서(양지사)'!O18 -> (재+직노+기경)*0.3% | P18: =0.3*0.01 -> 0.003
C19: 8 ) 산업안전보건관리비 | D19: =I19+N19 -> 13344186 | E19: ='원가계산서(양지사)'!E19 -> 가+나1)의 2.28%+4,325천원 | H19: 8 ) 산업안전보건관리비 | I19: 13344186 | J19: ='원가계산서(양지사)'!J19 -> 가+나1)의 2.28%+4,325천원 | M19: 8 ) 산업안전보건관리비 | N19: =INT((N6+N9)*2.28%)+K37 -> 0 | O19: ='원가계산서(양지사)'!O19 -> 가+나1)의 2.28%+4,325천원
C20: 9 ) 퇴직공제부금비 | D20: =I20+N20 -> 1245334 | E20: ='원가계산서(양지사)'!E20 -> 나 1)의 2.3% | H20: 9 ) 퇴직공제부금비 | I20: 1245334 | J20: ='원가계산서(양지사)'!J20 -> 나 1)의 2.3% | M20: 9 ) 퇴직공제부금비 | N20: =INT(N9*2.3%) -> 0 | O20: ='원가계산서(양지사)'!O20 -> 나 1)의 2.3% | P20: =2.3*0.01 -> 0.023
C21: 10 ) 기타 경 비 | D21: =I21+N21 -> 22980414 | E21: ='원가계산서(양지사)'!E21 -> (가+나)의 5.1% | H21: 10 ) 기타 경 비 | I21: =INT((I6+I11)*5.1%) -> 22980414 | J21: ='원가계산서(양지사)'!J21 -> (가+나)의 5.1% | M21: 10 ) 기타 경 비 | N21: =INT((N6+N11)*5.1%) -> 0 | O21: ='원가계산서(양지사)'!O21 -> (가+나)의 5.1% | P21: =5.1*0.01 -> 0.051
C22: 11 ) 건설기계대여대금 지급보증액 발급 | D22: =I22+N22 -> 452915 | E22: ='원가계산서(양지사)'!E22 -> 가1)+나1)+다1)의 0.1% | H22: 11 ) 건설기계대여대금 지급보증액 발급 | I22: =INT((I6+I9+I12)*0.1%) -> 452915 | J22: ='원가계산서(양지사)'!J22 -> 가1)+나1)+다1)의 0.1% | M22: 11 ) 건설기계대여대금 지급보증액 발급 | N22: =INT((N6+N9+N12)*0.1%) -> 0 | O22: ='원가계산서(양지사)'!O22 -> 가1)+나1)+다1)의 0.1% | P22: =0.1*0.01 -> 0.001
C23: 12 ) 품질시험관리비 | D23: =I23+N23 -> 1412680 | H23: 12 ) 품질시험관리비 | I23: 1412680 | M23: 12 ) 품질시험관리비 | N23: =0 -> 0
C24: 소 계 | D24: =I24+N24 -> 57621190 | H24: 소 계 | I24: =SUM(I12:I23) -> 57621190 | M24: 소 계 | N24: =SUM(N12:N23) -> 0
B25: 계 | D25: =I25+N25 -> 508217554 | G25: 계 | I25: =I8+I11+I24 -> 508217554 | L25: 계 | N25: =N8+N11+N24 -> 0
A26: 2 | B26: 일 반 관 리 비 | D26: =I26+N26 -> 33034141 | E26: ='원가계산서(양지사)'!E26 -> 1 의 6.5% | F26: 2 | G26: 일 반 관 리 비 | I26: =INT(I25*6.5%) -> 33034141 | J26: =E26 -> 1 의 6.5% | K26: 2 | L26: 일 반 관 리 비 | N26: =INT(N25*6.5%) -> 0 | O26: =E26 -> 1 의 6.5% | P26: =6.5*0.01 -> 0.065
A27: 3 | B27: 이 윤 | D27: =I27+N27 -> 21852547 | E27: ='원가계산서(양지사)'!E27 -> 나+다+2의 15% | F27: 3 | G27: 이 윤 | I27: =INT((I11+I24+I26)*15%)-46 -> 21852547 | J27: 나+다+2의 15% | K27: 3 | L27: 이 윤 | N27: =INT((N11+N24+N26)*15%) -> 0 | O27: 나+다+2의 15% | P27: =15*0.01 -> 0.15
A28: 4 | B28: 고용개선지원비(PS단가) | D28: =I28+N28 -> 6759458 | F28: 4 | G28: 고용개선지원비(PS단가) | I28: 6759458 | K28: 4 | L28: 고용개선지원비(PS단가) | N28: 0 | R28: 11.9% → 14.2%(계약심사) → 14.5%(매뉴얼개정), 고용개선장려금 50% 적용
A29: 5 | B29: 합 계 | D29: =I29+N29 -> 569863700 | F29: 5 | G29: 합 계 | I29: =SUM(I25:I28) -> 569863700 | K29: 5 | L29: 합 계 | N29: =SUM(N25:N28) -> 0
A30: 6 | B30: 부 가 가 치 세 | D30: =I30+N30 -> 56986370 | E30: ='원가계산서(양지사)'!E30 -> 5의 10% | F30: 6 | G30: 부 가 가 치 세 | I30: =INT(I29*10%) -> 56986370 | J30: 5의 10% | K30: 6 | L30: 부 가 가 치 세 | N30: =INT(N29*10%) -> 0 | O30: 5의 10%
A31: 7 | B31: 총 계 | D31: =I31+N31 -> 626850070 | F31: 7 | G31: 총 계 | I31: =I29+I30 -> 626850070 | K31: 7 | L31: 총 계 | N31: =N29+N30 -> 0
A32: ※ 제비율 적용기준 : 2026년도 건축·산업환경설비공사 원가계산
I35: 재료비 + 경비 | J35: 비율 | K35: 기초액
H36: 서부1차 | I36: ='내역서(서부지사)-1차'!$F$6+'내역서(서부지사)-1차'!$H$6 -> 443377144 | J36: =I36/SUM($I$36:$I$39) -> 0.43828253 | K36: =ROUND(4325000*$J$36,0) -> 1895572
H37: 서부2차 | I37: ='내역서(서부지사)-2차'!$F$6+'내역서(서부지사)-2차'!$H$6 -> 0 | J37: =I37/SUM($I$36:$I$39) -> 0 | K37: =ROUND(4325000*$J$37,0) -> 0
H38: 동부1차 | I38: ='내역서(동부지사)-1차'!$F$6+'내역서(동부지사)-1차'!$H$6 -> 421960372 | J38: =I38/SUM($I$36:$I$39) -> 0.41711185 | K38: =ROUND(4325000*$J$38,0) -> 1804009
H39: 동부2차 | I39: ='내역서(동부지사)-2차'!$F$6+'내역서(동부지사)-2차'!$H$6 -> 146286520 | J39: =I39/SUM($I$36:$I$39) -> 0.14460562 | K39: =ROUND(4325000*$J$39,0) -> 625419
J41: 산업안전보건관리비 기초액 | K41: =SUM(K36:K39) -> 4325000

Sheet 내역서(서부지사)-0차
A1: 내역서
A2: 공 종 명 | B2: 규 격 | C2: 수량 | D2: 단위 | E2: 재 료 비 | G2: 노 무 비 | I2: 경 비 | K2: 합 계 | M2: 비 고
E3: 단 가 | F3: 금 액 | G3: 단 가 | H3: 금 액 | I3: 단 가 | J3: 금 액 | K3: 단 가 | L3: 금 액 | S3: 할 증 | T3: 화폐변환 | U3: OP값 | V3: EQ | W3: LA | X3: MA | Y3: 금액계상
A4: 공사비내역집계 | C4: 1 | D4: 식 | F4: =TRUNC(F5,0) -> #REF! | H4: =TRUNC(H5,0) -> #REF! | J4: =TRUNC(J5,0) -> #REF! | L4: =F4+H4+J4 -> #REF! | O4: A00
A5: 1.배관공사 | C5: 1 | D5: 식 | E5: =F9 -> #REF! | F5: =TRUNC(E5*C5,0) -> #REF! | G5: =H9 -> #REF! | H5: =TRUNC(G5*C5,0) -> #REF! | I5: =J9 -> #REF! | J5: =TRUNC(I5*C5,0) -> #REF! | K5: =E5+G5+I5 -> #REF! | L5: =F5+H5+J5 -> #REF! | P5: 5 | R5: A01 | BI5: =HYPERLINK("#내역서!A9","A01 →") -> A01 →
A6: >>총계 | F6: =TRUNC(F5,0) -> #REF! | H6: =TRUNC(H5,0) -> #REF! | J6: =TRUNC(J5,0) -> #REF! | K6: =E6+G6+I6 -> 0 | L6: =F6+H6+J6 -> #REF! | P6: 90
F7: 0 | H7: 0 | J7: 0 | K7: =E7+G7+I7 -> 0 | L7: =F7+H7+J7 -> 0 | P7: 100
A9: 1.배관공사 | C9: 1 | D9: 식 | F9: =F26 -> #REF! | H9: =H26 -> #REF! | J9: =J26 -> #REF! | L9: =F9+H9+J9 -> #REF! | O9: A01 | Z9: =#REF!+#REF!+#REF!+#REF!+#REF!+#REF!+#REF!+#REF!+#REF!+#REF!+#REF!+#REF!+#REF!+#REF!+#REF!+#REF!+#REF!+#REF!+#REF!+#REF!+#REF!+#REF!+#REF!+#REF!+#REF!+#REF!+#REF!+#REF!+#REF!+#REF!+#REF!+#REF!+#REF!+#REF!+#REF!+#REF!+#REF! -> #REF! | AA9: =#REF!+#REF!+#REF!+#REF!+#REF!+#REF!+#REF!+#REF!+#REF!+#REF!+#REF!+#REF!+#REF!+#REF!+#REF!+#REF!+#REF!+#REF!+#REF!+#REF!+#REF!+#REF!+#REF!+#REF!+#REF!+#REF!+#REF!+#REF!+#REF!+#REF!+#REF!+#REF!+#REF!+#REF!+#REF!+#REF!+#REF! -> #REF! | AB9: =#REF!+#REF!+#REF!+#REF!+#REF!+#REF!+#REF!+#REF!+#REF!+#REF!+#REF!+#REF!+#REF!+#REF!+#REF!+#REF!+#REF!+#REF!+#REF!+#REF!+#REF!+#REF!+#REF!+#REF!+#REF!+#REF!+#REF!+#REF!+#REF!+#REF!+#REF!+#REF!+#REF!+#REF!+#REF!+#REF!+#REF! -> #REF!
A10: 부단수 천공 | F10: 0 | H10: 0 | J10: 0 | K10: =E10+G10+I10 -> 0 | L10: =F10+H10+J10 -> 0 | P10: 8030
A11: 부단수 천공(차단) | B11: 100A | C11: =수량집계!#REF! -> #REF! | D11: 공 | E11: =일위대가목록!#REF! -> #REF! | F11: =TRUNC(E11*C11,0) -> #REF! | G11: =일위대가목록!#REF! -> #REF! | H11: =TRUNC(G11*C11,0) -> #REF! | I11: =일위대가목록!#REF! -> #REF! | J11: =TRUNC(I11*C11,0) -> #REF! | K11: =E11+G11+I11 -> #REF! | L11: =F11+H11+J11 -> #REF! | M11: No.706 | P11: 8190 | R11: SZD0001-100 | T11: T | BI11: =HYPERLINK("#일위대가목록!A608","SZD0001-100 →") -> SZD0001-100 →
A12: 부단수 천공(차단) | B12: 125A | C12: =수량집계!#REF! -> #REF! | D12: 공 | E12: =일위대가목록!#REF! -> #REF! | F12: =TRUNC(E12*C12,0) -> #REF! | G12: =일위대가목록!#REF! -> #REF! | H12: =TRUNC(G12*C12,0) -> #REF! | I12: =일위대가목록!#REF! -> #REF! | J12: =TRUNC(I12*C12,0) -> #REF! | K12: =E12+G12+I12 -> #REF! | L12: =F12+H12+J12 -> #REF! | M12: No.707 | P12: 8200 | R12: SZD0001-125 | T12: T | BI12: =HYPERLINK("#일위대가목록!A609","SZD0001-125 →") -> SZD0001-125 →
A13: 부단수 천공(차단) | B13: 150A | C13: =수량집계!#REF! -> #REF! | D13: 공 | E13: =일위대가목록!#REF! -> #REF! | F13: =TRUNC(E13*C13,0) -> #REF! | G13: =일위대가목록!#REF! -> #REF! | H13: =TRUNC(G13*C13,0) -> #REF! | I13: =일위대가목록!#REF! -> #REF! | J13: =TRUNC(I13*C13,0) -> #REF! | K13: =E13+G13+I13 -> #REF! | L13: =F13+H13+J13 -> #REF! | M13: No.708 | P13: 8210 | R13: SZD0001-150 | T13: T | BI13: =HYPERLINK("#일위대가목록!A610","SZD0001-150 →") -> SZD0001-150 →
A14: 부단수 천공(차단) | B14: 200A | C14: =수량집계!#REF! -> #REF! | D14: 공 | E14: =일위대가목록!#REF! -> #REF! | F14: =TRUNC(E14*C14,0) -> #REF! | G14: =일위대가목록!#REF! -> #REF! | H14: =TRUNC(G14*C14,0) -> #REF! | I14: =일위대가목록!#REF! -> #REF! | J14: =TRUNC(I14*C14,0) -> #REF! | K14: =E14+G14+I14 -> #REF! | L14: =F14+H14+J14 -> #REF! | M14: No.709 | P14: 8220 | R14: SZD0001-200 | T14: T | BI14: =HYPERLINK("#일위대가목록!A611","SZD0001-200 →") -> SZD0001-200 →
A15: 부단수 천공(차단) | B15: 250A | C15: =수량집계!#REF! -> #REF! | D15: 공 | E15: =일위대가목록!#REF! -> #REF! | F15: =TRUNC(E15*C15,0) -> #REF! | G15: =일위대가목록!#REF! -> #REF! | H15: =TRUNC(G15*C15,0) -> #REF! | I15: =일위대가목록!#REF! -> #REF! | J15: =TRUNC(I15*C15,0) -> #REF! | K15: =E15+G15+I15 -> #REF! | L15: =F15+H15+J15 -> #REF! | M15: No.710 | P15: 8230 | R15: SZD0001-250 | T15: T | BI15: =HYPERLINK("#일위대가목록!A612","SZD0001-250 →") -> SZD0001-250 →
A16: 부단수 천공(차단) | B16: 300A | C16: =수량집계!#REF! -> #REF! | D16: 공 | E16: =일위대가목록!F3 -> 10581357 | F16: =TRUNC(E16*C16,0) -> #REF! | G16: =일위대가목록!G3 -> 2096589 | H16: =TRUNC(G16*C16,0) -> #REF! | I16: =일위대가목록!H3 -> 699695 | J16: =TRUNC(I16*C16,0) -> #REF! | K16: =E16+G16+I16 -> 13377641 | L16: =F16+H16+J16 -> #REF! | M16: No.711 | P16: 8240 | R16: SZD0001-300 | T16: T | BI16: =HYPERLINK("#일위대가목록!A613","SZD0001-300 →") -> SZD0001-300 →
A17: 부단수 천공(차단) | B17: 350A | C17: =수량집계!#REF! -> #REF! | D17: 공 | E17: =일위대가목록!#REF! -> #REF! | F17: =TRUNC(E17*C17,0) -> #REF! | G17: =일위대가목록!#REF! -> #REF! | H17: =TRUNC(G17*C17,0) -> #REF! | I17: =일위대가목록!#REF! -> #REF! | J17: =TRUNC(I17*C17,0) -> #REF! | K17: =E17+G17+I17 -> #REF! | L17: =F17+H17+J17 -> #REF! | M17: No.712 | P17: 8250 | R17: SZD0001-350 | T17: T | BI17: =HYPERLINK("#일위대가목록!A614","SZD0001-350 →") -> SZD0001-350 →
A18: 부단수 천공(차단) | B18: 400A | C18: =수량집계!#REF! -> #REF! | D18: 공 | E18: =일위대가목록!#REF! -> #REF! | F18: =TRUNC(E18*C18,0) -> #REF! | G18: =일위대가목록!#REF! -> #REF! | H18: =TRUNC(G18*C18,0) -> #REF! | I18: =일위대가목록!#REF! -> #REF! | J18: =TRUNC(I18*C18,0) -> #REF! | K18: =E18+G18+I18 -> #REF! | L18: =F18+H18+J18 -> #REF! | M18: No.713 | P18: 8260 | R18: SZD0001-400 | T18: T | BI18: =HYPERLINK("#일위대가목록!A615","SZD0001-400 →") -> SZD0001-400 →
A19: 부단수 천공(차단) | B19: 450A | C19: =수량집계!#REF! -> #REF! | D19: 공 | E19: =일위대가목록!F4 -> 20995856 | F19: =TRUNC(E19*C19,0) -> #REF! | G19: =일위대가목록!G4 -> 2897828 | H19: =TRUNC(G19*C19,0) -> #REF! | I19: =일위대가목록!H4 -> 783296 | J19: =TRUNC(I19*C19,0) -> #REF! | K19: =E19+G19+I19 -> 24676980 | L19: =F19+H19+J19 -> #REF! | M19: No.714 | P19: 8270 | R19: SZD0001-450 | T19: T | BI19: =HYPERLINK("#일위대가목록!A616","SZD0001-450 →") -> SZD0001-450 →
A20: 부단수 천공(차단) | B20: 500A | C20: =수량집계!#REF! -> #REF! | D20: 공 | E20: =일위대가목록!#REF! -> #REF! | F20: =TRUNC(E20*C20,0) -> #REF! | G20: =일위대가목록!#REF! -> #REF! | H20: =TRUNC(G20*C20,0) -> #REF! | I20: =일위대가목록!#REF! -> #REF! | J20: =TRUNC(I20*C20,0) -> #REF! | K20: =E20+G20+I20 -> #REF! | L20: =F20+H20+J20 -> #REF! | M20: No.715 | P20: 8280 | R20: SZD0001-500 | T20: T | BI20: =HYPERLINK("#일위대가목록!A617","SZD0001-500 →") -> SZD0001-500 →
A21: 부단수 천공(차단) | B21: 550A | C21: =수량집계!#REF! -> #REF! | D21: 공 | E21: =일위대가목록!#REF! -> #REF! | F21: =TRUNC(E21*C21,0) -> #REF! | G21: =일위대가목록!#REF! -> #REF! | H21: =TRUNC(G21*C21,0) -> #REF! | I21: =일위대가목록!#REF! -> #REF! | J21: =TRUNC(I21*C21,0) -> #REF! | K21: =E21+G21+I21 -> #REF! | L21: =F21+H21+J21 -> #REF! | M21: No.716 | P21: 8290 | R21: SZD0001-550 | T21: T | BI21: =HYPERLINK("#일위대가목록!A618","SZD0001-550 →") -> SZD0001-550 →
A22: 부단수 천공(차단) | B22: 600A | C22: =수량집계!#REF! -> #REF! | D22: 공 | E22: =일위대가목록!F5 -> 32245254 | F22: =TRUNC(E22*C22,0) -> #REF! | G22: =일위대가목록!G5 -> 3903873 | H22: =TRUNC(G22*C22,0) -> #REF! | I22: =일위대가목록!H5 -> 794083 | J22: =TRUNC(I22*C22,0) -> #REF! | K22: =E22+G22+I22 -> 36943210 | L22: =F22+H22+J22 -> #REF! | M22: No.717 | P22: 8300 | R22: SZD0001-600 | T22: T | BI22: =HYPERLINK("#일위대가목록!A619","SZD0001-600 →") -> SZD0001-600 →
A23: 부단수 천공(차단) | B23: 650A | C23: =수량집계!#REF! -> #REF! | D23: 공 | E23: =일위대가목록!F6 -> 34401427 | F23: =TRUNC(E23*C23,0) -> #REF! | G23: =일위대가목록!G6 -> 4144605 | H23: =TRUNC(G23*C23,0) -> #REF! | I23: =일위대가목록!H6 -> 796319 | J23: =TRUNC(I23*C23,0) -> #REF! | K23: =E23+G23+I23 -> 39342351 | L23: =F23+H23+J23 -> #REF! | M23: No.718 | P23: 8310 | R23: SZD0001-650 | T23: T | BI23: =HYPERLINK("#일위대가목록!A620","SZD0001-650 →") -> SZD0001-650 →
A24: 부단수 천공(차단) | B24: 700A | C24: =수량집계!#REF! -> #REF! | D24: 공 | E24: =일위대가목록!F7 -> 38234376 | F24: =TRUNC(E24*C24,0) -> #REF! | G24: =일위대가목록!G7 -> 4376697 | H24: =TRUNC(G24*C24,0) -> #REF! | I24: =일위대가목록!H7 -> 841347 | J24: =TRUNC(I24*C24,0) -> #REF! | K24: =E24+G24+I24 -> 43452420 | L24: =F24+H24+J24 -> #REF! | M24: No.719 | P24: 8320 | R24: SZD0001-700 | T24: T | BI24: =HYPERLINK("#일위대가목록!A621","SZD0001-700 →") -> SZD0001-700 →
A25: 부단수 천공(차단) | B25: 750A | C25: =수량집계!#REF! -> #REF! | D25: 공 | E25: =일위대가목록!F8 -> 44056471 | F25: =TRUNC(E25*C25,0) -> #REF! | G25: =일위대가목록!G8 -> 4609505 | H25: =TRUNC(G25*C25,0) -> #REF! | I25: =일위대가목록!H8 -> 843446 | J25: =TRUNC(I25*C25,0) -> #REF! | K25: =E25+G25+I25 -> 49509422 | L25: =F25+H25+J25 -> #REF! | M25: No.720 | P25: 8330 | R25: SZD0001-750 | T25: T | BI25: =HYPERLINK("#일위대가목록!A622","SZD0001-750 →") -> SZD0001-750 →
A26: >계 | F26: =TRUNC(F25+F24+F23+F22+F21+F20+F19+F18+F17+F16+F15+F14+F13+F12+F11,0) -> #REF! | H26: =TRUNC(H25+H24+H23+H22+H21+H20+H19+H18+H17+H16+H15+H14+H13+H12+H11,0) -> #REF! | J26: =TRUNC(J25+J24+J23+J22+J21+J20+J19+J18+J17+J16+J15+J14+J13+J12+J11,0) -> #REF! | K26: =E26+G26+I26 -> 0 | L26: =F26+H26+J26 -> #REF! | P26: 8340
F27: 0 | H27: 0 | J27: 0 | K27: =E27+G27+I27 -> 0 | L27: =F27+H27+J27 -> 0 | P27: 8350
F28: 0 | H28: 0 | J28: 0 | K28: =E28+G28+I28 -> 0 | L28: =F28+H28+J28 -> 0 | P28: 14890
A29: <기량시험>
A30: 용접공기량시험 | C30: =5 -> 5 | D30: 인 | F30: =TRUNC(E30*C30,0) -> 0 | G30: =[2]노임!D5 -> 262551 | H30: =TRUNC(G30*C30,0) -> 1312755 | J30: =TRUNC(I30*C30,0) -> 0 | K30: =E30+G30+I30 -> 262551 | L30: =F30+H30+J30 -> 1312755 | P30: 14900

Sheet 내역서(서부지사)-1차
A1: 내역서
A2: 공 종 명 | B2: 규 격 | C2: 수량 | D2: 단위 | E2: 재 료 비 | G2: 노 무 비 | I2: 경 비 | K2: 합 계 | M2: 비 고
E3: 단 가 | F3: 금 액 | G3: 단 가 | H3: 금 액 | I3: 단 가 | J3: 금 액 | K3: 단 가 | L3: 금 액 | S3: 할 증 | T3: 화폐변환 | U3: OP값 | V3: EQ | W3: LA | X3: MA | Y3: 금액계상
A4: 공사비내역집계 | C4: 1 | D4: 식 | F4: =TRUNC(F5,0) -> 395567740 | H4: =TRUNC(H5,0) -> 47809404 | J4: =TRUNC(J5,0) -> 9537940 | L4: =F4+H4+J4 -> 452915084 | O4: A00
A5: 1.배관공사 | C5: 1 | D5: 식 | E5: =F9 -> 395567740 | F5: =TRUNC(E5*C5,0) -> 395567740 | G5: =H9 -> 47809404 | H5: =TRUNC(G5*C5,0) -> 47809404 | I5: =J9 -> 9537940 | J5: =TRUNC(I5*C5,0) -> 9537940 | K5: =E5+G5+I5 -> 452915084 | L5: =F5+H5+J5 -> 452915084 | P5: 5 | R5: A01 | BI5: =HYPERLINK("#내역서!A9","A01 →") -> A01 →
A6: >>총계 | F6: =TRUNC(F5,0) -> 395567740 | H6: =TRUNC(H5,0) -> 47809404 | J6: =TRUNC(J5,0) -> 9537940 | K6: =E6+G6+I6 -> 0 | L6: =F6+H6+J6 -> 452915084 | P6: 90
F7: 0 | H7: 0 | J7: 0 | K7: =E7+G7+I7 -> 0 | L7: =F7+H7+J7 -> 0 | P7: 100
A9: 1.배관공사 | C9: 1 | D9: 식 | F9: =F17 -> 395567740 | H9: =H17 -> 47809404 | J9: =J17 -> 9537940 | L9: =F9+H9+J9 -> 452915084 | O9: A01 | Z9: =#REF!+#REF!+#REF!+#REF!+#REF!+#REF!+#REF!+#REF!+#REF!+#REF!+#REF!+#REF!+#REF!+#REF!+#REF!+#REF!+#REF!+#REF!+#REF!+#REF!+#REF!+#REF!+#REF!+#REF!+#REF!+#REF!+#REF!+#REF!+#REF!+#REF!+#REF!+#REF!+#REF!+#REF!+#REF!+#REF!+#REF! -> #REF! | AA9: =#REF!+#REF!+#REF!+#REF!+#REF!+#REF!+#REF!+#REF!+#REF!+#REF!+#REF!+#REF!+#REF!+#REF!+#REF!+#REF!+#REF!+#REF!+#REF!+#REF!+#REF!+#REF!+#REF!+#REF!+#REF!+#REF!+#REF!+#REF!+#REF!+#REF!+#REF!+#REF!+#REF!+#REF!+#REF!+#REF!+#REF! -> #REF! | AB9: =#REF!+#REF!+#REF!+#REF!+#REF!+#REF!+#REF!+#REF!+#REF!+#REF!+#REF!+#REF!+#REF!+#REF!+#REF!+#REF!+#REF!+#REF!+#REF!+#REF!+#REF!+#REF!+#REF!+#REF!+#REF!+#REF!+#REF!+#REF!+#REF!+#REF!+#REF!+#REF!+#REF!+#REF!+#REF!+#REF!+#REF! -> #REF!
A10: 부단수 천공 | F10: 0 | H10: 0 | J10: 0 | K10: =E10+G10+I10 -> 0 | L10: =F10+H10+J10 -> 0 | P10: 8030
A11: 부단수 천공(차단) | B11: 300A | C11: =수량집계!C6 -> 0 | D11: 공 | E11: =일위대가목록!F3 -> 10581357 | F11: =TRUNC(E11*C11,0) -> 0 | G11: =일위대가목록!G3 -> 2096589 | H11: =TRUNC(G11*C11,0) -> 0 | I11: =일위대가목록!H3 -> 699695 | J11: =TRUNC(I11*C11,0) -> 0 | K11: =E11+G11+I11 -> 13377641 | L11: =F11+H11+J11 -> 0 | M11: No.711 | P11: 8240 | R11: SZD0001-300 | T11: T | BI11: =HYPERLINK("#일위대가목록!A613","SZD0001-300 →") -> SZD0001-300 →
A12: 부단수 천공(차단) | B12: 450A | C12: =수량집계!C7 -> 0 | D12: 공 | E12: =일위대가목록!F4 -> 20995856 | F12: =TRUNC(E12*C12,0) -> 0 | G12: =일위대가목록!G4 -> 2897828 | H12: =TRUNC(G12*C12,0) -> 0 | I12: =일위대가목록!H4 -> 783296 | J12: =TRUNC(I12*C12,0) -> 0 | K12: =E12+G12+I12 -> 24676980 | L12: =F12+H12+J12 -> 0 | M12: No.714 | P12: 8270 | R12: SZD0001-450 | T12: T | BI12: =HYPERLINK("#일위대가목록!A616","SZD0001-450 →") -> SZD0001-450 →
A13: 부단수 천공(차단) | B13: 600A | C13: =수량집계!C8 -> 8 | D13: 공 | E13: =일위대가목록!F5 -> 32245254 | F13: =TRUNC(E13*C13,0) -> 257962032 | G13: =일위대가목록!G5 -> 3903873 | H13: =TRUNC(G13*C13,0) -> 31230984 | I13: =일위대가목록!H5 -> 794083 | J13: =TRUNC(I13*C13,0) -> 6352664 | K13: =E13+G13+I13 -> 36943210 | L13: =F13+H13+J13 -> 295545680 | M13: No.717 | P13: 8300 | R13: SZD0001-600 | T13: T | BI13: =HYPERLINK("#일위대가목록!A619","SZD0001-600 →") -> SZD0001-600 →
A14: 부단수 천공(차단) | B14: 650A | C14: =수량집계!C9 -> 4 | D14: 공 | E14: =일위대가목록!F6 -> 34401427 | F14: =TRUNC(E14*C14,0) -> 137605708 | G14: =일위대가목록!G6 -> 4144605 | H14: =TRUNC(G14*C14,0) -> 16578420 | I14: =일위대가목록!H6 -> 796319 | J14: =TRUNC(I14*C14,0) -> 3185276 | K14: =E14+G14+I14 -> 39342351 | L14: =F14+H14+J14 -> 157369404 | M14: No.718 | P14: 8310 | R14: SZD0001-650 | T14: T | BI14: =HYPERLINK("#일위대가목록!A620","SZD0001-650 →") -> SZD0001-650 →
A15: 부단수 천공(차단) | B15: 700A | C15: =수량집계!C10 -> 0 | D15: 공 | E15: =일위대가목록!F7 -> 38234376 | F15: =TRUNC(E15*C15,0) -> 0 | G15: =일위대가목록!G7 -> 4376697 | H15: =TRUNC(G15*C15,0) -> 0 | I15: =일위대가목록!H7 -> 841347 | J15: =TRUNC(I15*C15,0) -> 0 | K15: =E15+G15+I15 -> 43452420 | L15: =F15+H15+J15 -> 0 | M15: No.719 | P15: 8320 | R15: SZD0001-700 | T15: T | BI15: =HYPERLINK("#일위대가목록!A621","SZD0001-700 →") -> SZD0001-700 →
A16: 부단수 천공(차단) | B16: 750A | C16: =수량집계!C11 -> 0 | D16: 공 | E16: =일위대가목록!F8 -> 44056471 | F16: =TRUNC(E16*C16,0) -> 0 | G16: =일위대가목록!G8 -> 4609505 | H16: =TRUNC(G16*C16,0) -> 0 | I16: =일위대가목록!H8 -> 843446 | J16: =TRUNC(I16*C16,0) -> 0 | K16: =E16+G16+I16 -> 49509422 | L16: =F16+H16+J16 -> 0 | M16: No.720 | P16: 8330 | R16: SZD0001-750 | T16: T | BI16: =HYPERLINK("#일위대가목록!A622","SZD0001-750 →") -> SZD0001-750 →
A17: >계 | F17: =TRUNC(F16+F15+F14+F13+F12+F11,0) -> 395567740 | H17: =TRUNC(H16+H15+H14+H13+H12+H11,0) -> 47809404 | J17: =TRUNC(J16+J15+J14+J13+J12+J11,0) -> 9537940 | L17: =TRUNC(L16+L15+L14+L13+L12+L11,0) -> 452915084 | P17: 8340
F18: 0 | H18: 0 | J18: 0 | K18: =E18+G18+I18 -> 0 | L18: =F18+H18+J18 -> 0 | P18: 8350
A19: <기량시험> | F19: 0 | H19: 0 | J19: 0 | K19: =E19+G19+I19 -> 0 | L19: =F19+H19+J19 -> 0 | P19: 14890
A20: 용접공기량시험 | C20: =5 -> 5 | D20: 인 | E20: =일위대가목록!F9 -> 0 | F20: =C20*E20 -> 0 | G20: =일위대가목록!G9 -> 249476 | H20: =C20*G20 -> 1247380 | I20: =일위대가목록!H9 -> 0 | J20: =C20*I20 -> 0 | K20: =E20+G20+I20 -> 249476 | L20: =F20+H20+J20 -> 1247380 | M20: No.806 | P20: 14900

Sheet 내역서(서부지사)-2차
A1: 내역서
A2: 공 종 명 | B2: 규 격 | C2: 수량 | D2: 단위 | E2: 재 료 비 | G2: 노 무 비 | I2: 경 비 | K2: 합 계 | M2: 비 고
E3: 단 가 | F3: 금 액 | G3: 단 가 | H3: 금 액 | I3: 단 가 | J3: 금 액 | K3: 단 가 | L3: 금 액 | S3: 할 증 | T3: 화폐변환 | U3: OP값 | V3: EQ | W3: LA | X3: MA | Y3: 금액계상
A4: 공사비내역집계 | C4: 1 | D4: 식 | F4: =TRUNC(F5,0) -> 0 | H4: =TRUNC(H5,0) -> 0 | J4: =TRUNC(J5,0) -> 0 | L4: =F4+H4+J4 -> 0 | O4: A00
A5: 1.배관공사 | C5: 1 | D5: 식 | E5: =F9 -> 0 | F5: =TRUNC(E5*C5,0) -> 0 | G5: =H9 -> 0 | H5: =TRUNC(G5*C5,0) -> 0 | I5: =J9 -> 0 | J5: =TRUNC(I5*C5,0) -> 0 | K5: =E5+G5+I5 -> 0 | L5: =F5+H5+J5 -> 0 | P5: 5 | R5: A01 | BI5: =HYPERLINK("#내역서!A9","A01 →") -> A01 →
A6: >>총계 | F6: =TRUNC(F5,0) -> 0 | H6: =TRUNC(H5,0) -> 0 | J6: =TRUNC(J5,0) -> 0 | K6: =E6+G6+I6 -> 0 | L6: =F6+H6+J6 -> 0 | P6: 90
P7: 100
A9: 1.배관공사 | C9: 1 | D9: 식 | F9: =F17 -> 0 | H9: =H17 -> 0 | J9: =J17 -> 0 | L9: =F9+H9+J9 -> 0 | O9: A01 | Z9: =#REF!+#REF!+#REF!+#REF!+#REF!+#REF!+#REF!+#REF!+#REF!+#REF!+#REF!+#REF!+#REF!+#REF!+#REF!+#REF!+#REF!+#REF!+#REF!+#REF!+#REF!+#REF!+#REF!+#REF!+#REF!+#REF!+#REF!+#REF!+#REF!+#REF!+#REF!+#REF!+#REF!+#REF!+#REF!+#REF!+#REF! -> #REF! | AA9: =#REF!+#REF!+#REF!+#REF!+#REF!+#REF!+#REF!+#REF!+#REF!+#REF!+#REF!+#REF!+#REF!+#REF!+#REF!+#REF!+#REF!+#REF!+#REF!+#REF!+#REF!+#REF!+#REF!+#REF!+#REF!+#REF!+#REF!+#REF!+#REF!+#REF!+#REF!+#REF!+#REF!+#REF!+#REF!+#REF!+#REF! -> #REF! | AB9: =#REF!+#REF!+#REF!+#REF!+#REF!+#REF!+#REF!+#REF!+#REF!+#REF!+#REF!+#REF!+#REF!+#REF!+#REF!+#REF!+#REF!+#REF!+#REF!+#REF!+#REF!+#REF!+#REF!+#REF!+#REF!+#REF!+#REF!+#REF!+#REF!+#REF!+#REF!+#REF!+#REF!+#REF!+#REF!+#REF!+#REF! -> #REF!
A10: 부단수 천공 | F10: 0 | H10: 0 | J10: 0 | K10: =E10+G10+I10 -> 0 | L10: =F10+H10+J10 -> 0 | P10: 8030
A11: 부단수 천공(차단) | B11: 300A | C11: =수량집계!D6 -> 0 | D11: 공 | E11: =일위대가목록!F3 -> 10581357 | F11: =TRUNC(E11*C11,0) -> 0 | G11: =일위대가목록!G3 -> 2096589 | H11: =TRUNC(G11*C11,0) -> 0 | I11: =일위대가목록!H3 -> 699695 | J11: =TRUNC(I11*C11,0) -> 0 | K11: =E11+G11+I11 -> 13377641 | L11: =F11+H11+J11 -> 0 | M11: No.711 | P11: 8240 | R11: SZD0001-300 | T11: T | BI11: =HYPERLINK("#일위대가목록!A613","SZD0001-300 →") -> SZD0001-300 →
A12: 부단수 천공(차단) | B12: 450A | C12: =수량집계!D7 -> 0 | D12: 공 | E12: =일위대가목록!F4 -> 20995856 | F12: =TRUNC(E12*C12,0) -> 0 | G12: =일위대가목록!G4 -> 2897828 | H12: =TRUNC(G12*C12,0) -> 0 | I12: =일위대가목록!H4 -> 783296 | J12: =TRUNC(I12*C12,0) -> 0 | K12: =E12+G12+I12 -> 24676980 | L12: =F12+H12+J12 -> 0 | M12: No.714 | P12: 8270 | R12: SZD0001-450 | T12: T | BI12: =HYPERLINK("#일위대가목록!A616","SZD0001-450 →") -> SZD0001-450 →
A13: 부단수 천공(차단) | B13: 600A | C13: =수량집계!D8 -> 0 | D13: 공 | E13: =일위대가목록!F5 -> 32245254 | F13: =TRUNC(E13*C13,0) -> 0 | G13: =일위대가목록!G5 -> 3903873 | H13: =TRUNC(G13*C13,0) -> 0 | I13: =일위대가목록!H5 -> 794083 | J13: =TRUNC(I13*C13,0) -> 0 | K13: =E13+G13+I13 -> 36943210 | L13: =F13+H13+J13 -> 0 | M13: No.717 | P13: 8300 | R13: SZD0001-600 | T13: T | BI13: =HYPERLINK("#일위대가목록!A619","SZD0001-600 →") -> SZD0001-600 →
A14: 부단수 천공(차단) | B14: 650A | C14: =수량집계!D9 -> 0 | D14: 공 | E14: =일위대가목록!F6 -> 34401427 | F14: =TRUNC(E14*C14,0) -> 0 | G14: =일위대가목록!G6 -> 4144605 | H14: =TRUNC(G14*C14,0) -> 0 | I14: =일위대가목록!H6 -> 796319 | J14: =TRUNC(I14*C14,0) -> 0 | K14: =E14+G14+I14 -> 39342351 | L14: =F14+H14+J14 -> 0 | M14: No.718 | P14: 8310 | R14: SZD0001-650 | T14: T | BI14: =HYPERLINK("#일위대가목록!A620","SZD0001-650 →") -> SZD0001-650 →
A15: 부단수 천공(차단) | B15: 700A | C15: =수량집계!D10 -> 0 | D15: 공 | E15: =일위대가목록!F7 -> 38234376 | F15: =TRUNC(E15*C15,0) -> 0 | G15: =일위대가목록!G7 -> 4376697 | H15: =TRUNC(G15*C15,0) -> 0 | I15: =일위대가목록!H7 -> 841347 | J15: =TRUNC(I15*C15,0) -> 0 | K15: =E15+G15+I15 -> 43452420 | L15: =F15+H15+J15 -> 0 | M15: No.719 | P15: 8320 | R15: SZD0001-700 | T15: T | BI15: =HYPERLINK("#일위대가목록!A621","SZD0001-700 →") -> SZD0001-700 →
A16: 부단수 천공(차단) | B16: 750A | C16: =수량집계!D11 -> 0 | D16: 공 | E16: =일위대가목록!F8 -> 44056471 | F16: =TRUNC(E16*C16,0) -> 0 | G16: =일위대가목록!G8 -> 4609505 | H16: =TRUNC(G16*C16,0) -> 0 | I16: =일위대가목록!H8 -> 843446 | J16: =TRUNC(I16*C16,0) -> 0 | K16: =E16+G16+I16 -> 49509422 | L16: =F16+H16+J16 -> 0 | M16: No.720 | P16: 8330 | R16: SZD0001-750 | T16: T | BI16: =HYPERLINK("#일위대가목록!A622","SZD0001-750 →") -> SZD0001-750 →
A17: >계 | F17: =TRUNC(F16+F15+F14+F13+F12+F11,0) -> 0 | H17: =TRUNC(H16+H15+H14+H13+H12+H11,0) -> 0 | J17: =TRUNC(J16+J15+J14+J13+J12+J11,0) -> 0 | L17: =F17+H17+J17 -> 0 | P17: 8340
F18: 0 | H18: 0 | J18: 0 | K18: =E18+G18+I18 -> 0 | L18: =F18+H18+J18 -> 0 | P18: 8350
F19: 0 | H19: 0 | J19: 0 | K19: =E19+G19+I19 -> 0 | L19: =F19+H19+J19 -> 0 | P19: 14890
F20: 0 | H20: 0 | J20: 0 | K20: =E20+G20+I20 -> 0 | L20: =F20+H20+J20 -> 0 | P20: 14900

Sheet 원가계산서(동부지사)
A1: 공 사 원 가 계 산 서 | F1: 공 사 원 가 계 산 서 | K1: 공 사 원 가 계 산 서
A2: □ 2026년~2027년 양지사 열수송관 천공 및 부단수 공사(동부지사) 총차 | F2: □ 2026년~2027년 양지사 열수송관 천공 및 부단수 공사(동부지사) 1차 | K2: □ 2026년~2027년 양지사 열수송관 천공 및 부단수 공사(동부지사) 2차
E3: (단위:원) | J3: (단위:원) | O3: (단위:원)
A4: 구 분 | D4: 금 액 | E4: 비 고 | F4: 구 분 | I4: 금 액 | J4: 비 고 | K4: 구 분 | N4: 금 액 | O4: 비 고
A6: 1. 공 사 원 가 | B6: 가. 재료비 | C6: 1 ) 직접재료비 | D6: =I6+N6 -> 504965006 | F6: 1. 공 사 원 가 | G6: 가. 재료비 | H6: 1 ) 직접재료비 | I6: ='내역서(동부지사)-1차'!F6 -> 378656154 | K6: 1. 공 사 원 가 | L6: 가. 재료비 | M6: 1 ) 직접재료비 | N6: ='내역서(동부지사)-2차'!F6 -> 126308852
C7: 2 ) 간접재료비 | D7: =I7+N7 -> 0 | H7: 2 ) 간접재료비 | I7: 0 | M7: 2 ) 간접재료비 | N7: =0 -> 0
C8: 소 계 | D8: =I8+N8 -> 504965006 | H8: 소 계 | I8: =I6+I7 -> 378656154 | M8: 소 계 | N8: =N6+N7 -> 126308852
B9: 나. 노무비 | C9: 1 ) 직접노무비 | D9: =I9+N9 -> 63281886 | G9: 나. 노무비 | H9: 1 ) 직접노무비 | I9: ='내역서(동부지사)-1차'!H6 -> 43304218 | L9: 나. 노무비 | M9: 1 ) 직접노무비 | N9: ='내역서(동부지사)-2차'!H6 -> 19977668
C10: 2 ) 간접노무비 | D10: =I10+N10 -> 9555563 | E10: ='원가계산서(양지사)'!E10 -> 나 1)의 15.1% | H10: 2 ) 간접노무비 | I10: =INT(I9*15.1%) -> 6538936 | J10: =E10 -> 나 1)의 15.1% | M10: 2 ) 간접노무비 | N10: =INT(N9*15.1%) -> 3016627 | O10: =E10 -> 나 1)의 15.1% | P10: 0.151
C11: 소 계 | D11: =I11+N11 -> 72837449 | H11: 소 계 | I11: =SUM(I9:I10) -> 49843154 | M11: 소 계 | N11: =SUM(N9:N10) -> 22994295 | O11: =E11 -> 0
B12: 다. 경 비 | C12: 1 ) 기계경비 | D12: =I12+N12 -> 14169520 | G12: 다. 경 비 | H12: 1 ) 기계경비 | I12: ='내역서(동부지사)-1차'!J6 -> 8237556 | L12: 다. 경 비 | M12: 1 ) 기계경비 | N12: ='내역서(동부지사)-2차'!J6 -> 5931964 | O12: =E12 -> 0
C13: 2 ) 산재보험료 | D13: =I13+N13 -> 2593012 | E13: ='원가계산서(양지사)'!E13 -> 나 ) 의 3.56% | H13: 2 ) 산재보험료 | I13: =INT(I11*3.56%) -> 1774416 | J13: =E13 -> 나 ) 의 3.56% | M13: 2 ) 산재보험료 | N13: =INT(N11*3.56%) -> 818596 | O13: =E13 -> 나 ) 의 3.56% | P13: =3.56*0.01 -> 0.0356
C14: 3 ) 고용보험료 | D14: =I14+N14 -> 735657 | E14: ='원가계산서(양지사)'!E14 -> 나 ) 의 1.01% | H14: 3 ) 고용보험료 | I14: =INT(I11*1.01%) -> 503415 | J14: =E14 -> 나 ) 의 1.01% | M14: 3 ) 고용보험료 | N14: =INT(N11*1.01%) -> 232242 | O14: =E14 -> 나 ) 의 1.01% | P14: =1.01*0.01 -> 0.0101
C15: 4 ) 건강보험료 | D15: =I15+N15 -> 2576457 | E15: ='원가계산서(양지사)'!E15 -> 나 1)의 3.595% | H15: 4 ) 건강보험료 | I15: 1763087 | J15: =E15 -> 나 1)의 3.595% | M15: 4 ) 건강보험료 | N15: 813370 | O15: =E15 -> 나 1)의 3.595% | P15: =3.545*0.01 -> 0.03545 | R15: 2026년 신규 비율 반영 3.545% → 3.595%
C16: 5 ) 노인장기요양보험료 | D16: =I16+N16 -> 338545 | E16: ='원가계산서(양지사)'!E16 -> 다 4)의 13.14% | H16: 5 ) 노인장기요양보험료 | I16: 231669 | J16: =E16 -> 다 4)의 13.14% | M16: 5 ) 노인장기요양보험료 | N16: 106876 | O16: =E16 -> 다 4)의 13.14% | P16: =12.95*0.01 -> 0.1295 | R16: 2026년 신규 비율 반영 12.95% → 13.14%
C17: 6 ) 연금보험료 | D17: =I17+N17 -> 3404220 | E17: ='원가계산서(양지사)'!E17 -> 나 1)의 4.75% | H17: 6 ) 연금보험료 | I17: 2329531 | J17: =E17 -> 나 1)의 4.75% | M17: 6 ) 연금보험료 | N17: 1074689 | O17: =E17 -> 나 1)의 4.75% | P17: =4.5*0.01 -> 0.045 | R17: 2026년 신규 비율 반영 4.5% → 4.75%
C18: 7 ) 환경보전비 | D18: =I18+N18 -> 1747248 | E18: ='원가계산서(양지사)'!E18 -> (재+직노+기경)*0.3% | H18: 7 ) 환경보전비 | I18: =INT((I6+I9+I12)*0.3%) -> 1290593 | J18: =E18 -> (재+직노+기경)*0.3% | M18: 7 ) 환경보전비 | N18: =INT((N6+N9+N12)*0.3%) -> 456655 | O18: =E18 -> (재+직노+기경)*0.3% | P18: =0.3*0.01 -> 0.003
C19: 8 ) 산업안전보건관리비 | D19: =I19+N19 -> 17102352 | E19: ='원가계산서(양지사)'!E19 -> 가+나1)의 2.28%+4,325천원 | H19: 8 ) 산업안전보건관리비 | I19: 12699612 | J19: =E19 -> 가+나1)의 2.28%+4,325천원 | M19: 8 ) 산업안전보건관리비 | N19: 4402740 | O19: =E19 -> 가+나1)의 2.28%+4,325천원
C20: 9 ) 퇴직공제부금비 | D20: =I20+N20 -> 1648359 | E20: ='원가계산서(양지사)'!E20 -> 나 1)의 2.3% | H20: 9 ) 퇴직공제부금비 | I20: 1127983 | J20: =E20 -> 나 1)의 2.3% | M20: 9 ) 퇴직공제부금비 | N20: 520376 | O20: =E20 -> 나 1)의 2.3% | P20: =2.3*0.01 -> 0.023
C21: 10 ) 기타 경 비 | D21: =I21+N21 -> 29467924 | E21: ='원가계산서(양지사)'!E21 -> (가+나)의 5.1% | H21: 10 ) 기타 경 비 | I21: =INT((I6+I11)*5.1%) -> 21853464 | J21: =E21 -> (가+나)의 5.1% | M21: 10 ) 기타 경 비 | N21: =INT((N6+N11)*5.1%) -> 7614460 | O21: =E21 -> (가+나)의 5.1% | P21: =5.1*0.01 -> 0.051
C22: 11 ) 건설기계대여대금 지급보증액 발급 | D22: =I22+N22 -> 582415 | E22: ='원가계산서(양지사)'!E22 -> 가1)+나1)+다1)의 0.1% | H22: 11 ) 건설기계대여대금 지급보증액 발급 | I22: =INT((I6+I9+I12)*0.1%) -> 430197 | J22: =E22 -> 가1)+나1)+다1)의 0.1% | M22: 11 ) 건설기계대여대금 지급보증액 발급 | N22: =INT((N6+N9+N12)*0.1%) -> 152218 | O22: =E22 -> 가1)+나1)+다1)의 0.1% | P22: =0.1*0.01 -> 0.001
C23: 12 ) 품질시험관리비 | D23: =I23+N23 -> 1412680 | H23: 12 ) 품질시험관리비 | I23: 1412680 | M23: 12 ) 품질시험관리비 | N23: 0
C24: 소 계 | D24: =I24+N24 -> 75778389 | H24: 소 계 | I24: =SUM(I12:I23) -> 53654203 | M24: 소 계 | N24: =SUM(N12:N23) -> 22124186
B25: 계 | D25: =I25+N25 -> 653580844 | G25: 계 | I25: =I8+I11+I24 -> 482153511 | L25: 계 | N25: =N8+N11+N24 -> 171427333
A26: 2 | B26: 일 반 관 리 비 | D26: =I26+N26 -> 42482754 | E26: ='원가계산서(양지사)'!E26 -> 1 의 6.5% | F26: 2 | G26: 일 반 관 리 비 | I26: =INT(I25*6.5%) -> 31339978 | J26: =E26 -> 1 의 6.5% | K26: 2 | L26: 일 반 관 리 비 | N26: =INT(N25*6.5%) -> 11142776 | O26: =E26 -> 1 의 6.5% | P26: 0.065
A27: 3 | B27: 이 윤 | D27: =I27+N27 -> 28664782 | E27: ='원가계산서(양지사)'!E27 -> 나+다+2의 15% | F27: 3 | G27: 이 윤 | I27: =INT((I11+I24+I26)*15%)-7 -> 20225593 | J27: =E27 -> 나+다+2의 15% | K27: 3 | L27: 이 윤 | N27: =INT((N11+N24+N26)*15%)+1 -> 8439189 | O27: =E27 -> 나+다+2의 15% | P27: =15*0.01 -> 0.15
A28: 4 | B28: 고용개선지원비(PS단가) | D28: =I28+N28 -> 8947011 | F28: 4 | G28: 고용개선지원비(PS단가) | I28: 6122500 | K28: 4 | L28: 고용개선지원비(PS단가) | N28: 2824511 | R28: 11.9% → 14.2%(계약심사) → 14.5%(매뉴얼개정), 고용개선장려금 50% 적용
A29: 5 | B29: 합 계 | D29: =I29+N29 -> 733675391 | F29: 5 | G29: 합 계 | I29: =SUM(I25:I28) -> 539841582 | K29: 5 | L29: 합 계 | N29: =SUM(N25:N28) -> 193833809
A30: 6 | B30: 부 가 가 치 세 | D30: =I30+N30 -> 73367539 | E30: ='원가계산서(양지사)'!E30 -> 5의 10% | F30: 6 | G30: 부 가 가 치 세 | I30: =INT(I29*10%) -> 53984158 | J30: =E30 -> 5의 10% | K30: 6 | L30: 부 가 가 치 세 | N30: =INT(N29*10%)+1 -> 19383381 | O30: =E30 -> 5의 10%
A31: 7 | B31: 총 계 | D31: =I31+N31 -> 807042930 | F31: 7 | G31: 총 계 | I31: =I29+I30 -> 593825740 | K31: 7 | L31: 총 계 | N31: =N29+N30 -> 213217190
A32: ※ 제비율 적용기준 : 2026년도 건축·산업환경설비공사 원가계산
I35: 재료비 + 경비 | J35: 비율 | K35: 기초액
H36: 서부1차 | I36: ='내역서(서부지사)-1차'!$F$6+'내역서(서부지사)-1차'!$H$6 -> 443377144 | J36: =I36/SUM($I$36:$I$39) -> 0.43828253 | K36: =ROUND(4325000*$J$36,0) -> 1895572
H37: 서부2차 | I37: ='내역서(서부지사)-2차'!$F$6+'내역서(서부지사)-2차'!$H$6 -> 0 | J37: =I37/SUM($I$36:$I$39) -> 0 | K37: =ROUND(4325000*$J$37,0) -> 0
H38: 동부1차 | I38: ='내역서(동부지사)-1차'!$F$6+'내역서(동부지사)-1차'!$H$6 -> 421960372 | J38: =I38/SUM($I$36:$I$39) -> 0.41711185 | K38: =ROUND(4325000*$J$38,0) -> 1804009
H39: 동부2차 | I39: ='내역서(동부지사)-2차'!$F$6+'내역서(동부지사)-2차'!$H$6 -> 146286520 | J39: =I39/SUM($I$36:$I$39) -> 0.14460562 | K39: =ROUND(4325000*$J$39,0) -> 625419
J41: 산업안전보건관리비 기초액 총계 | K41: =SUM(K36:K39) -> 4325000

Sheet 내역서(동부지사)-0차
A1: 내역서
A2: 공 종 명 | B2: 규 격 | C2: 수량 | D2: 단위 | E2: 재 료 비 | G2: 노 무 비 | I2: 경 비 | K2: 합 계 | M2: 비 고
E3: 단 가 | F3: 금 액 | G3: 단 가 | H3: 금 액 | I3: 단 가 | J3: 금 액 | K3: 단 가 | L3: 금 액 | S3: 할 증 | T3: 화폐변환 | U3: OP값 | V3: EQ | W3: LA | X3: MA | Y3: 금액계상
A4: 공사비내역집계 | C4: 1 | D4: 식 | F4: =TRUNC(F5,0) -> #REF! | H4: =TRUNC(H5,0) -> #REF! | J4: =TRUNC(J5,0) -> #REF! | L4: =F4+H4+J4 -> #REF! | O4: A00
A5: 1.배관공사 | C5: 1 | D5: 식 | E5: =F9 -> #REF! | F5: =TRUNC(E5*C5,0) -> #REF! | G5: =H9 -> #REF! | H5: =TRUNC(G5*C5,0) -> #REF! | I5: =J9 -> #REF! | J5: =TRUNC(I5*C5,0) -> #REF! | K5: =E5+G5+I5 -> #REF! | L5: =F5+H5+J5 -> #REF! | P5: 5 | R5: A01 | BI5: =HYPERLINK("#내역서!A9","A01 →") -> A01 →
A6: >>총계 | F6: =TRUNC(F5,0) -> #REF! | H6: =TRUNC(H5,0) -> #REF! | J6: =TRUNC(J5,0) -> #REF! | K6: =E6+G6+I6 -> 0 | L6: =F6+H6+J6 -> #REF! | P6: 90
F7: 0 | H7: 0 | J7: 0 | K7: =E7+G7+I7 -> 0 | L7: =F7+H7+J7 -> 0 | P7: 100
A9: 1.배관공사 | C9: 1 | D9: 식 | F9: =F26 -> #REF! | H9: =H26 -> #REF! | J9: =J26 -> #REF! | L9: =F9+H9+J9 -> #REF! | O9: A01 | Z9: =#REF!+#REF!+#REF!+#REF!+#REF!+#REF!+#REF!+#REF!+#REF!+#REF!+#REF!+#REF!+#REF!+#REF!+#REF!+#REF!+#REF!+#REF!+#REF!+#REF!+#REF!+#REF!+#REF!+#REF!+#REF!+#REF!+#REF!+#REF!+#REF!+#REF!+#REF!+#REF!+#REF!+#REF!+#REF!+#REF!+#REF! -> #REF! | AA9: =#REF!+#REF!+#REF!+#REF!+#REF!+#REF!+#REF!+#REF!+#REF!+#REF!+#REF!+#REF!+#REF!+#REF!+#REF!+#REF!+#REF!+#REF!+#REF!+#REF!+#REF!+#REF!+#REF!+#REF!+#REF!+#REF!+#REF!+#REF!+#REF!+#REF!+#REF!+#REF!+#REF!+#REF!+#REF!+#REF!+#REF! -> #REF! | AB9: =#REF!+#REF!+#REF!+#REF!+#REF!+#REF!+#REF!+#REF!+#REF!+#REF!+#REF!+#REF!+#REF!+#REF!+#REF!+#REF!+#REF!+#REF!+#REF!+#REF!+#REF!+#REF!+#REF!+#REF!+#REF!+#REF!+#REF!+#REF!+#REF!+#REF!+#REF!+#REF!+#REF!+#REF!+#REF!+#REF!+#REF! -> #REF!
A10: 부단수 천공 | F10: 0 | H10: 0 | J10: 0 | K10: =E10+G10+I10 -> 0 | L10: =F10+H10+J10 -> 0 | P10: 8030
A11: 부단수 천공(차단) | B11: 100A | C11: =수량집계!#REF! -> #REF! | D11: 공 | E11: =일위대가목록!#REF! -> #REF! | F11: =TRUNC(E11*C11,0) -> #REF! | G11: =일위대가목록!#REF! -> #REF! | H11: =TRUNC(G11*C11,0) -> #REF! | I11: =일위대가목록!#REF! -> #REF! | J11: =TRUNC(I11*C11,0) -> #REF! | K11: =E11+G11+I11 -> #REF! | L11: =F11+H11+J11 -> #REF! | M11: No.706 | P11: 8190 | R11: SZD0001-100 | T11: T | BI11: =HYPERLINK("#일위대가목록!A608","SZD0001-100 →") -> SZD0001-100 →
A12: 부단수 천공(차단) | B12: 125A | C12: =수량집계!#REF! -> #REF! | D12: 공 | E12: =일위대가목록!#REF! -> #REF! | F12: =TRUNC(E12*C12,0) -> #REF! | G12: =일위대가목록!#REF! -> #REF! | H12: =TRUNC(G12*C12,0) -> #REF! | I12: =일위대가목록!#REF! -> #REF! | J12: =TRUNC(I12*C12,0) -> #REF! | K12: =E12+G12+I12 -> #REF! | L12: =F12+H12+J12 -> #REF! | M12: No.707 | P12: 8200 | R12: SZD0001-125 | T12: T | BI12: =HYPERLINK("#일위대가목록!A609","SZD0001-125 →") -> SZD0001-125 →
A13: 부단수 천공(차단) | B13: 150A | C13: =수량집계!#REF! -> #REF! | D13: 공 | E13: =일위대가목록!#REF! -> #REF! | F13: =TRUNC(E13*C13,0) -> #REF! | G13: =일위대가목록!#REF! -> #REF! | H13: =TRUNC(G13*C13,0) -> #REF! | I13: =일위대가목록!#REF! -> #REF! | J13: =TRUNC(I13*C13,0) -> #REF! | K13: =E13+G13+I13 -> #REF! | L13: =F13+H13+J13 -> #REF! | M13: No.708 | P13: 8210 | R13: SZD0001-150 | T13: T | BI13: =HYPERLINK("#일위대가목록!A610","SZD0001-150 →") -> SZD0001-150 →
A14: 부단수 천공(차단) | B14: 200A | C14: =수량집계!#REF! -> #REF! | D14: 공 | E14: =일위대가목록!#REF! -> #REF! | F14: =TRUNC(E14*C14,0) -> #REF! | G14: =일위대가목록!#REF! -> #REF! | H14: =TRUNC(G14*C14,0) -> #REF! | I14: =일위대가목록!#REF! -> #REF! | J14: =TRUNC(I14*C14,0) -> #REF! | K14: =E14+G14+I14 -> #REF! | L14: =F14+H14+J14 -> #REF! | M14: No.709 | P14: 8220 | R14: SZD0001-200 | T14: T | BI14: =HYPERLINK("#일위대가목록!A611","SZD0001-200 →") -> SZD0001-200 →
A15: 부단수 천공(차단) | B15: 250A | C15: =수량집계!#REF! -> #REF! | D15: 공 | E15: =일위대가목록!#REF! -> #REF! | F15: =TRUNC(E15*C15,0) -> #REF! | G15: =일위대가목록!#REF! -> #REF! | H15: =TRUNC(G15*C15,0) -> #REF! | I15: =일위대가목록!#REF! -> #REF! | J15: =TRUNC(I15*C15,0) -> #REF! | K15: =E15+G15+I15 -> #REF! | L15: =F15+H15+J15 -> #REF! | M15: No.710 | P15: 8230 | R15: SZD0001-250 | T15: T | BI15: =HYPERLINK("#일위대가목록!A612","SZD0001-250 →") -> SZD0001-250 →
A16: 부단수 천공(차단) | B16: 300A | C16: =수량집계!#REF! -> #REF! | D16: 공 | E16: =일위대가목록!F3 -> 10581357 | F16: =TRUNC(E16*C16,0) -> #REF! | G16: =일위대가목록!G3 -> 2096589 | H16: =TRUNC(G16*C16,0) -> #REF! | I16: =일위대가목록!H3 -> 699695 | J16: =TRUNC(I16*C16,0) -> #REF! | K16: =E16+G16+I16 -> 13377641 | L16: =F16+H16+J16 -> #REF! | M16: No.711 | P16: 8240 | R16: SZD0001-300 | T16: T | BI16: =HYPERLINK("#일위대가목록!A613","SZD0001-300 →") -> SZD0001-300 →
A17: 부단수 천공(차단) | B17: 350A | C17: =수량집계!#REF! -> #REF! | D17: 공 | E17: =일위대가목록!#REF! -> #REF! | F17: =TRUNC(E17*C17,0) -> #REF! | G17: =일위대가목록!#REF! -> #REF! | H17: =TRUNC(G17*C17,0) -> #REF! | I17: =일위대가목록!#REF! -> #REF! | J17: =TRUNC(I17*C17,0) -> #REF! | K17: =E17+G17+I17 -> #REF! | L17: =F17+H17+J17 -> #REF! | M17: No.712 | P17: 8250 | R17: SZD0001-350 | T17: T | BI17: =HYPERLINK("#일위대가목록!A614","SZD0001-350 →") -> SZD0001-350 →
A18: 부단수 천공(차단) | B18: 400A | C18: =수량집계!#REF! -> #REF! | D18: 공 | E18: =일위대가목록!#REF! -> #REF! | F18: =TRUNC(E18*C18,0) -> #REF! | G18: =일위대가목록!#REF! -> #REF! | H18: =TRUNC(G18*C18,0) -> #REF! | I18: =일위대가목록!#REF! -> #REF! | J18: =TRUNC(I18*C18,0) -> #REF! | K18: =E18+G18+I18 -> #REF! | L18: =F18+H18+J18 -> #REF! | M18: No.713 | P18: 8260 | R18: SZD0001-400 | T18: T | BI18: =HYPERLINK("#일위대가목록!A615","SZD0001-400 →") -> SZD0001-400 →
A19: 부단수 천공(차단) | B19: 450A | C19: =수량집계!#REF! -> #REF! | D19: 공 | E19: =일위대가목록!F4 -> 20995856 | F19: =TRUNC(E19*C19,0) -> #REF! | G19: =일위대가목록!G4 -> 2897828 | H19: =TRUNC(G19*C19,0) -> #REF! | I19: =일위대가목록!H4 -> 783296 | J19: =TRUNC(I19*C19,0) -> #REF! | K19: =E19+G19+I19 -> 24676980 | L19: =F19+H19+J19 -> #REF! | M19: No.714 | P19: 8270 | R19: SZD0001-450 | T19: T | BI19: =HYPERLINK("#일위대가목록!A616","SZD0001-450 →") -> SZD0001-450 →
A20: 부단수 천공(차단) | B20: 500A | C20: =수량집계!#REF! -> #REF! | D20: 공 | E20: =일위대가목록!#REF! -> #REF! | F20: =TRUNC(E20*C20,0) -> #REF! | G20: =일위대가목록!#REF! -> #REF! | H20: =TRUNC(G20*C20,0) -> #REF! | I20: =일위대가목록!#REF! -> #REF! | J20: =TRUNC(I20*C20,0) -> #REF! | K20: =E20+G20+I20 -> #REF! | L20: =F20+H20+J20 -> #REF! | M20: No.715 | P20: 8280 | R20: SZD0001-500 | T20: T | BI20: =HYPERLINK("#일위대가목록!A617","SZD0001-500 →") -> SZD0001-500 →
A21: 부단수 천공(차단) | B21: 550A | C21: =수량집계!#REF! -> #REF! | D21: 공 | E21: =일위대가목록!#REF! -> #REF! | F21: =TRUNC(E21*C21,0) -> #REF! | G21: =일위대가목록!#REF! -> #REF! | H21: =TRUNC(G21*C21,0) -> #REF! | I21: =일위대가목록!#REF! -> #REF! | J21: =TRUNC(I21*C21,0) -> #REF! | K21: =E21+G21+I21 -> #REF! | L21: =F21+H21+J21 -> #REF! | M21: No.716 | P21: 8290 | R21: SZD0001-550 | T21: T | BI21: =HYPERLINK("#일위대가목록!A618","SZD0001-550 →") -> SZD0001-550 →
A22: 부단수 천공(차단) | B22: 600A | C22: =수량집계!#REF! -> #REF! | D22: 공 | E22: =일위대가목록!F5 -> 32245254 | F22: =TRUNC(E22*C22,0) -> #REF! | G22: =일위대가목록!G5 -> 3903873 | H22: =TRUNC(G22*C22,0) -> #REF! | I22: =일위대가목록!H5 -> 794083 | J22: =TRUNC(I22*C22,0) -> #REF! | K22: =E22+G22+I22 -> 36943210 | L22: =F22+H22+J22 -> #REF! | M22: No.717 | P22: 8300 | R22: SZD0001-600 | T22: T | BI22: =HYPERLINK("#일위대가목록!A619","SZD0001-600 →") -> SZD0001-600 →
A23: 부단수 천공(차단) | B23: 650A | C23: =수량집계!#REF! -> #REF! | D23: 공 | E23: =일위대가목록!F6 -> 34401427 | F23: =TRUNC(E23*C23,0) -> #REF! | G23: =일위대가목록!G6 -> 4144605 | H23: =TRUNC(G23*C23,0) -> #REF! | I23: =일위대가목록!H6 -> 796319 | J23: =TRUNC(I23*C23,0) -> #REF! | K23: =E23+G23+I23 -> 39342351 | L23: =F23+H23+J23 -> #REF! | M23: No.718 | P23: 8310 | R23: SZD0001-650 | T23: T | BI23: =HYPERLINK("#일위대가목록!A620","SZD0001-650 →") -> SZD0001-650 →
A24: 부단수 천공(차단) | B24: 700A | C24: =수량집계!#REF! -> #REF! | D24: 공 | E24: =일위대가목록!F7 -> 38234376 | F24: =TRUNC(E24*C24,0) -> #REF! | G24: =일위대가목록!G7 -> 4376697 | H24: =TRUNC(G24*C24,0) -> #REF! | I24: =일위대가목록!H7 -> 841347 | J24: =TRUNC(I24*C24,0) -> #REF! | K24: =E24+G24+I24 -> 43452420 | L24: =F24+H24+J24 -> #REF! | M24: No.719 | P24: 8320 | R24: SZD0001-700 | T24: T | BI24: =HYPERLINK("#일위대가목록!A621","SZD0001-700 →") -> SZD0001-700 →
A25: 부단수 천공(차단) | B25: 750A | C25: =수량집계!#REF! -> #REF! | D25: 공 | E25: =일위대가목록!F8 -> 44056471 | F25: =TRUNC(E25*C25,0) -> #REF! | G25: =일위대가목록!G8 -> 4609505 | H25: =TRUNC(G25*C25,0) -> #REF! | I25: =일위대가목록!H8 -> 843446 | J25: =TRUNC(I25*C25,0) -> #REF! | K25: =E25+G25+I25 -> 49509422 | L25: =F25+H25+J25 -> #REF! | M25: No.720 | P25: 8330 | R25: SZD0001-750 | T25: T | BI25: =HYPERLINK("#일위대가목록!A622","SZD0001-750 →") -> SZD0001-750 →
A26: >계 | F26: =TRUNC(F25+F24+F23+F22+F21+F20+F19+F18+F17+F16+F15+F14+F13+F12+F11,0) -> #REF! | H26: =TRUNC(H25+H24+H23+H22+H21+H20+H19+H18+H17+H16+H15+H14+H13+H12+H11,0) -> #REF! | J26: =TRUNC(J25+J24+J23+J22+J21+J20+J19+J18+J17+J16+J15+J14+J13+J12+J11,0) -> #REF! | K26: =E26+G26+I26 -> 0 | L26: =F26+H26+J26 -> #REF! | P26: 8340
F27: 0 | H27: 0 | J27: 0 | K27: =E27+G27+I27 -> 0 | L27: =F27+H27+J27 -> 0 | P27: 8350
F28: 0 | H28: 0 | J28: 0 | K28: =E28+G28+I28 -> 0 | L28: =F28+H28+J28 -> 0 | P28: 14890
A29: <기량시험>
A30: 용접공기량시험 | C30: =0 -> 0 | D30: 인 | F30: =TRUNC(E30*C30,0) -> 0 | G30: =[2]노임!D5 -> 262551 | H30: =TRUNC(G30*C30,0) -> 0 | J30: =TRUNC(I30*C30,0) -> 0 | K30: =E30+G30+I30 -> 262551 | L30: =F30+H30+J30 -> 0 | P30: 14900

Sheet 내역서(동부지사)-1차
A1: 내역서
A2: 공 종 명 | B2: 규 격 | C2: 수량 | D2: 단위 | E2: 재 료 비 | G2: 노 무 비 | I2: 경 비 | K2: 합 계 | M2: 비 고
E3: 단 가 | F3: 금 액 | G3: 단 가 | H3: 금 액 | I3: 단 가 | J3: 금 액 | K3: 단 가 | L3: 금 액 | S3: 할 증 | T3: 화폐변환 | U3: OP값 | V3: EQ | W3: LA | X3: MA | Y3: 금액계상
A4: 공사비내역집계 | C4: 1 | D4: 식 | F4: =TRUNC(F5,0) -> 378656154 | H4: =TRUNC(H5,0) -> 43304218 | J4: =TRUNC(J5,0) -> 8237556 | L4: =F4+H4+J4 -> 430197928 | O4: A00
A5: 1.배관공사 | C5: 1 | D5: 식 | E5: =F9 -> 378656154 | F5: =TRUNC(E5*C5,0) -> 378656154 | G5: =H9 -> 43304218 | H5: =TRUNC(G5*C5,0) -> 43304218 | I5: =J9 -> 8237556 | J5: =TRUNC(I5*C5,0) -> 8237556 | K5: =E5+G5+I5 -> 430197928 | L5: =F5+H5+J5 -> 430197928 | P5: 5 | R5: A01 | BI5: =HYPERLINK("#내역서!A9","A01 →") -> A01 →
A6: >>총계 | F6: =TRUNC(F5,0) -> 378656154 | H6: =TRUNC(H5,0) -> 43304218 | J6: =TRUNC(J5,0) -> 8237556 | K6: =E6+G6+I6 -> 0 | L6: =F6+H6+J6 -> 430197928 | P6: 90
F7: 0 | H7: 0 | J7: 0 | K7: =E7+G7+I7 -> 0 | L7: =F7+H7+J7 -> 0 | P7: 100
A9: 1.배관공사 | C9: 1 | D9: 식 | F9: =F17 -> 378656154 | H9: =H17 -> 43304218 | J9: =J17 -> 8237556 | L9: =F9+H9+J9 -> 430197928 | O9: A01 | Z9: =#REF!+#REF!+#REF!+#REF!+#REF!+#REF!+#REF!+#REF!+#REF!+#REF!+#REF!+#REF!+#REF!+#REF!+#REF!+#REF!+#REF!+#REF!+#REF!+#REF!+#REF!+#REF!+#REF!+#REF!+#REF!+#REF!+#REF!+#REF!+#REF!+#REF!+#REF!+#REF!+#REF!+#REF!+#REF!+#REF!+#REF! -> #REF! | AA9: =#REF!+#REF!+#REF!+#REF!+#REF!+#REF!+#REF!+#REF!+#REF!+#REF!+#REF!+#REF!+#REF!+#REF!+#REF!+#REF!+#REF!+#REF!+#REF!+#REF!+#REF!+#REF!+#REF!+#REF!+#REF!+#REF!+#REF!+#REF!+#REF!+#REF!+#REF!+#REF!+#REF!+#REF!+#REF!+#REF!+#REF! -> #REF! | AB9: =#REF!+#REF!+#REF!+#REF!+#REF!+#REF!+#REF!+#REF!+#REF!+#REF!+#REF!+#REF!+#REF!+#REF!+#REF!+#REF!+#REF!+#REF!+#REF!+#REF!+#REF!+#REF!+#REF!+#REF!+#REF!+#REF!+#REF!+#REF!+#REF!+#REF!+#REF!+#REF!+#REF!+#REF!+#REF!+#REF!+#REF! -> #REF!
A10: 부단수 천공 | F10: 0 | H10: 0 | J10: 0 | K10: =E10+G10+I10 -> 0 | L10: =F10+H10+J10 -> 0 | P10: 8030
A11: 부단수 천공(차단) | B11: 300A | C11: =수량집계!F6 -> 0 | D11: 공 | E11: =일위대가목록!F3 -> 10581357 | F11: =TRUNC(E11*C11,0) -> 0 | G11: =일위대가목록!G3 -> 2096589 | H11: =TRUNC(G11*C11,0) -> 0 | I11: =일위대가목록!H3 -> 699695 | J11: =TRUNC(I11*C11,0) -> 0 | K11: =E11+G11+I11 -> 13377641 | L11: =F11+H11+J11 -> 0 | M11: No.711 | P11: 8240 | R11: SZD0001-300 | T11: T | BI11: =HYPERLINK("#일위대가목록!A613","SZD0001-300 →") -> SZD0001-300 →
A12: 부단수 천공(차단) | B12: 450A | C12: =수량집계!F7 -> 0 | D12: 공 | E12: =일위대가목록!F4 -> 20995856 | F12: =TRUNC(E12*C12,0) -> 0 | G12: =일위대가목록!G4 -> 2897828 | H12: =TRUNC(G12*C12,0) -> 0 | I12: =일위대가목록!H4 -> 783296 | J12: =TRUNC(I12*C12,0) -> 0 | K12: =E12+G12+I12 -> 24676980 | L12: =F12+H12+J12 -> 0 | M12: No.714 | P12: 8270 | R12: SZD0001-450 | T12: T | BI12: =HYPERLINK("#일위대가목록!A616","SZD0001-450 →") -> SZD0001-450 →
A13: 부단수 천공(차단) | B13: 600A | C13: =수량집계!F8 -> 0 | D13: 공 | E13: =일위대가목록!F5 -> 32245254 | F13: =TRUNC(E13*C13,0) -> 0 | G13: =일위대가목록!G5 -> 3903873 | H13: =TRUNC(G13*C13,0) -> 0 | I13: =일위대가목록!H5 -> 794083 | J13: =TRUNC(I13*C13,0) -> 0 | K13: =E13+G13+I13 -> 36943210 | L13: =F13+H13+J13 -> 0 | M13: No.717 | P13: 8300 | R13: SZD0001-600 | T13: T | BI13: =HYPERLINK("#일위대가목록!A619","SZD0001-600 →") -> SZD0001-600 →
A14: 부단수 천공(차단) | B14: 650A | C14: =수량집계!F9 -> 4 | D14: 공 | E14: =일위대가목록!F6 -> 34401427 | F14: =TRUNC(E14*C14,0) -> 137605708 | G14: =일위대가목록!G6 -> 4144605 | H14: =TRUNC(G14*C14,0) -> 16578420 | I14: =일위대가목록!H6 -> 796319 | J14: =TRUNC(I14*C14,0) -> 3185276 | K14: =E14+G14+I14 -> 39342351 | L14: =F14+H14+J14 -> 157369404 | M14: No.718 | P14: 8310 | R14: SZD0001-650 | T14: T | BI14: =HYPERLINK("#일위대가목록!A620","SZD0001-650 →") -> SZD0001-650 →
A15: 부단수 천공(차단) | B15: 700A | C15: =수량집계!F10 -> 4 | D15: 공 | E15: =일위대가목록!F7 -> 38234376 | F15: =TRUNC(E15*C15,0) -> 152937504 | G15: =일위대가목록!G7 -> 4376697 | H15: =TRUNC(G15*C15,0) -> 17506788 | I15: =일위대가목록!H7 -> 841347 | J15: =TRUNC(I15*C15,0) -> 3365388 | K15: =E15+G15+I15 -> 43452420 | L15: =F15+H15+J15 -> 173809680 | M15: No.719 | P15: 8320 | R15: SZD0001-700 | T15: T | BI15: =HYPERLINK("#일위대가목록!A621","SZD0001-700 →") -> SZD0001-700 →
A16: 부단수 천공(차단) | B16: 750A | C16: =수량집계!F11 -> 2 | D16: 공 | E16: =일위대가목록!F8 -> 44056471 | F16: =TRUNC(E16*C16,0) -> 88112942 | G16: =일위대가목록!G8 -> 4609505 | H16: =TRUNC(G16*C16,0) -> 9219010 | I16: =일위대가목록!H8 -> 843446 | J16: =TRUNC(I16*C16,0) -> 1686892 | K16: =E16+G16+I16 -> 49509422 | L16: =F16+H16+J16 -> 99018844 | M16: No.720 | P16: 8330 | R16: SZD0001-750 | T16: T | BI16: =HYPERLINK("#일위대가목록!A622","SZD0001-750 →") -> SZD0001-750 →
A17: >계 | F17: =TRUNC(F16+F15+F14+F13+F12+F11,0) -> 378656154 | H17: =TRUNC(H16+H15+H14+H13+H12+H11,0) -> 43304218 | J17: =TRUNC(J16+J15+J14+J13+J12+J11,0) -> 8237556 | L17: =TRUNC(L16+L15+L14+L13+L12+L11,0) -> 430197928 | P17: 8340
F18: 0 | H18: 0 | J18: 0 | K18: =E18+G18+I18 -> 0 | L18: =F18+H18+J18 -> 0 | P18: 8350
A19: <기량시험> | F19: 0 | H19: 0 | J19: 0 | K19: =E19+G19+I19 -> 0 | L19: =F19+H19+J19 -> 0 | P19: 14890
A20: 용접공기량시험 | C20: =5 -> 5 | D20: 인 | E20: =일위대가목록!F9 -> 0 | F20: =C20*E20 -> 0 | G20: =일위대가목록!G9 -> 249476 | H20: =C20*G20 -> 1247380 | I20: =일위대가목록!H9 -> 0 | J20: =C20*I20 -> 0 | K20: =E20+G20+I20 -> 249476 | L20: =F20+H20+J20 -> 1247380 | M20: No.806 | P20: 14900

Sheet 내역서(동부지사)-2차
A1: 내역서
A2: 공 종 명 | B2: 규 격 | C2: 수량 | D2: 단위 | E2: 재 료 비 | G2: 노 무 비 | I2: 경 비 | K2: 합 계 | M2: 비 고
E3: 단 가 | F3: 금 액 | G3: 단 가 | H3: 금 액 | I3: 단 가 | J3: 금 액 | K3: 단 가 | L3: 금 액 | S3: 할 증 | T3: 화폐변환 | U3: OP값 | V3: EQ | W3: LA | X3: MA | Y3: 금액계상
A4: 공사비내역집계 | C4: 1 | D4: 식 | F4: =TRUNC(F5,0) -> 126308852 | H4: =TRUNC(H5,0) -> 19977668 | J4: =TRUNC(J5,0) -> 5931964 | L4: =F4+H4+J4 -> 152218484 | O4: A00
A5: 1.배관공사 | C5: 1 | D5: 식 | E5: =F9 -> 126308852 | F5: =TRUNC(E5*C5,0) -> 126308852 | G5: =H9 -> 19977668 | H5: =TRUNC(G5*C5,0) -> 19977668 | I5: =J9 -> 5931964 | J5: =TRUNC(I5*C5,0) -> 5931964 | K5: =E5+G5+I5 -> 152218484 | L5: =F5+H5+J5 -> 152218484 | P5: 5 | R5: A01 | BI5: =HYPERLINK("#내역서!A9","A01 →") -> A01 →
A6: >>총계 | F6: =TRUNC(F5,0) -> 126308852 | H6: =TRUNC(H5,0) -> 19977668 | J6: =TRUNC(J5,0) -> 5931964 | K6: =E6+G6+I6 -> 0 | L6: =F6+H6+J6 -> 152218484 | P6: 90
F7: 0 | H7: 0 | J7: 0 | K7: =E7+G7+I7 -> 0 | L7: =F7+H7+J7 -> 0 | P7: 100
A9: 1.배관공사 | C9: 1 | D9: 식 | F9: =F17 -> 126308852 | H9: =H17 -> 19977668 | J9: =J17 -> 5931964 | L9: =F9+H9+J9 -> 152218484 | O9: A01 | Z9: =#REF!+#REF!+#REF!+#REF!+#REF!+#REF!+#REF!+#REF!+#REF!+#REF!+#REF!+#REF!+#REF!+#REF!+#REF!+#REF!+#REF!+#REF!+#REF!+#REF!+#REF!+#REF!+#REF!+#REF!+#REF!+#REF!+#REF!+#REF!+#REF!+#REF!+#REF!+#REF!+#REF!+#REF!+#REF!+#REF!+#REF! -> #REF! | AA9: =#REF!+#REF!+#REF!+#REF!+#REF!+#REF!+#REF!+#REF!+#REF!+#REF!+#REF!+#REF!+#REF!+#REF!+#REF!+#REF!+#REF!+#REF!+#REF!+#REF!+#REF!+#REF!+#REF!+#REF!+#REF!+#REF!+#REF!+#REF!+#REF!+#REF!+#REF!+#REF!+#REF!+#REF!+#REF!+#REF!+#REF! -> #REF! | AB9: =#REF!+#REF!+#REF!+#REF!+#REF!+#REF!+#REF!+#REF!+#REF!+#REF!+#REF!+#REF!+#REF!+#REF!+#REF!+#REF!+#REF!+#REF!+#REF!+#REF!+#REF!+#REF!+#REF!+#REF!+#REF!+#REF!+#REF!+#REF!+#REF!+#REF!+#REF!+#REF!+#REF!+#REF!+#REF!+#REF!+#REF! -> #REF!
A10: 부단수 천공 | F10: 0 | H10: 0 | J10: 0 | K10: =E10+G10+I10 -> 0 | L10: =F10+H10+J10 -> 0 | P10: 8030
A11: 부단수 천공(차단) | B11: 300A | C11: =수량집계!G6 -> 4 | D11: 공 | E11: =일위대가목록!F3 -> 10581357 | F11: =TRUNC(E11*C11,0) -> 42325428 | G11: =일위대가목록!G3 -> 2096589 | H11: =TRUNC(G11*C11,0) -> 8386356 | I11: =일위대가목록!H3 -> 699695 | J11: =TRUNC(I11*C11,0) -> 2798780 | K11: =E11+G11+I11 -> 13377641 | L11: =F11+H11+J11 -> 53510564 | M11: No.711 | P11: 8240 | R11: SZD0001-300 | T11: T | BI11: =HYPERLINK("#일위대가목록!A613","SZD0001-300 →") -> SZD0001-300 →
A12: 부단수 천공(차단) | B12: 450A | C12: =수량집계!G7 -> 4 | D12: 공 | E12: =일위대가목록!F4 -> 20995856 | F12: =TRUNC(E12*C12,0) -> 83983424 | G12: =일위대가목록!G4 -> 2897828 | H12: =TRUNC(G12*C12,0) -> 11591312 | I12: =일위대가목록!H4 -> 783296 | J12: =TRUNC(I12*C12,0) -> 3133184 | K12: =E12+G12+I12 -> 24676980 | L12: =F12+H12+J12 -> 98707920 | M12: No.714 | P12: 8270 | R12: SZD0001-450 | T12: T | BI12: =HYPERLINK("#일위대가목록!A616","SZD0001-450 →") -> SZD0001-450 →
A13: 부단수 천공(차단) | B13: 600A | C13: =수량집계!G8 -> 0 | D13: 공 | E13: =일위대가목록!F5 -> 32245254 | F13: =TRUNC(E13*C13,0) -> 0 | G13: =일위대가목록!G5 -> 3903873 | H13: =TRUNC(G13*C13,0) -> 0 | I13: =일위대가목록!H5 -> 794083 | J13: =TRUNC(I13*C13,0) -> 0 | K13: =E13+G13+I13 -> 36943210 | L13: =F13+H13+J13 -> 0 | M13: No.717 | P13: 8300 | R13: SZD0001-600 | T13: T | BI13: =HYPERLINK("#일위대가목록!A619","SZD0001-600 →") -> SZD0001-600 →
A14: 부단수 천공(차단) | B14: 650A | C14: =수량집계!G9 -> 0 | D14: 공 | E14: =일위대가목록!F6 -> 34401427 | F14: =TRUNC(E14*C14,0) -> 0 | G14: =일위대가목록!G6 -> 4144605 | H14: =TRUNC(G14*C14,0) -> 0 | I14: =일위대가목록!H6 -> 796319 | J14: =TRUNC(I14*C14,0) -> 0 | K14: =E14+G14+I14 -> 39342351 | L14: =F14+H14+J14 -> 0 | M14: No.718 | P14: 8310 | R14: SZD0001-650 | T14: T | BI14: =HYPERLINK("#일위대가목록!A620","SZD0001-650 →") -> SZD0001-650 →
A15: 부단수 천공(차단) | B15: 700A | C15: =수량집계!G10 -> 0 | D15: 공 | E15: =일위대가목록!F7 -> 38234376 | F15: =TRUNC(E15*C15,0) -> 0 | G15: =일위대가목록!G7 -> 4376697 | H15: =TRUNC(G15*C15,0) -> 0 | I15: =일위대가목록!H7 -> 841347 | J15: =TRUNC(I15*C15,0) -> 0 | K15: =E15+G15+I15 -> 43452420 | L15: =F15+H15+J15 -> 0 | M15: No.719 | P15: 8320 | R15: SZD0001-700 | T15: T | BI15: =HYPERLINK("#일위대가목록!A621","SZD0001-700 →") -> SZD0001-700 →
A16: 부단수 천공(차단) | B16: 750A | C16: =수량집계!G11 -> 0 | D16: 공 | E16: =일위대가목록!F8 -> 44056471 | F16: =TRUNC(E16*C16,0) -> 0 | G16: =일위대가목록!G8 -> 4609505 | H16: =TRUNC(G16*C16,0) -> 0 | I16: =일위대가목록!H8 -> 843446 | J16: =TRUNC(I16*C16,0) -> 0 | K16: =E16+G16+I16 -> 49509422 | L16: =F16+H16+J16 -> 0 | M16: No.720 | P16: 8330 | R16: SZD0001-750 | T16: T | BI16: =HYPERLINK("#일위대가목록!A622","SZD0001-750 →") -> SZD0001-750 →
A17: >계 | F17: =TRUNC(F16+F15+F14+F13+F12+F11,0) -> 126308852 | H17: =TRUNC(H16+H15+H14+H13+H12+H11,0) -> 19977668 | J17: =TRUNC(J16+J15+J14+J13+J12+J11,0) -> 5931964 | L17: =TRUNC(L16+L15+L14+L13+L12+L11,0) -> 152218484 | P17: 8340
F18: 0 | H18: 0 | J18: 0 | K18: =E18+G18+I18 -> 0 | L18: =F18+H18+J18 -> 0 | P18: 8350
F19: 0 | H19: 0 | J19: 0 | K19: =E19+G19+I19 -> 0 | L19: =F19+H19+J19 -> 0 | P19: 14890
F20: 0 | H20: 0 | J20: 0 | K20: =E20+G20+I20 -> 0 | L20: =F20+H20+J20 -> 0 | P20: 14900

Sheet 수량집계
A1: 내역서
A2: 공 종 명 | B2: 규 격 | C2: 서부지사 | F2: 동부지사 | I2: 26 총계 | J2: 27 총계 | K2: 26~27 총계 | L2: 단위
C3: 26 서부 | D3: 27 서부 | E3: 합계 | F3: 26 동부 | G3: 27 동부 | H3: 합계
A5: 1.배관공사
A6: 부단수 천공(차단) | B6: 300A | C6: =0 -> 0 | D6: =0 -> 0 | E6: =C6+D6 -> 0 | F6: =0 -> 0 | G6: =4 -> 4 | H6: =F6+G6 -> 4 | I6: =C6+F6 -> 0 | J6: =D6+G6 -> 4 | K6: =E6+H6 -> 4 | L6: 공 | N6: 13377641 | O6: =N6*K6 -> 53510564
A7: 부단수 천공(차단) | B7: 450A | C7: =0 -> 0 | D7: =0 -> 0 | E7: =C7+D7 -> 0 | F7: =0 -> 0 | G7: =4 -> 4 | H7: =F7+G7 -> 4 | I7: =C7+F7 -> 0 | J7: =D7+G7 -> 4 | K7: =E7+H7 -> 4 | L7: 공 | N7: 24676980 | O7: =N7*K7 -> 98707920
A8: 부단수 천공(차단) | B8: 600A | C8: =8 -> 8 | D8: =0 -> 0 | E8: =C8+D8 -> 8 | F8: =0 -> 0 | G8: =0 -> 0 | H8: =F8+G8 -> 0 | I8: =C8+F8 -> 8 | J8: =D8+G8 -> 0 | K8: =E8+H8 -> 8 | L8: 공 | N8: 36943210 | O8: =N8*K8 -> 295545680
A9: 부단수 천공(차단) | B9: 650A | C9: =4 -> 4 | D9: =0 -> 0 | E9: =C9+D9 -> 4 | F9: =4 -> 4 | H9: =F9+G9 -> 4 | I9: =C9+F9 -> 8 | J9: =D9+G9 -> 0 | K9: =E9+H9 -> 8 | L9: 공 | N9: 39342351 | O9: =N9*K9 -> 314738808
A10: 부단수 천공(차단) | B10: 700A | C10: =0 -> 0 | D10: =0 -> 0 | E10: =C10+D10 -> 0 | F10: =4 -> 4 | G10: =0 -> 0 | H10: =F10+G10 -> 4 | I10: =C10+F10 -> 4 | J10: =D10+G10 -> 0 | K10: =E10+H10 -> 4 | L10: 공 | N10: 43452420 | O10: =N10*K10 -> 173809680
A11: 부단수 천공(차단) | B11: 750A | C11: =0 -> 0 | D11: =0 -> 0 | E11: =C11+D11 -> 0 | F11: =2 -> 2 | G11: =0 -> 0 | H11: =F11+G11 -> 2 | I11: =C11+F11 -> 2 | J11: =D11+G11 -> 0 | K11: =E11+H11 -> 2 | L11: 공 | N11: 49509422 | O11: =N11*K11 -> 99018844
A12: >계 | C12: =SUM(C6:C11) -> 12 | D12: =SUM(D6:D11) -> 0 | E12: =SUM(E6:E11) -> 12 | F12: =SUM(F6:F11) -> 10 | G12: =SUM(G6:G11) -> 8 | H12: =SUM(H6:H11) -> 18 | I12: =SUM(I6:I11) -> 22 | J12: =SUM(J6:J11) -> 8 | K12: =SUM(K6:K11) -> 30 | L12: 공 | O12: =SUM(O6:O11) -> 1035331496

Sheet 내역서
A1: 내역서
A2: 공 종 명 | B2: 규 격 | C2: 수량 | D2: 단위 | E2: 재 료 비 | G2: 노 무 비 | I2: 경 비 | K2: 합 계 | M2: 비 고
E3: 단 가 | F3: 금 액 | G3: 단 가 | H3: 금 액 | I3: 단 가 | J3: 금 액 | K3: 단 가 | L3: 금 액 | S3: 할 증 | T3: 화폐변환 | U3: OP값 | V3: EQ | W3: LA | X3: MA | Y3: 금액계상
A4: 공사비내역집계 | C4: 1 | D4: 식 | F4: =TRUNC(F5,0) -> #REF! | H4: =TRUNC(H5,0) -> #REF! | J4: =TRUNC(J5,0) -> #REF! | L4: =F4+H4+J4 -> #REF! | O4: A00
A5: 1.배관공사 | C5: 1 | D5: 식 | E5: =F9 -> #REF! | F5: =TRUNC(E5*C5,0) -> #REF! | G5: =H9 -> #REF! | H5: =TRUNC(G5*C5,0) -> #REF! | I5: =J9 -> #REF! | J5: =TRUNC(I5*C5,0) -> #REF! | K5: =E5+G5+I5 -> #REF! | L5: =F5+H5+J5 -> #REF! | P5: 5 | R5: A01 | BI5: =HYPERLINK("#내역서!A9","A01 →") -> A01 →
A6: 총계 | F6: =TRUNC(F5,0) -> #REF! | H6: =TRUNC(H5,0) -> #REF! | J6: =TRUNC(J5,0) -> #REF! | K6: =E6+G6+I6 -> 0 | L6: =F6+H6+J6 -> #REF! | P6: 90
F7: 0 | H7: 0 | J7: 0 | K7: =E7+G7+I7 -> 0 | L7: =F7+H7+J7 -> 0 | P7: 100
A9: 1.배관공사 | C9: 1 | D9: 식 | F9: =TRUNC(SUM(Z9:Z57),0) -> #REF! | H9: =TRUNC(SUM(AA9:AA57),0) -> #REF! | J9: =TRUNC(SUM(AB9:AB57),0) -> #REF! | L9: =F9+H9+J9 -> #REF! | O9: A01 | Z9: =F12+F13+F14+F15+F16+F17+F18+F19+F20+F21+F22+F23+F24+F25+F26+F27+F28+F29+F30+F31+F32+F33+F34+F35+F36+F37+F38+F39+F40+F41+F42+F43+F47+F48+F49+F50+F51 -> #REF! | AA9: =H12+H13+H14+H15+H16+H17+H18+H19+H20+H21+H22+H23+H24+H25+H26+H27+H28+H29+H30+H31+H32+H33+H34+H35+H36+H37+H38+H39+H40+H41+H42+H43+H47+H48+H49+H50+H51 -> #REF! | AB9: =J12+J13+J14+J15+J16+J17+J18+J19+J20+J21+J22+J23+J24+J25+J26+J27+J28+J29+J30+J31+J32+J33+J34+J35+J36+J37+J38+J39+J40+J41+J42+J43+J47+J48+J49+J50+J51 -> #REF!
A10: <배관설치> | D10: 식 | F10: 0 | H10: 0 | J10: 0 | K10: =E10+G10+I10 -> 0 | L10: =F10+H10+J10 -> 0 | P10: 2260 | Z10: =F52+F53+F54+F55+F56+F57+F58+F59+F60+F61+F62+F63+F64+F65+F66+F67+F68+F69+F70+F71+F72+F73+F74+F75+F76+F77+F78+F79+F80+F81+F82+F83+F84+F85+F86+F90+F91 -> #REF! | AA10: =H52+H53+H54+H55+H56+H57+H58+H59+H60+H61+H62+H63+H64+H65+H66+H67+H68+H69+H70+H71+H72+H73+H74+H75+H76+H77+H78+H79+H80+H81+H82+H83+H84+H85+H86+H90+H91 -> #REF! | AB10: =J52+J53+J54+J55+J56+J57+J58+J59+J60+J61+J62+J63+J64+J65+J66+J67+J68+J69+J70+J71+J72+J73+J74+J75+J76+J77+J78+J79+J80+J81+J82+J83+J84+J85+J86+J90+J91 -> #REF!
A11: PL BALL VAVLE 설치 | F11: 0 | H11: 0 | J11: 0 | K11: =E11+G11+I11 -> 0 | L11: =F11+H11+J11 -> 0 | P11: 2270 | Z11: =F92+F93+F94+F95+F96+F97+F98+F99+F100+F101+F102+F103+F104+F105+F106+F107+F108+F109+F110+F111+F115+F116+F117+F118+F119+F120+F121+F122+F123+F124+F125 -> #REF! | AA11: =H92+H93+H94+H95+H96+H97+H98+H99+H100+H101+H102+H103+H104+H105+H106+H107+H108+H109+H110+H111+H115+H116+H117+H118+H119+H120+H121+H122+H123+H124+H125 -> #REF! | AB11: =J92+J93+J94+J95+J96+J97+J98+J99+J100+J101+J102+J103+J104+J105+J106+J107+J108+J109+J110+J111+J115+J116+J117+J118+J119+J120+J121+J122+J123+J124+J125 -> #REF!
A12: PL BALL VAVLE 설치 | B12: 750A (관경 800mm 준용) | C12: 1 | D12: EA | E12: =일위대가목록!#REF! -> #REF! | F12: =TRUNC(E12*C12,0) -> #REF! | G12: =일위대가목록!#REF! -> #REF! | H12: =TRUNC(G12*C12,0) -> #REF! | I12: =일위대가목록!#REF! -> #REF! | J12: =TRUNC(I12*C12,0) -> #REF! | K12: =E12+G12+I12 -> #REF! | L12: =F12+H12+J12 -> #REF! | P12: 2280 | R12: SC0608W750 | T12: T | Z12: =F126+F127+F128+F129+F130+F131+F132+F133+F134+F135+F136+F137+F138+F139+F140+F141+F142+F143+F144+F145+F146+F147+F148+F149+F150+F151+F152+F153+F154+F155 -> #REF! | AA12: =H126+H127+H128+H129+H130+H131+H132+H133+H134+H135+H136+H137+H138+H139+H140+H141+H142+H143+H144+H145+H146+H147+H148+H149+H150+H151+H152+H153+H154+H155 -> #REF! | AB12: =J126+J127+J128+J129+J130+J131+J132+J133+J134+J135+J136+J137+J138+J139+J140+J141+J142+J143+J144+J145+J146+J147+J148+J149+J150+J151+J152+J153+J154+J155 -> #REF! | BI12: =HYPERLINK("#일위대가목록!A80","SC0608W750 →") -> SC0608W750 →
A13: PL BALL VAVLE 설치(야간) | B13: 750A (관경 800mm 준용) | C13: 1 | D13: EA | E13: =일위대가목록!#REF! -> #REF! | F13: =TRUNC(E13*C13,0) -> #REF! | G13: =일위대가목록!#REF! -> #REF! | H13: =TRUNC(G13*C13,0) -> #REF! | I13: =일위대가목록!#REF! -> #REF! | J13: =TRUNC(I13*C13,0) -> #REF! | K13: =E13+G13+I13 -> #REF! | L13: =F13+H13+J13 -> #REF! | P13: 2290 | R13: SC0608W750YA | T13: T | Z13: =F156+F157+F158+F162+F163+F164+F165+F166+F167+F168+F169+F170+F171+F172+F173+F174+F175+F176+F177+F178+F179+F180+F181+F182+F183+F184+F185+F186+F187+F188 -> #REF! | AA13: =H156+H157+H158+H162+H163+H164+H165+H166+H167+H168+H169+H170+H171+H172+H173+H174+H175+H176+H177+H178+H179+H180+H181+H182+H183+H184+H185+H186+H187+H188 -> #REF! | AB13: =J156+J157+J158+J162+J163+J164+J165+J166+J167+J168+J169+J170+J171+J172+J173+J174+J175+J176+J177+J178+J179+J180+J181+J182+J183+J184+J185+J186+J187+J188 -> #REF! | BI13: =HYPERLINK("#일위대가목록!A81","SC0608W750YA →") -> SC0608W750YA →
A14: PL BALL VAVLE 설치 | B14: 700A | C14: 1 | D14: EA | E14: =일위대가목록!#REF! -> #REF! | F14: =TRUNC(E14*C14,0) -> #REF! | G14: =일위대가목록!#REF! -> #REF! | H14: =TRUNC(G14*C14,0) -> #REF! | I14: =일위대가목록!#REF! -> #REF! | J14: =TRUNC(I14*C14,0) -> #REF! | K14: =E14+G14+I14 -> #REF! | L14: =F14+H14+J14 -> #REF! | P14: 2300 | R14: SC0608W700 | T14: T | Z14: =F189+F190+F191+F192+F193+F194+F195+F196+F197+F198+F199+F200+F201+F202+F203+F204+F205+F209+F210+F211+F212+F213+F214+F215+F216+F217+F218+F219+F220+F221 -> #REF! | AA14: =H189+H190+H191+H192+H193+H194+H195+H196+H197+H198+H199+H200+H201+H202+H203+H204+H205+H209+H210+H211+H212+H213+H214+H215+H216+H217+H218+H219+H220+H221 -> #REF! | AB14: =J189+J190+J191+J192+J193+J194+J195+J196+J197+J198+J199+J200+J201+J202+J203+J204+J205+J209+J210+J211+J212+J213+J214+J215+J216+J217+J218+J219+J220+J221 -> #REF! | BI14: =HYPERLINK("#일위대가목록!A82","SC0608W700 →") -> SC0608W700 →
A15: PL BALL VAVLE 설치(야간) | B15: 700A | C15: 1 | D15: EA | E15: =일위대가목록!#REF! -> #REF! | F15: =TRUNC(E15*C15,0) -> #REF! | G15: =일위대가목록!#REF! -> #REF! | H15: =TRUNC(G15*C15,0) -> #REF! | I15: =일위대가목록!#REF! -> #REF! | J15: =TRUNC(I15*C15,0) -> #REF! | K15: =E15+G15+I15 -> #REF! | L15: =F15+H15+J15 -> #REF! | P15: 2310 | R15: SC0608W700YA | T15: T | Z15: =F222+F223+F224+F225+F226+F227+F228+F229+F230+F231+F232+F233+F234+F235+F236+F237+F238+F239+F240+F241+F242+F243+F244+F245+F246+F247+F248+F249+F250+F251 -> #REF! | AA15: =H222+H223+H224+H225+H226+H227+H228+H229+H230+H231+H232+H233+H234+H235+H236+H237+H238+H239+H240+H241+H242+H243+H244+H245+H246+H247+H248+H249+H250+H251 -> #REF! | AB15: =J222+J223+J224+J225+J226+J227+J228+J229+J230+J231+J232+J233+J234+J235+J236+J237+J238+J239+J240+J241+J242+J243+J244+J245+J246+J247+J248+J249+J250+J251 -> #REF! | BI15: =HYPERLINK("#일위대가목록!A83","SC0608W700YA →") -> SC0608W700YA →
A16: PL BALL VAVLE 설치 | B16: 650A (관경 700mm 준용) | C16: 1 | D16: EA | E16: =일위대가목록!#REF! -> #REF! | F16: =TRUNC(E16*C16,0) -> #REF! | G16: =일위대가목록!#REF! -> #REF! | H16: =TRUNC(G16*C16,0) -> #REF! | I16: =일위대가목록!#REF! -> #REF! | J16: =TRUNC(I16*C16,0) -> #REF! | K16: =E16+G16+I16 -> #REF! | L16: =F16+H16+J16 -> #REF! | P16: 2320 | R16: SC0608W650 | T16: T | Z16: =F252+F256+F257+F258+F259+F260+F261+F262+F263+F264+F265+F266+F267+F268+F269+F270+F271+F272+F273+F274+F275+F276+F277+F278+F279+F280+F281+F282+F283+F284 -> #REF! | AA16: =H252+H256+H257+H258+H259+H260+H261+H262+H263+H264+H265+H266+H267+H268+H269+H270+H271+H272+H273+H274+H275+H276+H277+H278+H279+H280+H281+H282+H283+H284 -> #REF! | AB16: =J252+J256+J257+J258+J259+J260+J261+J262+J263+J264+J265+J266+J267+J268+J269+J270+J271+J272+J273+J274+J275+J276+J277+J278+J279+J280+J281+J282+J283+J284 -> #REF! | BI16: =HYPERLINK("#일위대가목록!A84","SC0608W650 →") -> SC0608W650 →
A17: PL BALL VAVLE 설치(야간) | B17: 650A (관경 700mm 준용) | C17: 1 | D17: EA | E17: =일위대가목록!#REF! -> #REF! | F17: =TRUNC(E17*C17,0) -> #REF! | G17: =일위대가목록!#REF! -> #REF! | H17: =TRUNC(G17*C17,0) -> #REF! | I17: =일위대가목록!#REF! -> #REF! | J17: =TRUNC(I17*C17,0) -> #REF! | K17: =E17+G17+I17 -> #REF! | L17: =F17+H17+J17 -> #REF! | P17: 2330 | R17: SC0608W650YA | T17: T | Z17: =F285+F286+F287+F288+F289+F290+F291+F292+F293+F294+F295+F296+F297+F298+F299+F303+F304+F305+F306+F307+F308+F309+F310+F311+F312+F313+F314+F315+F316+F317 -> #REF! | AA17: =H285+H286+H287+H288+H289+H290+H291+H292+H293+H294+H295+H296+H297+H298+H299+H303+H304+H305+H306+H307+H308+H309+H310+H311+H312+H313+H314+H315+H316+H317 -> #REF! | AB17: =J285+J286+J287+J288+J289+J290+J291+J292+J293+J294+J295+J296+J297+J298+J299+J303+J304+J305+J306+J307+J308+J309+J310+J311+J312+J313+J314+J315+J316+J317 -> #REF! | BI17: =HYPERLINK("#일위대가목록!A85","SC0608W650YA →") -> SC0608W650YA →
A18: PL BALL VAVLE 설치 | B18: 600A | C18: 1 | D18: EA | E18: =일위대가목록!#REF! -> #REF! | F18: =TRUNC(E18*C18,0) -> #REF! | G18: =일위대가목록!#REF! -> #REF! | H18: =TRUNC(G18*C18,0) -> #REF! | I18: =일위대가목록!#REF! -> #REF! | J18: =TRUNC(I18*C18,0) -> #REF! | K18: =E18+G18+I18 -> #REF! | L18: =F18+H18+J18 -> #REF! | P18: 2340 | R18: SC0608W600 | T18: T | Z18: =F318+F319+F320+F321+F322+F323+F324+F325+F326+F327+F328+F329+F330+F331+F332+F333+F334+F335+F336+F337+F338+F339+F340+F341+F342+F343+F344+F345+F346+F350 -> #REF! | AA18: =H318+H319+H320+H321+H322+H323+H324+H325+H326+H327+H328+H329+H330+H331+H332+H333+H334+H335+H336+H337+H338+H339+H340+H341+H342+H343+H344+H345+H346+H350 -> #REF! | AB18: =J318+J319+J320+J321+J322+J323+J324+J325+J326+J327+J328+J329+J330+J331+J332+J333+J334+J335+J336+J337+J338+J339+J340+J341+J342+J343+J344+J345+J346+J350 -> #REF! | BI18: =HYPERLINK("#일위대가목록!A86","SC0608W600 →") -> SC0608W600 →
A19: PL BALL VAVLE 설치(야간) | B19: 600A | C19: 1 | D19: EA | E19: =일위대가목록!#REF! -> #REF! | F19: =TRUNC(E19*C19,0) -> #REF! | G19: =일위대가목록!#REF! -> #REF! | H19: =TRUNC(G19*C19,0) -> #REF! | I19: =일위대가목록!#REF! -> #REF! | J19: =TRUNC(I19*C19,0) -> #REF! | K19: =E19+G19+I19 -> #REF! | L19: =F19+H19+J19 -> #REF! | P19: 2350 | R19: SC0608W600YA | T19: T | Z19: =F351+F352+F353+F354+F355+F356+F357+F358+F359+F360+F361+F362+F363+F364+F365+F366+F367+F368+F369+F370+F371+F372+F373+F374+F375+F376+F377+F378+F379+F380 -> #REF! | AA19: =H351+H352+H353+H354+H355+H356+H357+H358+H359+H360+H361+H362+H363+H364+H365+H366+H367+H368+H369+H370+H371+H372+H373+H374+H375+H376+H377+H378+H379+H380 -> #REF! | AB19: =J351+J352+J353+J354+J355+J356+J357+J358+J359+J360+J361+J362+J363+J364+J365+J366+J367+J368+J369+J370+J371+J372+J373+J374+J375+J376+J377+J378+J379+J380 -> #REF! | BI19: =HYPERLINK("#일위대가목록!A87","SC0608W600YA →") -> SC0608W600YA →
A20: PL BALL VAVLE 설치 | B20: 550A (관경 600mm 준용) | C20: 1 | D20: EA | E20: =일위대가목록!#REF! -> #REF! | F20: =TRUNC(E20*C20,0) -> #REF! | G20: =일위대가목록!#REF! -> #REF! | H20: =TRUNC(G20*C20,0) -> #REF! | I20: =일위대가목록!#REF! -> #REF! | J20: =TRUNC(I20*C20,0) -> #REF! | K20: =E20+G20+I20 -> #REF! | L20: =F20+H20+J20 -> #REF! | P20: 2360 | R20: SC0608W550 | T20: T | Z20: =F381+F382+F383+F384+F385+F386+F387+F388+F389+F390+F391+F392+F393+F397+F398+F399+F400+F401+F402+F403+F404+F405+F406+F407+F408+F409+F410+F411+F412+F413 -> #REF! | AA20: =H381+H382+H383+H384+H385+H386+H387+H388+H389+H390+H391+H392+H393+H397+H398+H399+H400+H401+H402+H403+H404+H405+H406+H407+H408+H409+H410+H411+H412+H413 -> #REF! | AB20: =J381+J382+J383+J384+J385+J386+J387+J388+J389+J390+J391+J392+J393+J397+J398+J399+J400+J401+J402+J403+J404+J405+J406+J407+J408+J409+J410+J411+J412+J413 -> #REF! | BI20: =HYPERLINK("#일위대가목록!A88","SC0608W550 →") -> SC0608W550 →
A21: PL BALL VAVLE 설치(야간) | B21: 550A (관경 600mm 준용) | C21: 1 | D21: EA | E21: =일위대가목록!#REF! -> #REF! | F21: =TRUNC(E21*C21,0) -> #REF! | G21: =일위대가목록!#REF! -> #REF! | H21: =TRUNC(G21*C21,0) -> #REF! | I21: =일위대가목록!#REF! -> #REF! | J21: =TRUNC(I21*C21,0) -> #REF! | K21: =E21+G21+I21 -> #REF! | L21: =F21+H21+J21 -> #REF! | P21: 2370 | R21: SC0608W550YA | T21: T | Z21: =F414+F415+F416+F417+F418+F419+F420+F421+F422+F423+F424+F425+F426+F427+F428+F429+F430+F431+F432+F433+F434+F435+F436+F437+F438+F439+F440+F444+F445+F446 -> #REF! | AA21: =H414+H415+H416+H417+H418+H419+H420+H421+H422+H423+H424+H425+H426+H427+H428+H429+H430+H431+H432+H433+H434+H435+H436+H437+H438+H439+H440+H444+H445+H446 -> #REF! | AB21: =J414+J415+J416+J417+J418+J419+J420+J421+J422+J423+J424+J425+J426+J427+J428+J429+J430+J431+J432+J433+J434+J435+J436+J437+J438+J439+J440+J444+J445+J446 -> #REF! | BI21: =HYPERLINK("#일위대가목록!A89","SC0608W550YA →") -> SC0608W550YA →
A22: PL BALL VAVLE 설치 | B22: 500A | C22: 1 | D22: EA | E22: =일위대가목록!#REF! -> #REF! | F22: =TRUNC(E22*C22,0) -> #REF! | G22: =일위대가목록!#REF! -> #REF! | H22: =TRUNC(G22*C22,0) -> #REF! | I22: =일위대가목록!#REF! -> #REF! | J22: =TRUNC(I22*C22,0) -> #REF! | K22: =E22+G22+I22 -> #REF! | L22: =F22+H22+J22 -> #REF! | P22: 2380 | R22: SC0608W500 | T22: T | Z22: =F447+F448+F449+F450+F451+F452+F453+F454+F455+F456+F457+F458+F459+F460+F461+F462+F463+F464+F465+F469+F470+F471+F472+F473+F474+F475+F476+F477+F478+F479 -> #REF! | AA22: =H447+H448+H449+H450+H451+H452+H453+H454+H455+H456+H457+H458+H459+H460+H461+H462+H463+H464+H465+H469+H470+H471+H472+H473+H474+H475+H476+H477+H478+H479 -> #REF! | AB22: =J447+J448+J449+J450+J451+J452+J453+J454+J455+J456+J457+J458+J459+J460+J461+J462+J463+J464+J465+J469+J470+J471+J472+J473+J474+J475+J476+J477+J478+J479 -> #REF! | BI22: =HYPERLINK("#일위대가목록!A90","SC0608W500 →") -> SC0608W500 →
A23: PL BALL VAVLE 설치(야간) | B23: 500A | C23: 1 | D23: EA | E23: =일위대가목록!#REF! -> #REF! | F23: =TRUNC(E23*C23,0) -> #REF! | G23: =일위대가목록!#REF! -> #REF! | H23: =TRUNC(G23*C23,0) -> #REF! | I23: =일위대가목록!#REF! -> #REF! | J23: =TRUNC(I23*C23,0) -> #REF! | K23: =E23+G23+I23 -> #REF! | L23: =F23+H23+J23 -> #REF! | P23: 2390 | R23: SC0608W500YA | T23: T | Z23: =F480+F481+F482+F483+F484+F485+F486+F487+F488+F489+F490+F491+F492+F493+F494+F495+F496+F497+F498+F499+F500+F501+F502+F503+F504+F505+F506+F507+F508+F509 -> #REF! | AA23: =H480+H481+H482+H483+H484+H485+H486+H487+H488+H489+H490+H491+H492+H493+H494+H495+H496+H497+H498+H499+H500+H501+H502+H503+H504+H505+H506+H507+H508+H509 -> #REF! | AB23: =J480+J481+J482+J483+J484+J485+J486+J487+J488+J489+J490+J491+J492+J493+J494+J495+J496+J497+J498+J499+J500+J501+J502+J503+J504+J505+J506+J507+J508+J509 -> #REF! | BI23: =HYPERLINK("#일위대가목록!A91","SC0608W500YA →") -> SC0608W500YA →
A24: PL BALL VAVLE 설치 | B24: 450A | C24: 1 | D24: EA | E24: =일위대가목록!#REF! -> #REF! | F24: =TRUNC(E24*C24,0) -> #REF! | G24: =일위대가목록!#REF! -> #REF! | H24: =TRUNC(G24*C24,0) -> #REF! | I24: =일위대가목록!#REF! -> #REF! | J24: =TRUNC(I24*C24,0) -> #REF! | K24: =E24+G24+I24 -> #REF! | L24: =F24+H24+J24 -> #REF! | P24: 2400 | R24: SC0608W450 | T24: T | Z24: =F510+F511+F512+F513+F514+F515+F516+F517+F518+F519+F520+F521+F522+F523+F524+F525+F526+F527+F528+F529+F530+F531+F532+F533+F534+F535+F536+F537+F538+F539 -> #REF! | AA24: =H510+H511+H512+H513+H514+H515+H516+H517+H518+H519+H520+H521+H522+H523+H524+H525+H526+H527+H528+H529+H530+H531+H532+H533+H534+H535+H536+H537+H538+H539 -> #REF! | AB24: =J510+J511+J512+J513+J514+J515+J516+J517+J518+J519+J520+J521+J522+J523+J524+J525+J526+J527+J528+J529+J530+J531+J532+J533+J534+J535+J536+J537+J538+J539 -> #REF! | BI24: =HYPERLINK("#일위대가목록!A92","SC0608W450 →") -> SC0608W450 →
A25: PL BALL VAVLE 설치(야간) | B25: 450A | C25: 1 | D25: EA | E25: =일위대가목록!#REF! -> #REF! | F25: =TRUNC(E25*C25,0) -> #REF! | G25: =일위대가목록!#REF! -> #REF! | H25: =TRUNC(G25*C25,0) -> #REF! | I25: =일위대가목록!#REF! -> #REF! | J25: =TRUNC(I25*C25,0) -> #REF! | K25: =E25+G25+I25 -> #REF! | L25: =F25+H25+J25 -> #REF! | P25: 2410 | R25: SC0608W450YA | T25: T | Z25: =F540+F541+F542+F543+F544+F545+F546+F547+F548+F549+F550+F551+F552+F553+F554+F555+F556+F557+F558+F559+F560+F561+F562+F563+F564+F565+F566+F567+F568+F569 -> #REF! | AA25: =H540+H541+H542+H543+H544+H545+H546+H547+H548+H549+H550+H551+H552+H553+H554+H555+H556+H557+H558+H559+H560+H561+H562+H563+H564+H565+H566+H567+H568+H569 -> #REF! | AB25: =J540+J541+J542+J543+J544+J545+J546+J547+J548+J549+J550+J551+J552+J553+J554+J555+J556+J557+J558+J559+J560+J561+J562+J563+J564+J565+J566+J567+J568+J569 -> #REF! | BI25: =HYPERLINK("#일위대가목록!A93","SC0608W450YA →") -> SC0608W450YA →
A26: PL BALL VAVLE 설치 | B26: 400A | C26: 1 | D26: EA | E26: =일위대가목록!#REF! -> #REF! | F26: =TRUNC(E26*C26,0) -> #REF! | G26: =일위대가목록!#REF! -> #REF! | H26: =TRUNC(G26*C26,0) -> #REF! | I26: =일위대가목록!#REF! -> #REF! | J26: =TRUNC(I26*C26,0) -> #REF! | K26: =E26+G26+I26 -> #REF! | L26: =F26+H26+J26 -> #REF! | P26: 2420 | R26: SC0608W400 | T26: T | Z26: =F570+F571+F572+F573+F574+F575+F576+F577+F578+F579+F580+F581+F582+F583+F584+F585+F586+F587+F588+F589+F590+F591+F592+F593+F594+F595+F596+F597+F598+F599 -> #REF! | AA26: =H570+H571+H572+H573+H574+H575+H576+H577+H578+H579+H580+H581+H582+H583+H584+H585+H586+H587+H588+H589+H590+H591+H592+H593+H594+H595+H596+H597+H598+H599 -> #REF! | AB26: =J570+J571+J572+J573+J574+J575+J576+J577+J578+J579+J580+J581+J582+J583+J584+J585+J586+J587+J588+J589+J590+J591+J592+J593+J594+J595+J596+J597+J598+J599 -> #REF! | BI26: =HYPERLINK("#일위대가목록!A94","SC0608W400 →") -> SC0608W400 →
A27: PL BALL VAVLE 설치(야간) | B27: 400A | C27: 1 | D27: EA | E27: =일위대가목록!#REF! -> #REF! | F27: =TRUNC(E27*C27,0) -> #REF! | G27: =일위대가목록!#REF! -> #REF! | H27: =TRUNC(G27*C27,0) -> #REF! | I27: =일위대가목록!#REF! -> #REF! | J27: =TRUNC(I27*C27,0) -> #REF! | K27: =E27+G27+I27 -> #REF! | L27: =F27+H27+J27 -> #REF! | P27: 2430 | R27: SC0608W400YA | T27: T | Z27: =F600+F604+F605+F606+F607+F608+F609+F610+F611+F612+F613+F614+F615+F616+F617+F618+F619+F620+F621+F622+F623+F624+F625+F626+F627+F628+F629+F630+F631+F632 -> #REF! | AA27: =H600+H604+H605+H606+H607+H608+H609+H610+H611+H612+H613+H614+H615+H616+H617+H618+H619+H620+H621+H622+H623+H624+H625+H626+H627+H628+H629+H630+H631+H632 -> #REF! | AB27: =J600+J604+J605+J606+J607+J608+J609+J610+J611+J612+J613+J614+J615+J616+J617+J618+J619+J620+J621+J622+J623+J624+J625+J626+J627+J628+J629+J630+J631+J632 -> #REF! | BI27: =HYPERLINK("#일위대가목록!A95","SC0608W400YA →") -> SC0608W400YA →
A28: PL BALL VAVLE 설치 | B28: 350A | C28: 1 | D28: EA | E28: =일위대가목록!#REF! -> #REF! | F28: =TRUNC(E28*C28,0) -> #REF! | G28: =일위대가목록!#REF! -> #REF! | H28: =TRUNC(G28*C28,0) -> #REF! | I28: =일위대가목록!#REF! -> #REF! | J28: =TRUNC(I28*C28,0) -> #REF! | K28: =E28+G28+I28 -> #REF! | L28: =F28+H28+J28 -> #REF! | P28: 2440 | R28: SC0608W350 | T28: T | Z28: =F633+F634+F635+F636+F637+F638+F639+F640+F641+F642+F643+F644+F645+F646+F647+F648+F649+F650+F651+F652+F653+F654+F655+F656+F657+F658+F659+F660+F661+F662 -> #REF! | AA28: =H633+H634+H635+H636+H637+H638+H639+H640+H641+H642+H643+H644+H645+H646+H647+H648+H649+H650+H651+H652+H653+H654+H655+H656+H657+H658+H659+H660+H661+H662 -> #REF! | AB28: =J633+J634+J635+J636+J637+J638+J639+J640+J641+J642+J643+J644+J645+J646+J647+J648+J649+J650+J651+J652+J653+J654+J655+J656+J657+J658+J659+J660+J661+J662 -> #REF! | BI28: =HYPERLINK("#일위대가목록!A96","SC0608W350 →") -> SC0608W350 →
A29: PL BALL VAVLE 설치(야간) | B29: 350A | C29: 1 | D29: EA | E29: =일위대가목록!#REF! -> #REF! | F29: =TRUNC(E29*C29,0) -> #REF! | G29: =일위대가목록!#REF! -> #REF! | H29: =TRUNC(G29*C29,0) -> #REF! | I29: =일위대가목록!#REF! -> #REF! | J29: =TRUNC(I29*C29,0) -> #REF! | K29: =E29+G29+I29 -> #REF! | L29: =F29+H29+J29 -> #REF! | P29: 2450 | R29: SC0608W350YA | T29: T | Z29: =F663+F664+F665+F666+F667+F668+F669+F670+F671+F672+F673+F674+F675+F676+F677+F678+F679+F680+F681+F682+F683+F684+F685+F686+F687+F688+F689+F690+F691+F692 -> #REF! | AA29: =H663+H664+H665+H666+H667+H668+H669+H670+H671+H672+H673+H674+H675+H676+H677+H678+H679+H680+H681+H682+H683+H684+H685+H686+H687+H688+H689+H690+H691+H692 -> #REF! | AB29: =J663+J664+J665+J666+J667+J668+J669+J670+J671+J672+J673+J674+J675+J676+J677+J678+J679+J680+J681+J682+J683+J684+J685+J686+J687+J688+J689+J690+J691+J692 -> #REF! | BI29: =HYPERLINK("#일위대가목록!A97","SC0608W350YA →") -> SC0608W350YA →
A30: PL BALL VAVLE 설치 | B30: 300A | C30: 1 | D30: EA | E30: =일위대가목록!#REF! -> #REF! | F30: =TRUNC(E30*C30,0) -> #REF! | G30: =일위대가목록!#REF! -> #REF! | H30: =TRUNC(G30*C30,0) -> #REF! | I30: =일위대가목록!#REF! -> #REF! | J30: =TRUNC(I30*C30,0) -> #REF! | K30: =E30+G30+I30 -> #REF! | L30: =F30+H30+J30 -> #REF! | P30: 2460 | R30: SC0608W300 | T30: T | Z30: =F693+F694+F695+F696+F697+F698+F699+F700+F701+F702+F703+F704+F705+F706+F707+F708+F709+F710+F711+F712+F713+F714+F715+F716+F717+F718+F719+F720+F721+F722 -> #REF! | AA30: =H693+H694+H695+H696+H697+H698+H699+H700+H701+H702+H703+H704+H705+H706+H707+H708+H709+H710+H711+H712+H713+H714+H715+H716+H717+H718+H719+H720+H721+H722 -> #REF! | AB30: =J693+J694+J695+J696+J697+J698+J699+J700+J701+J702+J703+J704+J705+J706+J707+J708+J709+J710+J711+J712+J713+J714+J715+J716+J717+J718+J719+J720+J721+J722 -> #REF! | BI30: =HYPERLINK("#일위대가목록!A98","SC0608W300 →") -> SC0608W300 →
A31: PL BALL VAVLE 설치(야간) | B31: 300A | C31: 1 | D31: EA | E31: =일위대가목록!#REF! -> #REF! | F31: =TRUNC(E31*C31,0) -> #REF! | G31: =일위대가목록!#REF! -> #REF! | H31: =TRUNC(G31*C31,0) -> #REF! | I31: =일위대가목록!#REF! -> #REF! | J31: =TRUNC(I31*C31,0) -> #REF! | K31: =E31+G31+I31 -> #REF! | L31: =F31+H31+J31 -> #REF! | P31: 2470 | R31: SC0608W300YA | T31: T | Z31: =F723+F724+F725+F726+F727+F728+F729+F730+F731+F732+F733+F734+F735+F739+F740+F741+F742+F743+F744+F745+F746+F747+F748+F749+F750+F754+F755+F756+F757+F758 -> #REF! | AA31: =H723+H724+H725+H726+H727+H728+H729+H730+H731+H732+H733+H734+H735+H739+H740+H741+H742+H743+H744+H745+H746+H747+H748+H749+H750+H754+H755+H756+H757+H758 -> #REF! | AB31: =J723+J724+J725+J726+J727+J728+J729+J730+J731+J732+J733+J734+J735+J739+J740+J741+J742+J743+J744+J745+J746+J747+J748+J749+J750+J754+J755+J756+J757+J758 -> #REF! | BI31: =HYPERLINK("#일위대가목록!A99","SC0608W300YA →") -> SC0608W300YA →
A32: PL BALL VAVLE 설치 | B32: 250A | C32: 1 | D32: EA | E32: =일위대가목록!#REF! -> #REF! | F32: =TRUNC(E32*C32,0) -> #REF! | G32: =일위대가목록!#REF! -> #REF! | H32: =TRUNC(G32*C32,0) -> #REF! | I32: =일위대가목록!#REF! -> #REF! | J32: =TRUNC(I32*C32,0) -> #REF! | K32: =E32+G32+I32 -> #REF! | L32: =F32+H32+J32 -> #REF! | P32: 2480 | R32: SC0608W250 | T32: T | Z32: =F759+F760+F761+F762+F763+F764+F765+F769+F770+F771+F772+F773+F774+F775+F776+F777+F778+F779+F780+F781+F782+F783+F784+F785+F786+F787+F788+F789+F790+F791 -> #REF! | AA32: =H759+H760+H761+H762+H763+H764+H765+H769+H770+H771+H772+H773+H774+H775+H776+H777+H778+H779+H780+H781+H782+H783+H784+H785+H786+H787+H788+H789+H790+H791 -> #REF! | AB32: =J759+J760+J761+J762+J763+J764+J765+J769+J770+J771+J772+J773+J774+J775+J776+J777+J778+J779+J780+J781+J782+J783+J784+J785+J786+J787+J788+J789+J790+J791 -> #REF! | BI32: =HYPERLINK("#일위대가목록!A100","SC0608W250 →") -> SC0608W250 →
A33: PL BALL VAVLE 설치(야간) | B33: 250A | C33: 1 | D33: EA | E33: =일위대가목록!#REF! -> #REF! | F33: =TRUNC(E33*C33,0) -> #REF! | G33: =일위대가목록!#REF! -> #REF! | H33: =TRUNC(G33*C33,0) -> #REF! | I33: =일위대가목록!#REF! -> #REF! | J33: =TRUNC(I33*C33,0) -> #REF! | K33: =E33+G33+I33 -> #REF! | L33: =F33+H33+J33 -> #REF! | P33: 2490 | R33: SC0608W250YA | T33: T | Z33: =F792+F793+F794+F795+F796+F797+F798+F802+F803+F804+F805+F806+F807+F808+F809+F813+F814+F815+F816+F817+F818+F819+F820+F821+F822+F823+F824+F825+F826+F827 -> #REF! | AA33: =H792+H793+H794+H795+H796+H797+H798+H802+H803+H804+H805+H806+H807+H808+H809+H813+H814+H815+H816+H817+H818+H819+H820+H821+H822+H823+H824+H825+H826+H827 -> #REF! | AB33: =J792+J793+J794+J795+J796+J797+J798+J802+J803+J804+J805+J806+J807+J808+J809+J813+J814+J815+J816+J817+J818+J819+J820+J821+J822+J823+J824+J825+J826+J827 -> #REF! | BI33: =HYPERLINK("#일위대가목록!A101","SC0608W250YA →") -> SC0608W250YA →
A34: PL BALL VAVLE 설치 | B34: 200A | C34: 1 | D34: EA | E34: =일위대가목록!#REF! -> #REF! | F34: =TRUNC(E34*C34,0) -> #REF! | G34: =일위대가목록!#REF! -> #REF! | H34: =TRUNC(G34*C34,0) -> #REF! | I34: =일위대가목록!#REF! -> #REF! | J34: =TRUNC(I34*C34,0) -> #REF! | K34: =E34+G34+I34 -> #REF! | L34: =F34+H34+J34 -> #REF! | P34: 2500 | R34: SC0608W200 | T34: T | Z34: =F828+F829+F830+F831+F832+F833+F834+F839+F840+F841+F842+F843+F844+F845+F846+F847+F848+F849+F850+F851+F855+F856+F857+F858+F859+F860+F861+F862+F863+F864 -> #REF! | AA34: =H828+H829+H830+H831+H832+H833+H834+H839+H840+H841+H842+H843+H844+H845+H846+H847+H848+H849+H850+H851+H855+H856+H857+H858+H859+H860+H861+H862+H863+H864 -> #REF! | AB34: =J828+J829+J830+J831+J832+J833+J834+J839+J840+J841+J842+J843+J844+J845+J846+J847+J848+J849+J850+J851+J855+J856+J857+J858+J859+J860+J861+J862+J863+J864 -> #REF! | BI34: =HYPERLINK("#일위대가목록!A102","SC0608W200 →") -> SC0608W200 →
A35: PL BALL VAVLE 설치(야간) | B35: 200A | C35: 1 | D35: EA | E35: =일위대가목록!#REF! -> #REF! | F35: =TRUNC(E35*C35,0) -> #REF! | G35: =일위대가목록!#REF! -> #REF! | H35: =TRUNC(G35*C35,0) -> #REF! | I35: =일위대가목록!#REF! -> #REF! | J35: =TRUNC(I35*C35,0) -> #REF! | K35: =E35+G35+I35 -> #REF! | L35: =F35+H35+J35 -> #REF! | P35: 2510 | R35: SC0608W200YA | T35: T | Z35: =F865+F866+F867+F868+F869+F870+F871+F872+F873+F874+F875+F876+F880+F881+F882+F883+F884+F885+F886+F887+F888+F889+F890+F891+F892+F893+F894+F895+F896+F897 -> #REF! | AA35: =H865+H866+H867+H868+H869+H870+H871+H872+H873+H874+H875+H876+H880+H881+H882+H883+H884+H885+H886+H887+H888+H889+H890+H891+H892+H893+H894+H895+H896+H897 -> #REF! | AB35: =J865+J866+J867+J868+J869+J870+J871+J872+J873+J874+J875+J876+J880+J881+J882+J883+J884+J885+J886+J887+J888+J889+J890+J891+J892+J893+J894+J895+J896+J897 -> #REF! | BI35: =HYPERLINK("#일위대가목록!A103","SC0608W200YA →") -> SC0608W200YA →
A36: PL BALL VAVLE 설치 | B36: 150A | C36: 1 | D36: EA | E36: =일위대가목록!#REF! -> #REF! | F36: =TRUNC(E36*C36,0) -> #REF! | G36: =일위대가목록!#REF! -> #REF! | H36: =TRUNC(G36*C36,0) -> #REF! | I36: =일위대가목록!#REF! -> #REF! | J36: =TRUNC(I36*C36,0) -> #REF! | K36: =E36+G36+I36 -> #REF! | L36: =F36+H36+J36 -> #REF! | P36: 2520 | R36: SC0608W150 | T36: T | Z36: =F898+F899+F900+F901+F902+F903+F904+F905+F909+F910+F911+F912+F913+F914+F915+F916+F917+F918+F919+F920+F921+F922+F923+F924+F925+F926+F927+F928+F929+F930 -> #REF! | AA36: =H898+H899+H900+H901+H902+H903+H904+H905+H909+H910+H911+H912+H913+H914+H915+H916+H917+H918+H919+H920+H921+H922+H923+H924+H925+H926+H927+H928+H929+H930 -> #REF! | AB36: =J898+J899+J900+J901+J902+J903+J904+J905+J909+J910+J911+J912+J913+J914+J915+J916+J917+J918+J919+J920+J921+J922+J923+J924+J925+J926+J927+J928+J929+J930 -> #REF! | BI36: =HYPERLINK("#일위대가목록!A104","SC0608W150 →") -> SC0608W150 →
A37: PL BALL VAVLE 설치(야간) | B37: 150A | C37: 1 | D37: EA | E37: =일위대가목록!#REF! -> #REF! | F37: =TRUNC(E37*C37,0) -> #REF! | G37: =일위대가목록!#REF! -> #REF! | H37: =TRUNC(G37*C37,0) -> #REF! | I37: =일위대가목록!#REF! -> #REF! | J37: =TRUNC(I37*C37,0) -> #REF! | K37: =E37+G37+I37 -> #REF! | L37: =F37+H37+J37 -> #REF! | P37: 2530 | R37: SC0608W150YA | T37: T | Z37: =F931+F932+F933+F934+F935+F936+F937+F938+F939+F940+F941+F942+F943+F944+F950+F951+F952+F953+F954+F955+F956+F957+F958+F959+F960+F961+F962+F963+F964+F965 -> #REF! | AA37: =H931+H932+H933+H934+H935+H936+H937+H938+H939+H940+H941+H942+H943+H944+H950+H951+H952+H953+H954+H955+H956+H957+H958+H959+H960+H961+H962+H963+H964+H965 -> #REF! | AB37: =J931+J932+J933+J934+J935+J936+J937+J938+J939+J940+J941+J942+J943+J944+J950+J951+J952+J953+J954+J955+J956+J957+J958+J959+J960+J961+J962+J963+J964+J965 -> #REF! | BI37: =HYPERLINK("#일위대가목록!A105","SC0608W150YA →") -> SC0608W150YA →
A38: PL BALL VAVLE 설치 | B38: 125A | C38: 1 | D38: EA | E38: =일위대가목록!#REF! -> #REF! | F38: =TRUNC(E38*C38,0) -> #REF! | G38: =일위대가목록!#REF! -> #REF! | H38: =TRUNC(G38*C38,0) -> #REF! | I38: =일위대가목록!#REF! -> #REF! | J38: =TRUNC(I38*C38,0) -> #REF! | K38: =E38+G38+I38 -> #REF! | L38: =F38+H38+J38 -> #REF! | P38: 2540 | R38: SC0608W125 | T38: T | Z38: =F966+F967+F968+F969+F970+F971+F975+F976+F977+F978+F979+F980+F981+F982+F983+F984+F985+F986+F987+F988+F989+F990+F991+F992+F993+F994+F995+F996+F1000 -> 33663140 | AA38: =H966+H967+H968+H969+H970+H971+H975+H976+H977+H978+H979+H980+H981+H982+H983+H984+H985+H986+H987+H988+H989+H990+H991+H992+H993+H994+H995+H996+H1000 -> 0 | AB38: =J966+J967+J968+J969+J970+J971+J975+J976+J977+J978+J979+J980+J981+J982+J983+J984+J985+J986+J987+J988+J989+J990+J991+J992+J993+J994+J995+J996+J1000 -> 0 | BI38: =HYPERLINK("#일위대가목록!A106","SC0608W125 →") -> SC0608W125 →
A39: PL BALL VAVLE 설치(야간) | B39: 125A | C39: 1 | D39: EA | E39: =일위대가목록!#REF! -> #REF! | F39: =TRUNC(E39*C39,0) -> #REF! | G39: =일위대가목록!#REF! -> #REF! | H39: =TRUNC(G39*C39,0) -> #REF! | I39: =일위대가목록!#REF! -> #REF! | J39: =TRUNC(I39*C39,0) -> #REF! | K39: =E39+G39+I39 -> #REF! | L39: =F39+H39+J39 -> #REF! | P39: 2550 | R39: SC0608W125YA | T39: T | Z39: =F1001+F1002+F1003+F1004+F1005+F1006+F1007+F1008+F1009+F1010+F1011+F1012+F1013+F1014+F1015+F1016+F1017+F1018+F1019+F1020+F1021+F1025+F1026+F1027+F1028 -> 33732410 | AA39: =H1001+H1002+H1003+H1004+H1005+H1006+H1007+H1008+H1009+H1010+H1011+H1012+H1013+H1014+H1015+H1016+H1017+H1018+H1019+H1020+H1021+H1025+H1026+H1027+H1028 -> 0 | AB39: =J1001+J1002+J1003+J1004+J1005+J1006+J1007+J1008+J1009+J1010+J1011+J1012+J1013+J1014+J1015+J1016+J1017+J1018+J1019+J1020+J1021+J1025+J1026+J1027+J1028 -> 0 | BI39: =HYPERLINK("#일위대가목록!A107","SC0608W125YA →") -> SC0608W125YA →
A40: PL BALL VAVLE 설치 | B40: 100A | C40: 1 | D40: EA | E40: =일위대가목록!#REF! -> #REF! | F40: =TRUNC(E40*C40,0) -> #REF! | G40: =일위대가목록!#REF! -> #REF! | H40: =TRUNC(G40*C40,0) -> #REF! | I40: =일위대가목록!#REF! -> #REF! | J40: =TRUNC(I40*C40,0) -> #REF! | K40: =E40+G40+I40 -> #REF! | L40: =F40+H40+J40 -> #REF! | P40: 2560 | R40: SC0608W100 | T40: T | Z40: =F1029+F1030+F1031+F1032+F1033+F1034+F1035+F1036+F1037+F1038+F1039+F1040+F1041+F1042+F1043+F1044+F1045+F1046+F1050+F1051+F1052+F1053+F1054+F1055+F1056 -> 15519030 | AA40: =H1029+H1030+H1031+H1032+H1033+H1034+H1035+H1036+H1037+H1038+H1039+H1040+H1041+H1042+H1043+H1044+H1045+H1046+H1050+H1051+H1052+H1053+H1054+H1055+H1056 -> 0 | AB40: =J1029+J1030+J1031+J1032+J1033+J1034+J1035+J1036+J1037+J1038+J1039+J1040+J1041+J1042+J1043+J1044+J1045+J1046+J1050+J1051+J1052+J1053+J1054+J1055+J1056 -> 0 | BI40: =HYPERLINK("#일위대가목록!A108","SC0608W100 →") -> SC0608W100 →
A41: PL BALL VAVLE 설치(야간) | B41: 100A | C41: 1 | D41: EA | E41: =일위대가목록!#REF! -> #REF! | F41: =TRUNC(E41*C41,0) -> #REF! | G41: =일위대가목록!#REF! -> #REF! | H41: =TRUNC(G41*C41,0) -> #REF! | I41: =일위대가목록!#REF! -> #REF! | J41: =TRUNC(I41*C41,0) -> #REF! | K41: =E41+G41+I41 -> #REF! | L41: =F41+H41+J41 -> #REF! | P41: 2570 | R41: SC0608W100YA | T41: T | Z41: =F1057+F1058+F1059+F1060+F1061+F1062+F1063+F1064+F1065+F1066+F1067+F1068+F1069+F1070+F1071+F1072+F1073+F1074+F1075+F1076+F1077+F1078+F1079+F1080+F1081 -> 13615320 | AA41: =H1057+H1058+H1059+H1060+H1061+H1062+H1063+H1064+H1065+H1066+H1067+H1068+H1069+H1070+H1071+H1072+H1073+H1074+H1075+H1076+H1077+H1078+H1079+H1080+H1081 -> 0 | AB41: =J1057+J1058+J1059+J1060+J1061+J1062+J1063+J1064+J1065+J1066+J1067+J1068+J1069+J1070+J1071+J1072+J1073+J1074+J1075+J1076+J1077+J1078+J1079+J1080+J1081 -> 0 | BI41: =HYPERLINK("#일위대가목록!A109","SC0608W100YA →") -> SC0608W100YA →
A42: PL BALL VAVLE 설치 | B42: 80A | C42: 1 | D42: EA | E42: =일위대가목록!#REF! -> #REF! | F42: =TRUNC(E42*C42,0) -> #REF! | G42: =일위대가목록!#REF! -> #REF! | H42: =TRUNC(G42*C42,0) -> #REF! | I42: =일위대가목록!#REF! -> #REF! | J42: =TRUNC(I42*C42,0) -> #REF! | K42: =E42+G42+I42 -> #REF! | L42: =F42+H42+J42 -> #REF! | P42: 2580 | R42: SC0608W080 | T42: T | Z42: =F1082+F1083+F1084+F1085+F1086+F1087+F1088+F1089+F1090+F1091+F1092+F1093+F1094+F1095+F1096+F1097+F1098+F1099+F1100+F1101+F1102+F1103+F1104+F1105+F1106 -> 20924560 | AA42: =H1082+H1083+H1084+H1085+H1086+H1087+H1088+H1089+H1090+H1091+H1092+H1093+H1094+H1095+H1096+H1097+H1098+H1099+H1100+H1101+H1102+H1103+H1104+H1105+H1106 -> 0 | AB42: =J1082+J1083+J1084+J1085+J1086+J1087+J1088+J1089+J1090+J1091+J1092+J1093+J1094+J1095+J1096+J1097+J1098+J1099+J1100+J1101+J1102+J1103+J1104+J1105+J1106 -> 0 | BI42: =HYPERLINK("#일위대가목록!A110","SC0608W080 →") -> SC0608W080 →
A43: PL BALL VAVLE 설치(야간) | B43: 80A | C43: 1 | D43: EA | E43: =일위대가목록!#REF! -> #REF! | F43: =TRUNC(E43*C43,0) -> #REF! | G43: =일위대가목록!#REF! -> #REF! | H43: =TRUNC(G43*C43,0) -> #REF! | I43: =일위대가목록!#REF! -> #REF! | J43: =TRUNC(I43*C43,0) -> #REF! | K43: =E43+G43+I43 -> #REF! | L43: =F43+H43+J43 -> #REF! | P43: 2590 | R43: SC0608W080YA | T43: T | Z43: =F1107+F1108+F1109+F1110+F1111+F1112+F1113+F1114+F1115+F1116+F1117+F1118+F1119+F1120+F1121+F1122+F1123+F1124+F1125+F1126+F1127+F1128+F1129+F1130+F1131 -> 40865620 | AA43: =H1107+H1108+H1109+H1110+H1111+H1112+H1113+H1114+H1115+H1116+H1117+H1118+H1119+H1120+H1121+H1122+H1123+H1124+H1125+H1126+H1127+H1128+H1129+H1130+H1131 -> 0 | AB43: =J1107+J1108+J1109+J1110+J1111+J1112+J1113+J1114+J1115+J1116+J1117+J1118+J1119+J1120+J1121+J1122+J1123+J1124+J1125+J1126+J1127+J1128+J1129+J1130+J1131 -> 0 | BI43: =HYPERLINK("#일위대가목록!A111","SC0608W080YA →") -> SC0608W080YA →
A44: 계 | F44: =TRUNC(F43+F42+F41+F40+F39+F38+F37+F36+F35+F34+F33+F32+F31+F30+F29+F28+F27+F26+F25+F24+F23+F22+F21+F20+F19+F18+F17+F16+F15+F14+F13+F12,0) -> #REF! | H44: =TRUNC(H43+H42+H41+H40+H39+H38+H37+H36+H35+H34+H33+H32+H31+H30+H29+H28+H27+H26+H25+H24+H23+H22+H21+H20+H19+H18+H17+H16+H15+H14+H13+H12,0) -> #REF! | J44: =TRUNC(J43+J42+J41+J40+J39+J38+J37+J36+J35+J34+J33+J32+J31+J30+J29+J28+J27+J26+J25+J24+J23+J22+J21+J20+J19+J18+J17+J16+J15+J14+J13+J12,0) -> #REF! | K44: =E44+G44+I44 -> 0 | L44: =F44+H44+J44 -> #REF! | P44: 2600 | Z44: =F1132+F1133+F1134+F1135+F1136+F1137+F1138+F1139+F1140+F1141+F1142+F1143+F1144+F1145+F1146+F1147+F1148+F1149+F1150+F1151+F1152+F1153+F1154+F1155+F1156 -> 62862390 | AA44: =H1132+H1133+H1134+H1135+H1136+H1137+H1138+H1139+H1140+H1141+H1142+H1143+H1144+H1145+H1146+H1147+H1148+H1149+H1150+H1151+H1152+H1153+H1154+H1155+H1156 -> 0 | AB44: =J1132+J1133+J1134+J1135+J1136+J1137+J1138+J1139+J1140+J1141+J1142+J1143+J1144+J1145+J1146+J1147+J1148+J1149+J1150+J1151+J1152+J1153+J1154+J1155+J1156 -> 0
F45: 0 | H45: 0 | J45: 0 | K45: =E45+G45+I45 -> 0 | L45: =F45+H45+J45 -> 0 | P45: 2610 | Z45: =F1157+F1158+F1159+F1160+F1161+F1162+F1163+F1164+F1165+F1166+F1167+F1168+F1169+F1170+F1171+F1172+F1173+F1174+F1175+F1176+F1177+F1178+F1179+F1180+F1181 -> 94784650 | AA45: =H1157+H1158+H1159+H1160+H1161+H1162+H1163+H1164+H1165+H1166+H1167+H1168+H1169+H1170+H1171+H1172+H1173+H1174+H1175+H1176+H1177+H1178+H1179+H1180+H1181 -> 0 | AB45: =J1157+J1158+J1159+J1160+J1161+J1162+J1163+J1164+J1165+J1166+J1167+J1168+J1169+J1170+J1171+J1172+J1173+J1174+J1175+J1176+J1177+J1178+J1179+J1180+J1181 -> 0
A46: 압력배관 설치 및 철거 | F46: 0 | H46: 0 | J46: 0 | K46: =E46+G46+I46 -> 0 | L46: =F46+H46+J46 -> 0 | P46: 2620 | Z46: =F1182+F1183+F1184+F1185+F1186+F1187+F1188+F1189+F1190+F1191+F1192+F1193+F1194+F1195+F1196+F1197+F1198+F1199+F1200+F1201+F1202+F1203+F1204+F1205+F1206 -> 135351250 | AA46: =H1182+H1183+H1184+H1185+H1186+H1187+H1188+H1189+H1190+H1191+H1192+H1193+H1194+H1195+H1196+H1197+H1198+H1199+H1200+H1201+H1202+H1203+H1204+H1205+H1206 -> 0 | AB46: =J1182+J1183+J1184+J1185+J1186+J1187+J1188+J1189+J1190+J1191+J1192+J1193+J1194+J1195+J1196+J1197+J1198+J1199+J1200+J1201+J1202+J1203+J1204+J1205+J1206 -> 0
A47: 압력배관 설치 및 철거 | B47: 750A | C47: 1 | D47: M | E47: =일위대가목록!#REF! -> #REF! | F47: =TRUNC(E47*C47,0) -> #REF! | G47: =일위대가목록!#REF! -> #REF! | H47: =TRUNC(G47*C47,0) -> #REF! | I47: =일위대가목록!#REF! -> #REF! | J47: =TRUNC(I47*C47,0) -> #REF! | K47: =E47+G47+I47 -> #REF! | L47: =F47+H47+J47 -> #REF! | P47: 2630 | R47: S00000A750 | T47: T | Z47: =F1207+F1208+F1209+F1210+F1211+F1212+F1213+F1214+F1218+F1219+F1220+F1221+F1222+F1223+F1224+F1225+F1226+F1227+F1228+F1229+F1230+F1231+F1232+F1233+F1234 -> 59429940 | AA47: =H1207+H1208+H1209+H1210+H1211+H1212+H1213+H1214+H1218+H1219+H1220+H1221+H1222+H1223+H1224+H1225+H1226+H1227+H1228+H1229+H1230+H1231+H1232+H1233+H1234 -> 0 | AB47: =J1207+J1208+J1209+J1210+J1211+J1212+J1213+J1214+J1218+J1219+J1220+J1221+J1222+J1223+J1224+J1225+J1226+J1227+J1228+J1229+J1230+J1231+J1232+J1233+J1234 -> 0 | BI47: =HYPERLINK("#일위대가목록!A112","S00000A750 →") -> S00000A750 →
A48: 압력배관 설치 및 철거(야간) | B48: 750A | C48: 1 | D48: M | E48: =일위대가목록!#REF! -> #REF! | F48: =TRUNC(E48*C48,0) -> #REF! | G48: =일위대가목록!#REF! -> #REF! | H48: =TRUNC(G48*C48,0) -> #REF! | I48: =일위대가목록!#REF! -> #REF! | J48: =TRUNC(I48*C48,0) -> #REF! | K48: =E48+G48+I48 -> #REF! | L48: =F48+H48+J48 -> #REF! | P48: 2640 | R48: S00000A750YA | T48: T | Z48: =F1235+F1236+F1237+F1238+F1239+F1240+F1241+F1242+F1243+F1244+F1245+F1246+F1247+F1248+F1249+F1250+F1251+F1252+F1253+F1254+F1255+F1256+F1257+F1258+F1259 -> 16832573 | AA48: =H1235+H1236+H1237+H1238+H1239+H1240+H1241+H1242+H1243+H1244+H1245+H1246+H1247+H1248+H1249+H1250+H1251+H1252+H1253+H1254+H1255+H1256+H1257+H1258+H1259 -> 0 | AB48: =J1235+J1236+J1237+J1238+J1239+J1240+J1241+J1242+J1243+J1244+J1245+J1246+J1247+J1248+J1249+J1250+J1251+J1252+J1253+J1254+J1255+J1256+J1257+J1258+J1259 -> 0 | BI48: =HYPERLINK("#일위대가목록!A113","S00000A750YA →") -> S00000A750YA →
A49: 압력배관 설치 및 철거 | B49: 700A | C49: 1 | D49: M | E49: =일위대가목록!#REF! -> #REF! | F49: =TRUNC(E49*C49,0) -> #REF! | G49: =일위대가목록!#REF! -> #REF! | H49: =TRUNC(G49*C49,0) -> #REF! | I49: =일위대가목록!#REF! -> #REF! | J49: =TRUNC(I49*C49,0) -> #REF! | K49: =E49+G49+I49 -> #REF! | L49: =F49+H49+J49 -> #REF! | P49: 2650 | R49: S00000A700 | T49: T | Z49: =F1260+F1261+F1262+F1263+F1264+F1265+F1266+F1267+F1268+F1269+F1270+F1271+F1272+F1273+F1274+F1275+F1276+F1277+F1278+F1279+F1280+F1281+F1282+F1283+F1284 -> 24949092 | AA49: =H1260+H1261+H1262+H1263+H1264+H1265+H1266+H1267+H1268+H1269+H1270+H1271+H1272+H1273+H1274+H1275+H1276+H1277+H1278+H1279+H1280+H1281+H1282+H1283+H1284 -> 0 | AB49: =J1260+J1261+J1262+J1263+J1264+J1265+J1266+J1267+J1268+J1269+J1270+J1271+J1272+J1273+J1274+J1275+J1276+J1277+J1278+J1279+J1280+J1281+J1282+J1283+J1284 -> 0 | BI49: =HYPERLINK("#일위대가목록!A114","S00000A700 →") -> S00000A700 →
A50: 압력배관 설치 및 철거(야간) | B50: 700A | C50: 1 | D50: M | E50: =일위대가목록!#REF! -> #REF! | F50: =TRUNC(E50*C50,0) -> #REF! | G50: =일위대가목록!#REF! -> #REF! | H50: =TRUNC(G50*C50,0) -> #REF! | I50: =일위대가목록!#REF! -> #REF! | J50: =TRUNC(I50*C50,0) -> #REF! | K50: =E50+G50+I50 -> #REF! | L50: =F50+H50+J50 -> #REF! | P50: 2660 | R50: S00000A700YA | T50: T | Z50: =F1285+F1286+F1287+F1288+F1289+F1290+F1291+F1292+F1293+F1294+F1295+F1296+F1297+F1298+F1299+F1300+F1301+F1302+F1303+F1304+F1305+F1306+F1307+F1308+F1309 -> 43085964 | AA50: =H1285+H1286+H1287+H1288+H1289+H1290+H1291+H1292+H1293+H1294+H1295+H1296+H1297+H1298+H1299+H1300+H1301+H1302+H1303+H1304+H1305+H1306+H1307+H1308+H1309 -> 0 | AB50: =J1285+J1286+J1287+J1288+J1289+J1290+J1291+J1292+J1293+J1294+J1295+J1296+J1297+J1298+J1299+J1300+J1301+J1302+J1303+J1304+J1305+J1306+J1307+J1308+J1309 -> 0 | BI50: =HYPERLINK("#일위대가목록!A115","S00000A700YA →") -> S00000A700YA →
A51: 압력배관 설치 및 철거 | B51: 650A | C51: 1 | D51: M | E51: =일위대가목록!#REF! -> #REF! | F51: =TRUNC(E51*C51,0) -> #REF! | G51: =일위대가목록!#REF! -> #REF! | H51: =TRUNC(G51*C51,0) -> #REF! | I51: =일위대가목록!#REF! -> #REF! | J51: =TRUNC(I51*C51,0) -> #REF! | K51: =E51+G51+I51 -> #REF! | L51: =F51+H51+J51 -> #REF! | P51: 2670 | R51: S00000A650 | T51: T | Z51: =F1310+F1311+F1312+F1313+F1314+F1315+F1316+F1317+F1318+F1319+F1320+F1321+F1325+F1326+F1327+F1328+F1329+F1330+F1331+F1332+F1333+F1334+F1335+F1336+F1337 -> 32145717 | AA51: =H1310+H1311+H1312+H1313+H1314+H1315+H1316+H1317+H1318+H1319+H1320+H1321+H1325+H1326+H1327+H1328+H1329+H1330+H1331+H1332+H1333+H1334+H1335+H1336+H1337 -> 0 | AB51: =J1310+J1311+J1312+J1313+J1314+J1315+J1316+J1317+J1318+J1319+J1320+J1321+J1325+J1326+J1327+J1328+J1329+J1330+J1331+J1332+J1333+J1334+J1335+J1336+J1337 -> 0 | BI51: =HYPERLINK("#일위대가목록!A116","S00000A650 →") -> S00000A650 →
A52: 압력배관 설치 및 철거(야간) | B52: 650A | C52: 1 | D52: M | E52: =일위대가목록!#REF! -> #REF! | F52: =TRUNC(E52*C52,0) -> #REF! | G52: =일위대가목록!#REF! -> #REF! | H52: =TRUNC(G52*C52,0) -> #REF! | I52: =일위대가목록!#REF! -> #REF! | J52: =TRUNC(I52*C52,0) -> #REF! | K52: =E52+G52+I52 -> #REF! | L52: =F52+H52+J52 -> #REF! | P52: 2680 | R52: S00000A650YA | T52: T | Z52: =F1338+F1339+F1340+F1341+F1342+F1343+F1344+F1345+F1346+F1347+F1348+F1349+F1350+F1351+F1352+F1353+F1354+F1355+F1356+F1357+F1358+F1359+F1360+F1361+F1362 -> 37359350 | AA52: =H1338+H1339+H1340+H1341+H1342+H1343+H1344+H1345+H1346+H1347+H1348+H1349+H1350+H1351+H1352+H1353+H1354+H1355+H1356+H1357+H1358+H1359+H1360+H1361+H1362 -> 0 | AB52: =J1338+J1339+J1340+J1341+J1342+J1343+J1344+J1345+J1346+J1347+J1348+J1349+J1350+J1351+J1352+J1353+J1354+J1355+J1356+J1357+J1358+J1359+J1360+J1361+J1362 -> 0 | BI52: =HYPERLINK("#일위대가목록!A117","S00000A650YA →") -> S00000A650YA →
A53: 압력배관 설치 및 철거 | B53: 600A | C53: 1 | D53: M | E53: =일위대가목록!#REF! -> #REF! | F53: =TRUNC(E53*C53,0) -> #REF! | G53: =일위대가목록!#REF! -> #REF! | H53: =TRUNC(G53*C53,0) -> #REF! | I53: =일위대가목록!#REF! -> #REF! | J53: =TRUNC(I53*C53,0) -> #REF! | K53: =E53+G53+I53 -> #REF! | L53: =F53+H53+J53 -> #REF! | P53: 2690 | R53: S00000A600 | T53: T | Z53: =F1363+F1364+F1368+F1369+F1370+F1371+F1372+F1373+F1374+F1375+F1376+F1377+F1378+F1379+F1380+F1381+F1382+F1383+F1384+F1385+F1386+F1387+F1388+F1389+F1393 -> 18643910 | AA53: =H1363+H1364+H1368+H1369+H1370+H1371+H1372+H1373+H1374+H1375+H1376+H1377+H1378+H1379+H1380+H1381+H1382+H1383+H1384+H1385+H1386+H1387+H1388+H1389+H1393 -> 0 | AB53: =J1363+J1364+J1368+J1369+J1370+J1371+J1372+J1373+J1374+J1375+J1376+J1377+J1378+J1379+J1380+J1381+J1382+J1383+J1384+J1385+J1386+J1387+J1388+J1389+J1393 -> 0 | BI53: =HYPERLINK("#일위대가목록!A118","S00000A600 →") -> S00000A600 →
A54: 압력배관 설치 및 철거(야간) | B54: 600A | C54: 1 | D54: M | E54: =일위대가목록!#REF! -> #REF! | F54: =TRUNC(E54*C54,0) -> #REF! | G54: =일위대가목록!#REF! -> #REF! | H54: =TRUNC(G54*C54,0) -> #REF! | I54: =일위대가목록!#REF! -> #REF! | J54: =TRUNC(I54*C54,0) -> #REF! | K54: =E54+G54+I54 -> #REF! | L54: =F54+H54+J54 -> #REF! | P54: 2700 | R54: S00000A600YA | T54: T | Z54: =F1394+F1395+F1396+F1397+F1398+F1399+F1400+F1401+F1402+F1403+F1404+F1405+F1406+F1407+F1408+F1409+F1410+F1411+F1412+F1413+F1414+F1418+F1419+F1420+F1421 -> 6587350 | AA54: =H1394+H1395+H1396+H1397+H1398+H1399+H1400+H1401+H1402+H1403+H1404+H1405+H1406+H1407+H1408+H1409+H1410+H1411+H1412+H1413+H1414+H1418+H1419+H1420+H1421 -> 0 | AB54: =J1394+J1395+J1396+J1397+J1398+J1399+J1400+J1401+J1402+J1403+J1404+J1405+J1406+J1407+J1408+J1409+J1410+J1411+J1412+J1413+J1414+J1418+J1419+J1420+J1421 -> 0 | BI54: =HYPERLINK("#일위대가목록!A119","S00000A600YA →") -> S00000A600YA →
A55: 압력배관 설치 및 철거 | B55: 550A | C55: 1 | D55: M | E55: =일위대가목록!#REF! -> #REF! | F55: =TRUNC(E55*C55,0) -> #REF! | G55: =일위대가목록!#REF! -> #REF! | H55: =TRUNC(G55*C55,0) -> #REF! | I55: =일위대가목록!#REF! -> #REF! | J55: =TRUNC(I55*C55,0) -> #REF! | K55: =E55+G55+I55 -> #REF! | L55: =F55+H55+J55 -> #REF! | P55: 2710 | R55: S00000A550 | T55: T | Z55: =F1422+F1423+F1424+F1425+F1426+F1427+F1428+F1429+F1430+F1431+F1432+F1433+F1434+F1435+F1436+F1437+F1438+F1439+F1440+F1441+F1442+F1443+F1444+F1445+F1446 -> 517389000 | AA55: =H1422+H1423+H1424+H1425+H1426+H1427+H1428+H1429+H1430+H1431+H1432+H1433+H1434+H1435+H1436+H1437+H1438+H1439+H1440+H1441+H1442+H1443+H1444+H1445+H1446 -> 0 | AB55: =J1422+J1423+J1424+J1425+J1426+J1427+J1428+J1429+J1430+J1431+J1432+J1433+J1434+J1435+J1436+J1437+J1438+J1439+J1440+J1441+J1442+J1443+J1444+J1445+J1446 -> 0 | BI55: =HYPERLINK("#일위대가목록!A120","S00000A550 →") -> S00000A550 →
A56: 압력배관 설치 및 철거(야간) | B56: 550A | C56: 1 | D56: M | E56: =일위대가목록!#REF! -> #REF! | F56: =TRUNC(E56*C56,0) -> #REF! | G56: =일위대가목록!#REF! -> #REF! | H56: =TRUNC(G56*C56,0) -> #REF! | I56: =일위대가목록!#REF! -> #REF! | J56: =TRUNC(I56*C56,0) -> #REF! | K56: =E56+G56+I56 -> #REF! | L56: =F56+H56+J56 -> #REF! | P56: 2720 | R56: S00000A550YA | T56: T | Z56: =F1447+F1448+F1449+F1450+F1451+F1452+F1457+F1458+F1459+F1463+F1464+F1465+F1466+F1467+F1468+F1469+F1470+F1471+F1472+F1473+F1474+F1475+F1476+F1477+F1478 -> #REF! | AA56: =H1447+H1448+H1449+H1450+H1451+H1452+H1457+H1458+H1459+H1463+H1464+H1465+H1466+H1467+H1468+H1469+H1470+H1471+H1472+H1473+H1474+H1475+H1476+H1477+H1478 -> #REF! | AB56: =J1447+J1448+J1449+J1450+J1451+J1452+J1457+J1458+J1459+J1463+J1464+J1465+J1466+J1467+J1468+J1469+J1470+J1471+J1472+J1473+J1474+J1475+J1476+J1477+J1478 -> #REF! | BI56: =HYPERLINK("#일위대가목록!A121","S00000A550YA →") -> S00000A550YA →
A57: 압력배관 설치 및 철거 | B57: 500A | C57: 1 | D57: M | E57: =일위대가목록!#REF! -> #REF! | F57: =TRUNC(E57*C57,0) -> #REF! | G57: =일위대가목록!#REF! -> #REF! | H57: =TRUNC(G57*C57,0) -> #REF! | I57: =일위대가목록!#REF! -> #REF! | J57: =TRUNC(I57*C57,0) -> #REF! | K57: =E57+G57+I57 -> #REF! | L57: =F57+H57+J57 -> #REF! | P57: 2730 | R57: S00000A500 | T57: T | Z57: =F1479+F1480+F1485+F1486+F1491 -> #REF! | AA57: =H1479+H1480+H1485+H1486+H1491 -> #REF! | AB57: =J1479+J1480+J1485+J1486+J1491 -> #REF! | BI57: =HYPERLINK("#일위대가목록!A122","S00000A500 →") -> S00000A500 →
A58: 압력배관 설치 및 철거(야간) | B58: 500A | C58: 1 | D58: M | E58: =일위대가목록!#REF! -> #REF! | F58: =TRUNC(E58*C58,0) -> #REF! | G58: =일위대가목록!#REF! -> #REF! | H58: =TRUNC(G58*C58,0) -> #REF! | I58: =일위대가목록!#REF! -> #REF! | J58: =TRUNC(I58*C58,0) -> #REF! | K58: =E58+G58+I58 -> #REF! | L58: =F58+H58+J58 -> #REF! | P58: 2740 | R58: S00000A500YA | T58: T | BI58: =HYPERLINK("#일위대가목록!A123","S00000A500YA →") -> S00000A500YA →
A59: 압력배관 설치 및 철거 | B59: 450A | C59: 1 | D59: M | E59: =일위대가목록!#REF! -> #REF! | F59: =TRUNC(E59*C59,0) -> #REF! | G59: =일위대가목록!#REF! -> #REF! | H59: =TRUNC(G59*C59,0) -> #REF! | I59: =일위대가목록!#REF! -> #REF! | J59: =TRUNC(I59*C59,0) -> #REF! | K59: =E59+G59+I59 -> #REF! | L59: =F59+H59+J59 -> #REF! | P59: 2750 | R59: S00000A450 | T59: T | BI59: =HYPERLINK("#일위대가목록!A124","S00000A450 →") -> S00000A450 →
A60: 압력배관 설치 및 철거(야간) | B60: 450A | C60: 1 | D60: M | E60: =일위대가목록!#REF! -> #REF! | F60: =TRUNC(E60*C60,0) -> #REF! | G60: =일위대가목록!#REF! -> #REF! | H60: =TRUNC(G60*C60,0) -> #REF! | I60: =일위대가목록!#REF! -> #REF! | J60: =TRUNC(I60*C60,0) -> #REF! | K60: =E60+G60+I60 -> #REF! | L60: =F60+H60+J60 -> #REF! | P60: 2760 | R60: S00000A450YA | T60: T | BI60: =HYPERLINK("#일위대가목록!A125","S00000A450YA →") -> S00000A450YA →
A61: 압력배관 설치 및 철거 | B61: 400A | C61: 1 | D61: M | E61: =일위대가목록!#REF! -> #REF! | F61: =TRUNC(E61*C61,0) -> #REF! | G61: =일위대가목록!#REF! -> #REF! | H61: =TRUNC(G61*C61,0) -> #REF! | I61: =일위대가목록!#REF! -> #REF! | J61: =TRUNC(I61*C61,0) -> #REF! | K61: =E61+G61+I61 -> #REF! | L61: =F61+H61+J61 -> #REF! | P61: 2770 | R61: S00000A400 | T61: T | BI61: =HYPERLINK("#일위대가목록!A126","S00000A400 →") -> S00000A400 →
A62: 압력배관 설치 및 철거(야간) | B62: 400A | C62: 1 | D62: M | E62: =일위대가목록!#REF! -> #REF! | F62: =TRUNC(E62*C62,0) -> #REF! | G62: =일위대가목록!#REF! -> #REF! | H62: =TRUNC(G62*C62,0) -> #REF! | I62: =일위대가목록!#REF! -> #REF! | J62: =TRUNC(I62*C62,0) -> #REF! | K62: =E62+G62+I62 -> #REF! | L62: =F62+H62+J62 -> #REF! | P62: 2780 | R62: S00000A400YA | T62: T | BI62: =HYPERLINK("#일위대가목록!A127","S00000A400YA →") -> S00000A400YA →
A63: 압력배관 설치 및 철거 | B63: 350A | C63: 1 | D63: M | E63: =일위대가목록!#REF! -> #REF! | F63: =TRUNC(E63*C63,0) -> #REF! | G63: =일위대가목록!#REF! -> #REF! | H63: =TRUNC(G63*C63,0) -> #REF! | I63: =일위대가목록!#REF! -> #REF! | J63: =TRUNC(I63*C63,0) -> #REF! | K63: =E63+G63+I63 -> #REF! | L63: =F63+H63+J63 -> #REF! | P63: 2790 | R63: S00000A350 | T63: T | BI63: =HYPERLINK("#일위대가목록!A128","S00000A350 →") -> S00000A350 →
A64: 압력배관 설치 및 철거(야간) | B64: 350A | C64: 1 | D64: M | E64: =일위대가목록!#REF! -> #REF! | F64: =TRUNC(E64*C64,0) -> #REF! | G64: =일위대가목록!#REF! -> #REF! | H64: =TRUNC(G64*C64,0) -> #REF! | I64: =일위대가목록!#REF! -> #REF! | J64: =TRUNC(I64*C64,0) -> #REF! | K64: =E64+G64+I64 -> #REF! | L64: =F64+H64+J64 -> #REF! | P64: 2800 | R64: S00000A350YA | T64: T | BI64: =HYPERLINK("#일위대가목록!A129","S00000A350YA →") -> S00000A350YA →
A65: 압력배관 설치 및 철거 | B65: 300A | C65: 1 | D65: M | E65: =일위대가목록!#REF! -> #REF! | F65: =TRUNC(E65*C65,0) -> #REF! | G65: =일위대가목록!#REF! -> #REF! | H65: =TRUNC(G65*C65,0) -> #REF! | I65: =일위대가목록!#REF! -> #REF! | J65: =TRUNC(I65*C65,0) -> #REF! | K65: =E65+G65+I65 -> #REF! | L65: =F65+H65+J65 -> #REF! | P65: 2810 | R65: S00000A300 | T65: T | BI65: =HYPERLINK("#일위대가목록!A130","S00000A300 →") -> S00000A300 →
A66: 압력배관 설치 및 철거(야간) | B66: 300A | C66: 1 | D66: M | E66: =일위대가목록!#REF! -> #REF! | F66: =TRUNC(E66*C66,0) -> #REF! | G66: =일위대가목록!#REF! -> #REF! | H66: =TRUNC(G66*C66,0) -> #REF! | I66: =일위대가목록!#REF! -> #REF! | J66: =TRUNC(I66*C66,0) -> #REF! | K66: =E66+G66+I66 -> #REF! | L66: =F66+H66+J66 -> #REF! | P66: 2820 | R66: S00000A300YA | T66: T | BI66: =HYPERLINK("#일위대가목록!A131","S00000A300YA →") -> S00000A300YA →
A67: 압력배관 설치 및 철거 | B67: 250A | C67: 1 | D67: M | E67: =일위대가목록!#REF! -> #REF! | F67: =TRUNC(E67*C67,0) -> #REF! | G67: =일위대가목록!#REF! -> #REF! | H67: =TRUNC(G67*C67,0) -> #REF! | I67: =일위대가목록!#REF! -> #REF! | J67: =TRUNC(I67*C67,0) -> #REF! | K67: =E67+G67+I67 -> #REF! | L67: =F67+H67+J67 -> #REF! | P67: 2830 | R67: S00000A250 | T67: T | BI67: =HYPERLINK("#일위대가목록!A132","S00000A250 →") -> S00000A250 →
A68: 압력배관 설치 및 철거(야간) | B68: 250A | C68: 1 | D68: M | E68: =일위대가목록!#REF! -> #REF! | F68: =TRUNC(E68*C68,0) -> #REF! | G68: =일위대가목록!#REF! -> #REF! | H68: =TRUNC(G68*C68,0) -> #REF! | I68: =일위대가목록!#REF! -> #REF! | J68: =TRUNC(I68*C68,0) -> #REF! | K68: =E68+G68+I68 -> #REF! | L68: =F68+H68+J68 -> #REF! | P68: 2840 | R68: S00000A250YA | T68: T | BI68: =HYPERLINK("#일위대가목록!A133","S00000A250YA →") -> S00000A250YA →
A69: 압력배관 설치 및 철거 | B69: 200A | C69: 1 | D69: M | E69: =일위대가목록!#REF! -> #REF! | F69: =TRUNC(E69*C69,0) -> #REF! | G69: =일위대가목록!#REF! -> #REF! | H69: =TRUNC(G69*C69,0) -> #REF! | I69: =일위대가목록!#REF! -> #REF! | J69: =TRUNC(I69*C69,0) -> #REF! | K69: =E69+G69+I69 -> #REF! | L69: =F69+H69+J69 -> #REF! | P69: 2850 | R69: S00000A200 | T69: T | BI69: =HYPERLINK("#일위대가목록!A134","S00000A200 →") -> S00000A200 →
A70: 압력배관 설치 및 철거(야간) | B70: 200A | C70: 1 | D70: M | E70: =일위대가목록!#REF! -> #REF! | F70: =TRUNC(E70*C70,0) -> #REF! | G70: =일위대가목록!#REF! -> #REF! | H70: =TRUNC(G70*C70,0) -> #REF! | I70: =일위대가목록!#REF! -> #REF! | J70: =TRUNC(I70*C70,0) -> #REF! | K70: =E70+G70+I70 -> #REF! | L70: =F70+H70+J70 -> #REF! | P70: 2860 | R70: S00000A200YA | T70: T | BI70: =HYPERLINK("#일위대가목록!A135","S00000A200YA →") -> S00000A200YA →
A71: 압력배관 설치 및 철거 | B71: 100A | C71: 1 | D71: M | E71: =일위대가목록!#REF! -> #REF! | F71: =TRUNC(E71*C71,0) -> #REF! | G71: =일위대가목록!#REF! -> #REF! | H71: =TRUNC(G71*C71,0) -> #REF! | I71: =일위대가목록!#REF! -> #REF! | J71: =TRUNC(I71*C71,0) -> #REF! | K71: =E71+G71+I71 -> #REF! | L71: =F71+H71+J71 -> #REF! | P71: 2870 | R71: S00000A100 | T71: T | BI71: =HYPERLINK("#일위대가목록!A136","S00000A100 →") -> S00000A100 →
A72: 압력배관 설치 및 철거(야간) | B72: 100A | C72: 1 | D72: M | E72: =일위대가목록!#REF! -> #REF! | F72: =TRUNC(E72*C72,0) -> #REF! | G72: =일위대가목록!#REF! -> #REF! | H72: =TRUNC(G72*C72,0) -> #REF! | I72: =일위대가목록!#REF! -> #REF! | J72: =TRUNC(I72*C72,0) -> #REF! | K72: =E72+G72+I72 -> #REF! | L72: =F72+H72+J72 -> #REF! | P72: 2880 | R72: S00000A100YA | T72: T | BI72: =HYPERLINK("#일위대가목록!A137","S00000A100YA →") -> S00000A100YA →
A73: 압력배관 설치 및 철거 | B73: 80A | C73: 1 | D73: M | E73: =일위대가목록!#REF! -> #REF! | F73: =TRUNC(E73*C73,0) -> #REF! | G73: =일위대가목록!#REF! -> #REF! | H73: =TRUNC(G73*C73,0) -> #REF! | I73: =일위대가목록!#REF! -> #REF! | J73: =TRUNC(I73*C73,0) -> #REF! | K73: =E73+G73+I73 -> #REF! | L73: =F73+H73+J73 -> #REF! | P73: 2890 | R73: S00000A080 | T73: T | BI73: =HYPERLINK("#일위대가목록!A138","S00000A080 →") -> S00000A080 →
A74: 압력배관 설치 및 철거(야간) | B74: 80A | C74: 1 | D74: M | E74: =일위대가목록!#REF! -> #REF! | F74: =TRUNC(E74*C74,0) -> #REF! | G74: =일위대가목록!#REF! -> #REF! | H74: =TRUNC(G74*C74,0) -> #REF! | I74: =일위대가목록!#REF! -> #REF! | J74: =TRUNC(I74*C74,0) -> #REF! | K74: =E74+G74+I74 -> #REF! | L74: =F74+H74+J74 -> #REF! | P74: 2900 | R74: S00000A080YA | T74: T | BI74: =HYPERLINK("#일위대가목록!A139","S00000A080YA →") -> S00000A080YA →
A75: 압력배관 설치 및 철거 | B75: 65A | C75: 1 | D75: M | E75: =일위대가목록!#REF! -> #REF! | F75: =TRUNC(E75*C75,0) -> #REF! | G75: =일위대가목록!#REF! -> #REF! | H75: =TRUNC(G75*C75,0) -> #REF! | I75: =일위대가목록!#REF! -> #REF! | J75: =TRUNC(I75*C75,0) -> #REF! | K75: =E75+G75+I75 -> #REF! | L75: =F75+H75+J75 -> #REF! | P75: 2910 | R75: S00000A065 | T75: T | BI75: =HYPERLINK("#일위대가목록!A140","S00000A065 →") -> S00000A065 →
A76: 압력배관 설치 및 철거(야간) | B76: 65A | C76: 1 | D76: M | E76: =일위대가목록!#REF! -> #REF! | F76: =TRUNC(E76*C76,0) -> #REF! | G76: =일위대가목록!#REF! -> #REF! | H76: =TRUNC(G76*C76,0) -> #REF! | I76: =일위대가목록!#REF! -> #REF! | J76: =TRUNC(I76*C76,0) -> #REF! | K76: =E76+G76+I76 -> #REF! | L76: =F76+H76+J76 -> #REF! | P76: 2920 | R76: S00000A065YA | T76: T | BI76: =HYPERLINK("#일위대가목록!A141","S00000A065YA →") -> S00000A065YA →
A77: 압력배관 설치 및 철거 | B77: 50A | C77: 1 | D77: M | E77: =일위대가목록!#REF! -> #REF! | F77: =TRUNC(E77*C77,0) -> #REF! | G77: =일위대가목록!#REF! -> #REF! | H77: =TRUNC(G77*C77,0) -> #REF! | I77: =일위대가목록!#REF! -> #REF! | J77: =TRUNC(I77*C77,0) -> #REF! | K77: =E77+G77+I77 -> #REF! | L77: =F77+H77+J77 -> #REF! | P77: 2930 | R77: S00000A050 | T77: T | BI77: =HYPERLINK("#일위대가목록!A142","S00000A050 →") -> S00000A050 →
A78: 압력배관 설치 및 철거(야간) | B78: 50A | C78: 1 | D78: M | E78: =일위대가목록!#REF! -> #REF! | F78: =TRUNC(E78*C78,0) -> #REF! | G78: =일위대가목록!#REF! -> #REF! | H78: =TRUNC(G78*C78,0) -> #REF! | I78: =일위대가목록!#REF! -> #REF! | J78: =TRUNC(I78*C78,0) -> #REF! | K78: =E78+G78+I78 -> #REF! | L78: =F78+H78+J78 -> #REF! | P78: 2940 | R78: S00000A050YA | T78: T | BI78: =HYPERLINK("#일위대가목록!A143","S00000A050YA →") -> S00000A050YA →
A79: 압력배관 설치 및 철거 | B79: 40A | C79: 1 | D79: M | E79: =일위대가목록!#REF! -> #REF! | F79: =TRUNC(E79*C79,0) -> #REF! | G79: =일위대가목록!#REF! -> #REF! | H79: =TRUNC(G79*C79,0) -> #REF! | I79: =일위대가목록!#REF! -> #REF! | J79: =TRUNC(I79*C79,0) -> #REF! | K79: =E79+G79+I79 -> #REF! | L79: =F79+H79+J79 -> #REF! | P79: 2950 | R79: S00000A040 | T79: T | BI79: =HYPERLINK("#일위대가목록!A144","S00000A040 →") -> S00000A040 →
A80: 압력배관 설치 및 철거(야간) | B80: 40A | C80: 1 | D80: M | E80: =일위대가목록!#REF! -> #REF! | F80: =TRUNC(E80*C80,0) -> #REF! | G80: =일위대가목록!#REF! -> #REF! | H80: =TRUNC(G80*C80,0) -> #REF! | I80: =일위대가목록!#REF! -> #REF! | J80: =TRUNC(I80*C80,0) -> #REF! | K80: =E80+G80+I80 -> #REF! | L80: =F80+H80+J80 -> #REF! | P80: 2960 | R80: S00000A040YA | T80: T | BI80: =HYPERLINK("#일위대가목록!A145","S00000A040YA →") -> S00000A040YA →
A81: 압력배관 설치 및 철거 | B81: 32A | C81: 1 | D81: M | E81: =일위대가목록!#REF! -> #REF! | F81: =TRUNC(E81*C81,0) -> #REF! | G81: =일위대가목록!#REF! -> #REF! | H81: =TRUNC(G81*C81,0) -> #REF! | I81: =일위대가목록!#REF! -> #REF! | J81: =TRUNC(I81*C81,0) -> #REF! | K81: =E81+G81+I81 -> #REF! | L81: =F81+H81+J81 -> #REF! | P81: 2970 | R81: S00000A032 | T81: T | BI81: =HYPERLINK("#일위대가목록!A146","S00000A032 →") -> S00000A032 →
A82: 압력배관 설치 및 철거(야간) | B82: 32A | C82: 1 | D82: M | E82: =일위대가목록!#REF! -> #REF! | F82: =TRUNC(E82*C82,0) -> #REF! | G82: =일위대가목록!#REF! -> #REF! | H82: =TRUNC(G82*C82,0) -> #REF! | I82: =일위대가목록!#REF! -> #REF! | J82: =TRUNC(I82*C82,0) -> #REF! | K82: =E82+G82+I82 -> #REF! | L82: =F82+H82+J82 -> #REF! | P82: 2980 | R82: S00000A032YA | T82: T | BI82: =HYPERLINK("#일위대가목록!A147","S00000A032YA →") -> S00000A032YA →
A83: 압력배관 설치 및 철거 | B83: 25A | C83: 1 | D83: M | E83: =일위대가목록!#REF! -> #REF! | F83: =TRUNC(E83*C83,0) -> #REF! | G83: =일위대가목록!#REF! -> #REF! | H83: =TRUNC(G83*C83,0) -> #REF! | I83: =일위대가목록!#REF! -> #REF! | J83: =TRUNC(I83*C83,0) -> #REF! | K83: =E83+G83+I83 -> #REF! | L83: =F83+H83+J83 -> #REF! | P83: 2990 | R83: S00000A025 | T83: T | BI83: =HYPERLINK("#일위대가목록!A148","S00000A025 →") -> S00000A025 →
A84: 압력배관 설치 및 철거(야간) | B84: 25A | C84: 1 | D84: M | E84: =일위대가목록!#REF! -> #REF! | F84: =TRUNC(E84*C84,0) -> #REF! | G84: =일위대가목록!#REF! -> #REF! | H84: =TRUNC(G84*C84,0) -> #REF! | I84: =일위대가목록!#REF! -> #REF! | J84: =TRUNC(I84*C84,0) -> #REF! | K84: =E84+G84+I84 -> #REF! | L84: =F84+H84+J84 -> #REF! | P84: 3000 | R84: S00000A025YA | T84: T | BI84: =HYPERLINK("#일위대가목록!A149","S00000A025YA →") -> S00000A025YA →
A85: 압력배관 설치 및 철거 | B85: 20A | C85: 1 | D85: M | E85: =일위대가목록!#REF! -> #REF! | F85: =TRUNC(E85*C85,0) -> #REF! | G85: =일위대가목록!#REF! -> #REF! | H85: =TRUNC(G85*C85,0) -> #REF! | I85: =일위대가목록!#REF! -> #REF! | J85: =TRUNC(I85*C85,0) -> #REF! | K85: =E85+G85+I85 -> #REF! | L85: =F85+H85+J85 -> #REF! | P85: 3010 | R85: S00000A020 | T85: T | BI85: =HYPERLINK("#일위대가목록!A150","S00000A020 →") -> S00000A020 →
A86: 압력배관 설치 및 철거(야간) | B86: 20A | C86: 1 | D86: M | E86: =일위대가목록!#REF! -> #REF! | F86: =TRUNC(E86*C86,0) -> #REF! | G86: =일위대가목록!#REF! -> #REF! | H86: =TRUNC(G86*C86,0) -> #REF! | I86: =일위대가목록!#REF! -> #REF! | J86: =TRUNC(I86*C86,0) -> #REF! | K86: =E86+G86+I86 -> #REF! | L86: =F86+H86+J86 -> #REF! | P86: 3020 | R86: S00000A020YA | T86: T | BI86: =HYPERLINK("#일위대가목록!A151","S00000A020YA →") -> S00000A020YA →
A87: 계 | F87: =TRUNC(SUM(AF87:AF88),0) -> #REF! | H87: =TRUNC(SUM(AG87:AG88),0) -> #REF! | J87: =TRUNC(SUM(AH87:AH88),0) -> #REF! | K87: =E87+G87+I87 -> 0 | L87: =F87+H87+J87 -> #REF! | P87: 3030 | AF87: =F86+F85+F84+F83+F82+F81+F80+F79+F78+F77+F76+F75+F74+F73+F72+F71+F70+F69+F68+F67+F66+F65+F64+F63+F62+F61+F60+F59+F58+F57+F56+F55+F54+F53+F52+F51+F50 -> #REF! | AG87: =H86+H85+H84+H83+H82+H81+H80+H79+H78+H77+H76+H75+H74+H73+H72+H71+H70+H69+H68+H67+H66+H65+H64+H63+H62+H61+H60+H59+H58+H57+H56+H55+H54+H53+H52+H51+H50 -> #REF! | AH87: =J86+J85+J84+J83+J82+J81+J80+J79+J78+J77+J76+J75+J74+J73+J72+J71+J70+J69+J68+J67+J66+J65+J64+J63+J62+J61+J60+J59+J58+J57+J56+J55+J54+J53+J52+J51+J50 -> #REF!
F88: 0 | H88: 0 | J88: 0 | K88: =E88+G88+I88 -> 0 | L88: =F88+H88+J88 -> 0 | P88: 3040 | AF88: =F49+F48+F47 -> #REF! | AG88: =H49+H48+H47 -> #REF! | AH88: =J49+J48+J47 -> #REF!
A89: 이중보온관 운반 | F89: 0 | H89: 0 | J89: 0 | K89: =E89+G89+I89 -> 0 | L89: =F89+H89+J89 -> 0 | P89: 3050
A90: 이중보온관 운반 | B90: 750A | C90: 1 | D90: m | E90: =일위대가목록!#REF! -> #REF! | F90: =TRUNC(E90*C90,0) -> #REF! | G90: =일위대가목록!#REF! -> #REF! | H90: =TRUNC(G90*C90,0) -> #REF! | I90: =일위대가목록!#REF! -> #REF! | J90: =TRUNC(I90*C90,0) -> #REF! | K90: =E90+G90+I90 -> #REF! | L90: =F90+H90+J90 -> #REF! | P90: 3060 | R90: SS00200W750 | T90: F | BI90: =HYPERLINK("#일위대가목록!A3","SS00200W750 →") -> SS00200W750 →
A91: 이중보온관 운반 | B91: 700A | C91: 1 | D91: m | E91: =일위대가목록!#REF! -> #REF! | F91: =TRUNC(E91*C91,0) -> #REF! | G91: =일위대가목록!#REF! -> #REF! | H91: =TRUNC(G91*C91,0) -> #REF! | I91: =일위대가목록!#REF! -> #REF! | J91: =TRUNC(I91*C91,0) -> #REF! | K91: =E91+G91+I91 -> #REF! | L91: =F91+H91+J91 -> #REF! | P91: 3070 | R91: SS00200W700 | T91: F | BI91: =HYPERLINK("#일위대가목록!A4","SS00200W700 →") -> SS00200W700 →
A92: 이중보온관 운반 | B92: 650A | C92: 1 | D92: m | E92: =일위대가목록!#REF! -> #REF! | F92: =TRUNC(E92*C92,0) -> #REF! | G92: =일위대가목록!#REF! -> #REF! | H92: =TRUNC(G92*C92,0) -> #REF! | I92: =일위대가목록!#REF! -> #REF! | J92: =TRUNC(I92*C92,0) -> #REF! | K92: =E92+G92+I92 -> #REF! | L92: =F92+H92+J92 -> #REF! | P92: 3080 | R92: SS00200W650 | T92: F | BI92: =HYPERLINK("#일위대가목록!A5","SS00200W650 →") -> SS00200W650 →
A93: 이중보온관 운반 | B93: 600A | C93: 1 | D93: m | E93: =일위대가목록!#REF! -> #REF! | F93: =TRUNC(E93*C93,0) -> #REF! | G93: =일위대가목록!#REF! -> #REF! | H93: =TRUNC(G93*C93,0) -> #REF! | I93: =일위대가목록!#REF! -> #REF! | J93: =TRUNC(I93*C93,0) -> #REF! | K93: =E93+G93+I93 -> #REF! | L93: =F93+H93+J93 -> #REF! | P93: 3090 | R93: SS00200W600 | T93: F | BI93: =HYPERLINK("#일위대가목록!A6","SS00200W600 →") -> SS00200W600 →
A94: 이중보온관 운반 | B94: 550A | C94: 1 | D94: m | E94: =일위대가목록!#REF! -> #REF! | F94: =TRUNC(E94*C94,0) -> #REF! | G94: =일위대가목록!#REF! -> #REF! | H94: =TRUNC(G94*C94,0) -> #REF! | I94: =일위대가목록!#REF! -> #REF! | J94: =TRUNC(I94*C94,0) -> #REF! | K94: =E94+G94+I94 -> #REF! | L94: =F94+H94+J94 -> #REF! | P94: 3100 | R94: SS00200W550 | T94: F | BI94: =HYPERLINK("#일위대가목록!A7","SS00200W550 →") -> SS00200W550 →
A95: 이중보온관 운반 | B95: 500A | C95: 1 | D95: m | E95: =일위대가목록!#REF! -> #REF! | F95: =TRUNC(E95*C95,0) -> #REF! | G95: =일위대가목록!#REF! -> #REF! | H95: =TRUNC(G95*C95,0) -> #REF! | I95: =일위대가목록!#REF! -> #REF! | J95: =TRUNC(I95*C95,0) -> #REF! | K95: =E95+G95+I95 -> #REF! | L95: =F95+H95+J95 -> #REF! | P95: 3110 | R95: SS00200W500 | T95: F | BI95: =HYPERLINK("#일위대가목록!A8","SS00200W500 →") -> SS00200W500 →
A96: 이중보온관 운반 | B96: 450A | C96: 1 | D96: m | E96: =일위대가목록!#REF! -> #REF! | F96: =TRUNC(E96*C96,0) -> #REF! | G96: =일위대가목록!#REF! -> #REF! | H96: =TRUNC(G96*C96,0) -> #REF! | I96: =일위대가목록!#REF! -> #REF! | J96: =TRUNC(I96*C96,0) -> #REF! | K96: =E96+G96+I96 -> #REF! | L96: =F96+H96+J96 -> #REF! | P96: 3120 | R96: SS00200W450 | T96: F | BI96: =HYPERLINK("#일위대가목록!A9","SS00200W450 →") -> SS00200W450 →
A97: 이중보온관 운반 | B97: 400A | C97: 1 | D97: m | E97: =일위대가목록!#REF! -> #REF! | F97: =TRUNC(E97*C97,0) -> #REF! | G97: =일위대가목록!#REF! -> #REF! | H97: =TRUNC(G97*C97,0) -> #REF! | I97: =일위대가목록!#REF! -> #REF! | J97: =TRUNC(I97*C97,0) -> #REF! | K97: =E97+G97+I97 -> #REF! | L97: =F97+H97+J97 -> #REF! | P97: 3130 | R97: SS00200W400 | T97: F | BI97: =HYPERLINK("#일위대가목록!A10","SS00200W400 →") -> SS00200W400 →
A98: 이중보온관 운반 | B98: 350A | C98: 1 | D98: m | E98: =일위대가목록!#REF! -> #REF! | F98: =TRUNC(E98*C98,0) -> #REF! | G98: =일위대가목록!#REF! -> #REF! | H98: =TRUNC(G98*C98,0) -> #REF! | I98: =일위대가목록!#REF! -> #REF! | J98: =TRUNC(I98*C98,0) -> #REF! | K98: =E98+G98+I98 -> #REF! | L98: =F98+H98+J98 -> #REF! | P98: 3140 | R98: SS00200W350 | T98: F | BI98: =HYPERLINK("#일위대가목록!A11","SS00200W350 →") -> SS00200W350 →
A99: 이중보온관 운반 | B99: 300A | C99: 1 | D99: m | E99: =일위대가목록!#REF! -> #REF! | F99: =TRUNC(E99*C99,0) -> #REF! | G99: =일위대가목록!#REF! -> #REF! | H99: =TRUNC(G99*C99,0) -> #REF! | I99: =일위대가목록!#REF! -> #REF! | J99: =TRUNC(I99*C99,0) -> #REF! | K99: =E99+G99+I99 -> #REF! | L99: =F99+H99+J99 -> #REF! | P99: 3150 | R99: SS00200W300 | T99: F | BI99: =HYPERLINK("#일위대가목록!A12","SS00200W300 →") -> SS00200W300 →
A100: 이중보온관 운반 | B100: 250A | C100: 1 | D100: m | E100: =일위대가목록!#REF! -> #REF! | F100: =TRUNC(E100*C100,0) -> #REF! | G100: =일위대가목록!#REF! -> #REF! | H100: =TRUNC(G100*C100,0) -> #REF! | I100: =일위대가목록!#REF! -> #REF! | J100: =TRUNC(I100*C100,0) -> #REF! | K100: =E100+G100+I100 -> #REF! | L100: =F100+H100+J100 -> #REF! | P100: 3160 | R100: SS00200W250 | T100: F | BI100: =HYPERLINK("#일위대가목록!A13","SS00200W250 →") -> SS00200W250 →
A101: 이중보온관 운반 | B101: 200A | C101: 1 | D101: m | E101: =일위대가목록!#REF! -> #REF! | F101: =TRUNC(E101*C101,0) -> #REF! | G101: =일위대가목록!#REF! -> #REF! | H101: =TRUNC(G101*C101,0) -> #REF! | I101: =일위대가목록!#REF! -> #REF! | J101: =TRUNC(I101*C101,0) -> #REF! | K101: =E101+G101+I101 -> #REF! | L101: =F101+H101+J101 -> #REF! | P101: 3170 | R101: SS00200W200 | T101: F | BI101: =HYPERLINK("#일위대가목록!A14","SS00200W200 →") -> SS00200W200 →
...

Sheet 표지
A17: [기계분야]

Sheet 원가계산
A1: 공 사 원 가 계 산 서
A2: □ 2025년 서울에너지공사 유지보수 연간단가[기계]
F3: (단위:원)
A4: 구 분 | D4: 금 액 | F4: 비 고
A6: 1. 공 사 원 가 | B6: 가. 재료비 | C6: 1 ) 직접재료비 | D6: =내역서!F6 -> #REF!
C7: 2 ) 간접재료비
C8: 소 계 | D8: =D6+D7 -> #REF!
B9: 나. 노무비 | C9: 1 ) 직접노무비 | D9: =내역서!H6 -> #REF!
C10: 2 ) 간접노무비 | D10: =INT(D9*G10%) -> #REF! | F10: ="나 1)의 "&G10&"%" -> 나 1)의 12.8% | G10: 12.8
C11: 소 계 | D11: =D9+D10 -> #REF!
B12: 다. 경 비 | C12: 1 ) 기계경비 | D12: =내역서!J6 -> #REF!
C13: 2 ) 산재보험료 | D13: =INT(D11*G13%) -> #REF! | F13: ="나. 의 "&G13&"%" -> 나. 의 3.56% | G13: 3.56
C14: 3 ) 고용보험료 | D14: =INT(D11*G14%) -> #REF! | F14: ="나. 의 "&G14&"%" -> 나. 의 1.01% | G14: 1.01
C15: 4 ) 건강보험료 | D15: =INT(D9*G15%) -> #REF! | F15: ="나.1) 의 "&G15&"%" -> 나.1) 의 3.545% | G15: 3.545
C16: 5 ) 노인성 장기보험료 | D16: =INT(D15*G16%) -> #REF! | F16: ="다.4) 의 "&G16&"%" -> 다.4) 의 12.95% | G16: 12.95
C17: 6 ) 연금보험료 | D17: =INT(D9*G17%) -> #REF! | F17: ="나.1) 의 "&G17&"%" -> 나.1) 의 4.5% | G17: 4.5
C18: 7 ) 환경보전비 | D18: =INT((D8+D9+D12)*G18%) -> #REF! | F18: ="(재+직노+기경)*"&G18&"%" -> (재+직노+기경)*0.3% | G18: 0.3 | K18: 5억미만 | L18: 토목공사 | M18: 3.15
C19: 8 ) 산업안전보건관리비 | D19: =INT((D8+D9)*G19%+5349000) -> #REF! | F19: ="가+나1)의 "&G19&"%+3300000" -> 가+나1)의 2.53%+3300000 | G19: 2.53 | K19: 5억~50억미만 | L19: 토목공사 | M19: 2.53 | N19: 3300000
C20: 9 ) 퇴직공제부금비 | D20: =INT(D9*G20%) -> #REF! | F20: ="나.1) 의 "&G20&"%" -> 나.1) 의 2.3% | G20: 2.3 | K20: 50억이상 (추정금액800억미만) | L20: 토목공사 | M20: 2.6
C21: 10 ) 기타 경 비 | D21: =INT(D8+D11)*G21% -> #REF! | F21: ="(가+나)의 "&G21&"%" -> (가+나)의 6% | G21: 6
C22: 소 계 | D22: =SUM(D12:D21) -> #REF! | K22: 50억이상 (추정금액800억이상) | L22: 토목공사 | M22: 2.73
B23: 계 | D23: =D8+D11+D22 -> #REF!
A24: 2 | B24: 일 반 관 리 비 | D24: =INT(D23*G24%) -> #REF! | F24: ="1)의 "&G24&"%" -> 1)의 6% | G24: 6
A25: 3 | B25: 이 윤 | D25: =INT((D11+D22+D24)*G26%) -> #REF! | F25: ="나+다+2의 "&G26&"%" -> 나+다+2의 15%
A26: 4 | B26: 고 용 개 선 지 원 비 | D26: =INT((D9*7.6%*1.4)+(D9*7.995%*20%)+(D9*7.6%*10%)) -> #REF! | G26: 15
A27: 5 | B27: 합 계 | D27: =SUM(D23:D26) -> #REF!
A28: 6 | B28: 부 가 가 치 세 | D28: =INT(D27*10%) -> #REF! | F28: 5의 10%
A29: 7 | B29: 총 계 | D29: =D27+D28 -> #REF!
A30: ※ 제비율 적용기준 : 2025년도 건축·산업환경설비공사 원가계산 (발주금액에 따라 조달청 공사원가계산 제비율 기준 적용 요함)
A31: ※ 고용개선비 적용기준 : 30억-100억 미만/13~36개월/설비 7.6% 적용(발주금액 및 기간에 따라 재산정 요함)

Sheet 일위대가목록
A1: 일위대가목록 | AD1: ='원가계산서(양지사)'!D34 -> 1433893000 | AE1: 기준 | AF1: =AD1-AD2 -> 0
A2: 공 종 명 | B2: 규 격 | C2: 수 량 | D2: 단 위 | E2: 합 계 | F2: 재 료 비 | G2: 노 무 비 | H2: 경 비 | I2: 비 고 | T2: 재료비 | U2: 노무비 | V2: 경 비 | W2: 합 계 | Y2: 비교검토 | AD2: ='원가계산서(양지사)'!D31 -> 1433893000 | AE2: 현재금액 | AG2: 0.88298889
A3: No.711 부단수 천공(차단) | B3: 300A | C3: 1 | D3: 개소 | E3: =F3+G3+H3 -> 13377641 | F3: =AH3 -> 10581357 | G3: =AI3 -> 2096589 | H3: =AJ3 -> 699695 | K3: SZD0001-300 | L3: T | T3: 15694688 | U3: 10978645 | V3: 609059 | W3: 27282392 | Y3: =EXACT($E3,$W3) -> FALSE | AA3: =HYPERLINK("#일위대가_호표!A4282","SZD0001-300 →") -> SZD0001-300 → | AD3: 11983568 | AE3: 2374423 | AF3: 792417 | AH3: =INT(AD3*$AG$2) -> 10581357 | AI3: =INT(AE3*$AG$2) -> 2096589 | AJ3: =INT(AF3*$AG$2) -> 699695
A4: No.714 부단수 천공(차단) | B4: 450A | C4: 1 | D4: 개소 | E4: =F4+G4+H4 -> 24676980 | F4: =AH4 -> 20995856 | G4: =AI4 -> 2897828 | H4: =AJ4 -> 783296 | K4: SZD0001-450 | L4: T | T4: 29623611 | U4: 11988559 | V4: 805421 | W4: 42417591 | Y4: =EXACT($E4,$W4) -> FALSE | AA4: =HYPERLINK("#일위대가_호표!A4294","SZD0001-450 →") -> SZD0001-450 → | AD4: 23778166 | AE4: 3281840 | AF4: 887097 | AH4: =INT(AD4*$AG$2) -> 20995856 | AI4: =INT(AE4*$AG$2) -> 2897828 | AJ4: =INT(AF4*$AG$2) -> 783296
A5: No.717 부단수 천공(차단) | B5: 600A | C5: 1 | D5: 개소 | E5: =F5+G5+H5 -> 36943210 | F5: =AH5 -> 32245254 | G5: =AI5 -> 3903873 | H5: =AJ5 -> 794083 | K5: SZD0001-600 | L5: T | T5: 45689539 | U5: 13223510 | V5: 898775 | W5: 59811824 | Y5: =EXACT($E5,$W5) -> FALSE | AA5: =HYPERLINK("#일위대가_호표!A4306","SZD0001-600 →") -> SZD0001-600 → | AD5: 36518302 | AE5: 4421203 | AF5: 899313 | AH5: =INT(AD5*$AG$2) -> 32245254 | AI5: =INT(AE5*$AG$2) -> 3903873 | AJ5: =INT(AF5*$AG$2) -> 794083
A6: No.718 부단수 천공(차단) | B6: 650A | C6: 1 | D6: 개소 | E6: =F6+G6+H6 -> 39342351 | F6: =AH6 -> 34401427 | G6: =AI6 -> 4144605 | H6: =AJ6 -> 796319 | K6: SZD0001-650 | L6: T | T6: 49795535 | U6: 13529820 | V6: 930812 | W6: 64256167 | Y6: =EXACT($E6,$W6) -> FALSE | AA6: =HYPERLINK("#일위대가_호표!A4310","SZD0001-650 →") -> SZD0001-650 → | AD6: 38960204 | AE6: 4693837 | AF6: 901845 | AH6: =INT(AD6*$AG$2) -> 34401427 | AI6: =INT(AE6*$AG$2) -> 4144605 | AJ6: =INT(AF6*$AG$2) -> 796319
A7: No.719 부단수 천공(차단) | B7: 700A | C7: 1 | D7: 개소 | E7: =F7+G7+H7 -> 43452420 | F7: =AH7 -> 38234376 | G7: =AI7 -> 4376697 | H7: =AJ7 -> 841347 | K7: SZD0001-700 | L7: T | T7: 54191925 | U7: 13878775 | V7: 1143390 | W7: 69214090 | Y7: =EXACT($E7,$W7) -> FALSE | AA7: =HYPERLINK("#일위대가_호표!A4314","SZD0001-700 →") -> SZD0001-700 → | AD7: 43301084 | AE7: 4956685 | AF7: 952840 | AH7: =INT(AD7*$AG$2) -> 38234376 | AI7: =INT(AE7*$AG$2) -> 4376697 | AJ7: =INT(AF7*$AG$2) -> 841347
A8: No.720 부단수 천공(차단) | B8: 750A | C8: 1 | D8: 개소 | E8: =F8+G8+H8 -> 49509422 | F8: =AH8 -> 44056471 | G8: =AI8 -> 4609505 | H8: =AJ8 -> 843446 | K8: SZD0001-750 | L8: T | T8: 65152747 | U8: 14174997 | V8: 1178313 | W8: 80506057 | Y8: =EXACT($E8,$W8) -> FALSE | AA8: =HYPERLINK("#일위대가_호표!A4318","SZD0001-750 →") -> SZD0001-750 → | AD8: 49894706 | AE8: 5220344 | AF8: 955218 | AH8: =INT(AD8*$AG$2) -> 44056471 | AI8: =INT(AE8*$AG$2) -> 4609505 | AJ8: =INT(AF8*$AG$2) -> 843446
A9: No.806 용접공기량시험 | C9: 1 | D9: 인 | E9: =F9+G9+H9 -> 249476 | F9: =AH9 -> 0 | G9: =AI9 -> 249476 | H9: =AJ9 -> 0 | K9: TM-407 | L9: T | T9: 0 | U9: 278326 | V9: 0 | W9: 278326 | Y9: =EXACT($E9,$W9) -> FALSE | AA9: =HYPERLINK("#일위대가_호표!A5245","TM-407 →") -> TM-407 → | AD9: 0 | AE9: 282536 | AF9: 0 | AH9: =INT(AD9*$AG$2) -> 0 | AI9: =INT(AE9*$AG$2) -> 249476 | AJ9: =INT(AF9*$AG$2) -> 0
A10: No.812 HOT TAPPING | B10: 300A | C10: 1 | D10: ea | E10: =F10+G10+H10 -> 13377641 | F10: =AH10 -> 10581357 | G10: =AI10 -> 2096589 | H10: =AJ10 -> 699695 | K10: SZD0003-300 | L10: T | T10: 15326314 | U10: 10297717 | V10: 407765 | W10: 26031796 | Y10: =EXACT($E10,$W10) -> FALSE | AA10: =HYPERLINK("#일위대가_호표!A5333","SZD0003-300 →") -> SZD0003-300 → | AD10: 11983568 | AE10: 2374423 | AF10: 792417 | AH10: =INT(AD10*$AG$2) -> 10581357 | AI10: =INT(AE10*$AG$2) -> 2096589 | AJ10: =INT(AF10*$AG$2) -> 699695
A11: No.815 HOT TAPPING | B11: 450A | C11: 1 | D11: ea | E11: =F11+G11+H11 -> 24676980 | F11: =AH11 -> 20995856 | G11: =AI11 -> 2897828 | H11: =AJ11 -> 783296 | K11: SZD0003-450 | L11: T | T11: 29255237 | U11: 11307631 | V11: 604127 | W11: 41166995 | Y11: =EXACT($E11,$W11) -> FALSE | AA11: =HYPERLINK("#일위대가_호표!A5384","SZD0003-450 →") -> SZD0003-450 → | AD11: 23778166 | AE11: 3281840 | AF11: 887097 | AH11: =INT(AD11*$AG$2) -> 20995856 | AI11: =INT(AE11*$AG$2) -> 2897828 | AJ11: =INT(AF11*$AG$2) -> 783296
A12: No.818 HOT TAPPING | B12: 600A | C12: 1 | D12: ea | E12: =F12+G12+H12 -> 36943210 | F12: =AH12 -> 32245254 | G12: =AI12 -> 3903873 | H12: =AJ12 -> 794083 | K12: SZD0003-600 | L12: T | T12: 45321165 | U12: 12542582 | V12: 697481 | W12: 58561228 | Y12: =EXACT($E12,$W12) -> FALSE | AA12: =HYPERLINK("#일위대가_호표!A5435","SZD0003-600 →") -> SZD0003-600 → | AD12: 36518302 | AE12: 4421203 | AF12: 899313 | AH12: =INT(AD12*$AG$2) -> 32245254 | AI12: =INT(AE12*$AG$2) -> 3903873 | AJ12: =INT(AF12*$AG$2) -> 794083
A13: No.819 HOT TAPPING | B13: 650A | C13: 1 | D13: ea | E13: =F13+G13+H13 -> 39342351 | F13: =AH13 -> 34401427 | G13: =AI13 -> 4144605 | H13: =AJ13 -> 796319 | K13: SZD0003-650 | L13: T | T13: 49427161 | U13: 12848892 | V13: 729518 | W13: 63005571 | Y13: =EXACT($E13,$W13) -> FALSE | AA13: =HYPERLINK("#일위대가_호표!A5452","SZD0003-650 →") -> SZD0003-650 → | AD13: 38960204 | AE13: 4693837 | AF13: 901845 | AH13: =INT(AD13*$AG$2) -> 34401427 | AI13: =INT(AE13*$AG$2) -> 4144605 | AJ13: =INT(AF13*$AG$2) -> 796319
A14: No.820 HOT TAPPING | B14: 700A | C14: 1 | D14: ea | E14: =F14+G14+H14 -> 43452420 | F14: =AH14 -> 38234376 | G14: =AI14 -> 4376697 | H14: =AJ14 -> 841347 | K14: SZD0003-700 | L14: T | T14: 53793116 | U14: 13171591 | V14: 861691 | W14: 67826398 | Y14: =EXACT($E14,$W14) -> FALSE | AA14: =HYPERLINK("#일위대가_호표!A5469","SZD0003-700 →") -> SZD0003-700 → | AD14: 43301084 | AE14: 4956685 | AF14: 952840 | AH14: =INT(AD14*$AG$2) -> 38234376 | AI14: =INT(AE14*$AG$2) -> 4376697 | AJ14: =INT(AF14*$AG$2) -> 841347
A15: No.821 HOT TAPPING | B15: 750A | C15: 1 | D15: ea | E15: =F15+G15+H15 -> 49509422 | F15: =AH15 -> 44056471 | G15: =AI15 -> 4609505 | H15: =AJ15 -> 843446 | K15: SZD0003-750 | L15: T | T15: 64753938 | U15: 13467813 | V15: 896614 | W15: 79118365 | Y15: =EXACT($E15,$W15) -> FALSE | AA15: =HYPERLINK("#일위대가_호표!A5486","SZD0003-750 →") -> SZD0003-750 → | AD15: 49894706 | AE15: 5220344 | AF15: 955218 | AH15: =INT(AD15*$AG$2) -> 44056471 | AI15: =INT(AE15*$AG$2) -> 4609505 | AJ15: =INT(AF15*$AG$2) -> 843446
A16: No.833 STOPPLE FITTING 및 SANDWICH V/V설치 | B16: 100A | C16: 1 | D16: 개소 | E16: =F16+G16+H16 -> 219918 | F16: =일위대가_호표!H133 -> 0 | G16: =일위대가_호표!J133 -> 219918 | H16: =일위대가_호표!L133 -> 0 | K16: SZE0001-100 | L16: T | T16: 0 | U16: 220596 | V16: 0 | W16: 220596 | Y16: =EXACT($E16,$W16) -> FALSE | AA16: =HYPERLINK("#일위대가_호표!A5893","SZE0001-100 →") -> SZE0001-100 →
A17: No.834 TAPPING M/C 설치 | B17: 50A | C17: 1 | D17: ton | E17: =F17+G17+H17 -> 999605 | F17: =일위대가_호표!H139 -> 0 | G17: =일위대가_호표!J139 -> 999605 | H17: =일위대가_호표!L139 -> 0 | K17: SZI000001 | L17: T | T17: 0 | U17: 975695 | V17: 0 | W17: 975695 | Y17: =EXACT($E17,$W17) -> FALSE | AA17: =HYPERLINK("#일위대가_호표!A5899","SZI000001 →") -> SZI000001 →
A18: No.835 STOPPLE PLUGGING M/C 설치 | C18: 1 | D18: ton | E18: =F18+G18+H18 -> 999605 | F18: =일위대가_호표!H143 -> 0 | G18: =일위대가_호표!J143 -> 999605 | H18: =일위대가_호표!L143 -> 0 | K18: SZJ000001 | L18: T | T18: 0 | U18: 975695 | V18: 0 | W18: 975695 | Y18: =EXACT($E18,$W18) -> FALSE | AA18: =HYPERLINK("#일위대가_호표!A5903","SZJ000001 →") -> SZJ000001 →
A19: No.836 LOCK-O-RING PLUG M/C 설치 | C19: 1 | D19: ton | E19: =F19+G19+H19 -> 999605 | F19: =일위대가_호표!H147 -> 0 | G19: =일위대가_호표!J147 -> 999605 | H19: =일위대가_호표!L147 -> 0 | K19: SZK000001 | L19: T | T19: 0 | U19: 975695 | V19: 0 | W19: 975695 | Y19: =EXACT($E19,$W19) -> FALSE | AA19: =HYPERLINK("#일위대가_호표!A5907","SZK000001 →") -> SZK000001 →
A20: No.837 THREAD-O-RING NIPPLE 설치 | B20: 50A | C20: 1 | D20: 개소 | E20: =F20+G20+H20 -> 59958 | F20: =일위대가_호표!H151 -> 0 | G20: =일위대가_호표!J151 -> 59958 | H20: =일위대가_호표!L151 -> 0 | K20: SZL000001 | L20: T | T20: 0 | U20: 60866 | V20: 0 | W20: 60866 | Y20: =EXACT($E20,$W20) -> FALSE | AA20: =HYPERLINK("#일위대가_호표!A5911","SZL000001 →") -> SZL000001 →
A21: No.838 T-101 설치 | B21: 50A | C21: 1 | D21: ton | E21: =F21+G21+H21 -> 1199526 | F21: =일위대가_호표!H156 -> 0 | G21: =일위대가_호표!J156 -> 1199526 | H21: =일위대가_호표!L156 -> 0 | K21: SZM000001 | L21: T | T21: 0 | U21: 1170834 | V21: 0 | W21: 1170834 | Y21: =EXACT($E21,$W21) -> FALSE | AA21: =HYPERLINK("#일위대가_호표!A5916","SZM000001 →") -> SZM000001 →
A22: No.839 칩제거 장비 설치 | B22: 50A | C22: 1 | D22: ton | E22: =F22+G22+H22 -> 999605 | F22: =일위대가_호표!H160 -> 0 | G22: =일위대가_호표!J160 -> 999605 | H22: =일위대가_호표!L160 -> 0 | K22: SZN000001 | L22: T | T22: 0 | U22: 975695 | V22: 0 | W22: 975695 | Y22: =EXACT($E22,$W22) -> FALSE | AA22: =HYPERLINK("#일위대가_호표!A5920","SZN000001 →") -> SZN000001 →
A23: No.854 STOPPLE FITTING 및 SANDWICH V/V설치 | B23: 300A | C23: 1 | D23: 개소 | E23: =F23+G23+H23 -> 624298 | F23: =일위대가_호표!H164 -> 0 | G23: =일위대가_호표!J164 -> 624298 | H23: =일위대가_호표!L164 -> 0 | K23: SZE0001-300 | L23: T | T23: 0 | U23: 626231 | V23: 0 | W23: 626231 | Y23: =EXACT($E23,$W23) -> FALSE | AA23: =HYPERLINK("#일위대가_호표!A6008","SZE0001-300 →") -> SZE0001-300 →
A24: No.855 STOPPLE FITTING 용접 | B24: 300A | C24: 1 | D24: 개소 | E24: =F24+G24+H24 -> 730018 | F24: =일위대가_호표!H170 -> 37374 | G24: =일위대가_호표!J170 -> 682148 | H24: =일위대가_호표!L170 -> 10496 | K24: SZG0001-300 | L24: T | T24: 31647 | U24: 687012 | V24: 10496 | W24: 729155 | Y24: =EXACT($E24,$W24) -> FALSE | AA24: =HYPERLINK("#일위대가_호표!A6014","SZG0001-300 →") -> SZG0001-300 →
A25: No.856 L-O-R PLUG마감 용접 | B25: 300A | C25: 1 | D25: 개소 | E25: =F25+G25+H25 -> 730018 | F25: =일위대가_호표!H176 -> 37374 | G25: =일위대가_호표!J176 -> 682148 | H25: =일위대가_호표!L176 -> 10496 | K25: SZH0001-300 | L25: T | T25: 31647 | U25: 687012 | V25: 10496 | W25: 729155 | Y25: =EXACT($E25,$W25) -> FALSE | AA25: =HYPERLINK("#일위대가_호표!A6020","SZH0001-300 →") -> SZH0001-300 →
A26: No.863 STOPPLE FITTING 및 SANDWICH V/V설치 | B26: 450A | C26: 1 | D26: 개소 | E26: =F26+G26+H26 -> 982063 | F26: =일위대가_호표!H182 -> 0 | G26: =일위대가_호표!J182 -> 982063 | H26: =일위대가_호표!L182 -> 0 | K26: SZE0001-450 | L26: T | T26: 0 | U26: 985050 | V26: 0 | W26: 985050 | Y26: =EXACT($E26,$W26) -> FALSE | AA26: =HYPERLINK("#일위대가_호표!A6062","SZE0001-450 →") -> SZE0001-450 →
A27: No.864 STOPPLE FITTING 용접 | B27: 450A | C27: 1 | D27: 개소 | E27: =F27+G27+H27 -> 1026220 | F27: =일위대가_호표!H188 -> 54063 | G27: =일위대가_호표!J188 -> 956974 | H27: =일위대가_호표!L188 -> 15183 | K27: SZG0001-450 | L27: T | T27: 45779 | U27: 964615 | V27: 15183 | W27: 1025577 | Y27: =EXACT($E27,$W27) -> FALSE | AA27: =HYPERLINK("#일위대가_호표!A6068","SZG0001-450 →") -> SZG0001-450 →
A28: No.865 L-O-R PLUG마감 용접 | B28: 450A | C28: 1 | D28: 개소 | E28: =F28+G28+H28 -> 1026220 | F28: =일위대가_호표!H194 -> 54063 | G28: =일위대가_호표!J194 -> 956974 | H28: =일위대가_호표!L194 -> 15183 | K28: SZH0001-450 | L28: T | T28: 45779 | U28: 964615 | V28: 15183 | W28: 1025577 | Y28: =EXACT($E28,$W28) -> FALSE | AA28: =HYPERLINK("#일위대가_호표!A6074","SZH0001-450 →") -> SZH0001-450 →
A29: No.872 STOPPLE FITTING 및 SANDWICH V/V설치 | B29: 600A | C29: 1 | D29: 개소 | E29: =F29+G29+H29 -> 1366784 | F29: =일위대가_호표!H200 -> 0 | G29: =일위대가_호표!J200 -> 1366784 | H29: =일위대가_호표!L200 -> 0 | K29: SZE0001-600 | L29: T | T29: 0 | U29: 1370988 | V29: 0 | W29: 1370988 | Y29: =EXACT($E29,$W29) -> FALSE | AA29: =HYPERLINK("#일위대가_호표!A6116","SZE0001-600 →") -> SZE0001-600 →
A30: No.873 STOPPLE FITTING 용접 | B30: 600A | C30: 1 | D30: 개소 | E30: =F30+G30+H30 -> 1431397 | F30: =일위대가_호표!H206 -> 75811 | G30: =일위대가_호표!J206 -> 1334295 | H30: =일위대가_호표!L206 -> 21291 | K30: SZG0001-600 | L30: T | T30: 64196 | U30: 1345172 | V30: 21291 | W30: 1430659 | Y30: =EXACT($E30,$W30) -> FALSE | AA30: =HYPERLINK("#일위대가_호표!A6122","SZG0001-600 →") -> SZG0001-600 →
A31: No.874 L-O-R PLUG마감 용접 | B31: 600A | C31: 1 | D31: 개소 | E31: =F31+G31+H31 -> 1431397 | F31: =일위대가_호표!H212 -> 75811 | G31: =일위대가_호표!J212 -> 1334295 | H31: =일위대가_호표!L212 -> 21291 | K31: SZH0001-600 | L31: T | T31: 64196 | U31: 1345172 | V31: 21291 | W31: 1430659 | Y31: =EXACT($E31,$W31) -> FALSE | AA31: =HYPERLINK("#일위대가_호표!A6128","SZH0001-600 →") -> SZH0001-600 →
A32: No.875 STOPPLE FITTING 및 SANDWICH V/V설치 | B32: 650A | C32: 1 | D32: 개소 | E32: =F32+G32+H32 -> 1483840 | F32: =일위대가_호표!H218 -> 0 | G32: =일위대가_호표!J218 -> 1483840 | H32: =일위대가_호표!L218 -> 0 | K32: SZE0001-650 | L32: T | T32: 0 | U32: 1488407 | V32: 0 | W32: 1488407 | Y32: =EXACT($E32,$W32) -> FALSE | AA32: =HYPERLINK("#일위대가_호표!A6134","SZE0001-650 →") -> SZE0001-650 →
A33: No.876 STOPPLE FITTING 용접 | B33: 650A | C33: 1 | D33: 개소 | E33: =F33+G33+H33 -> 1514963 | F33: =일위대가_호표!H224 -> 80322 | G33: =일위대가_호표!J224 -> 1412084 | H33: =일위대가_호표!L224 -> 22557 | K33: SZG0001-650 | L33: T | T33: 68015 | U33: 1423636 | V33: 22557 | W33: 1514208 | Y33: =EXACT($E33,$W33) -> FALSE | AA33: =HYPERLINK("#일위대가_호표!A6140","SZG0001-650 →") -> SZG0001-650 →
A34: No.877 L-O-R PLUG마감 용접 | B34: 650A | C34: 1 | D34: 개소 | E34: =F34+G34+H34 -> 1514963 | F34: =일위대가_호표!H230 -> 80322 | G34: =일위대가_호표!J230 -> 1412084 | H34: =일위대가_호표!L230 -> 22557 | K34: SZH0001-650 | L34: T | T34: 68015 | U34: 1423636 | V34: 22557 | W34: 1514208 | Y34: =EXACT($E34,$W34) -> FALSE | AA34: =HYPERLINK("#일위대가_호표!A6146","SZH0001-650 →") -> SZH0001-650 →
A35: No.878 STOPPLE FITTING 및 SANDWICH V/V설치 | B35: 700A | C35: 1 | D35: 개소 | E35: =F35+G35+H35 -> 1600896 | F35: =일위대가_호표!H236 -> 0 | G35: =일위대가_호표!J236 -> 1600896 | H35: =일위대가_호표!L236 -> 0 | K35: SZE0001-700 | L35: T | T35: 0 | U35: 1605825 | V35: 0 | W35: 1605825 | Y35: =EXACT($E35,$W35) -> FALSE | AA35: =HYPERLINK("#일위대가_호표!A6152","SZE0001-700 →") -> SZE0001-700 →
A36: No.879 STOPPLE FITTING 용접 | B36: 700A | C36: 1 | D36: 개소 | E36: =F36+G36+H36 -> 1593265 | F36: =일위대가_호표!H242 -> 84542 | G36: =일위대가_호표!J242 -> 1484980 | H36: =일위대가_호표!L242 -> 23743 | K36: SZG0001-700 | L36: T | T36: 71588 | U36: 1497167 | V36: 23743 | W36: 1592498 | Y36: =EXACT($E36,$W36) -> FALSE | AA36: =HYPERLINK("#일위대가_호표!A6158","SZG0001-700 →") -> SZG0001-700 →
A37: No.880 L-O-R PLUG마감 용접 | B37: 700A | C37: 1 | D37: 개소 | E37: =F37+G37+H37 -> 1593265 | F37: =일위대가_호표!H248 -> 84542 | G37: =일위대가_호표!J248 -> 1484980 | H37: =일위대가_호표!L248 -> 23743 | K37: SZH0001-700 | L37: T | T37: 71588 | U37: 1497167 | V37: 23743 | W37: 1592498 | Y37: =EXACT($E37,$W37) -> FALSE | AA37: =HYPERLINK("#일위대가_호표!A6164","SZH0001-700 →") -> SZH0001-700 →
A38: No.881 STOPPLE FITTING 및 SANDWICH V/V설치 | B38: 750A | C38: 1 | D38: 개소 | E38: =F38+G38+H38 -> 1687035 | F38: =일위대가_호표!H254 -> 0 | G38: =일위대가_호표!J254 -> 1687035 | H38: =일위대가_호표!L254 -> 0 | K38: SZE0001-750 | L38: T | T38: 0 | U38: 1691938 | V38: 0 | W38: 1691938 | Y38: =EXACT($E38,$W38) -> FALSE | AA38: =HYPERLINK("#일위대가_호표!A6170","SZE0001-750 →") -> SZE0001-750 →
A39: No.882 STOPPLE FITTING 용접 | B39: 750A | C39: 1 | D39: 개소 | E39: =F39+G39+H39 -> 1687450 | F39: =일위대가_호표!H260 -> 88778 | G39: =일위대가_호표!J260 -> 1573740 | H39: =일위대가_호표!L260 -> 24932 | K39: SZG0001-750 | L39: T | T39: 75176 | U39: 1586240 | V39: 24932 | W39: 1686348 | Y39: =EXACT($E39,$W39) -> FALSE | AA39: =HYPERLINK("#일위대가_호표!A6176","SZG0001-750 →") -> SZG0001-750 →
A40: No.883 L-O-R PLUG마감 용접 | B40: 750A | C40: 1 | D40: 개소 | E40: =F40+G40+H40 -> 1687450 | F40: =일위대가_호표!H266 -> 88778 | G40: =일위대가_호표!J266 -> 1573740 | H40: =일위대가_호표!L266 -> 24932 | K40: SZH0001-750 | L40: T | T40: 75176 | U40: 1586240 | V40: 24932 | W40: 1686348 | Y40: =EXACT($E40,$W40) -> FALSE | AA40: =HYPERLINK("#일위대가_호표!A6182","SZH0001-750 →") -> SZH0001-750 →

Sheet 일위대가_호표
A1: 일위대가_호표
A2: 공 종 명 | B2: 규 격 | C2: 수량 | D2: 단위 | E2: 합 계 | G2: 재 료 비 | I2: 노 무 비 | K2: 경 비 | M2: 비 고
E3: 단 가 | F3: 금 액 | G3: 단 가 | H3: 금 액 | I3: 단 가 | J3: 금 액 | K3: 단 가 | L3: 금 액 | S3: 할 증 | T3: 화폐변환 | U3: OP값 | V3: EQ | W3: LA | X3: MA | Y3: 금액계상
A5: No.711 부단수 천공(차단) | B5: 300A | C5: 1 | D5: 개소 | F5: =H5+J5+L5 -> 13377641 | H5: =TRUNC(H6+H7,0) -> 10581357 | J5: =TRUNC(J6+J7,0) -> 2096589 | L5: =TRUNC(L6+L7,0) -> 699695 | O5: SZD0001-300
A6: HOT TAPPING | B6: 300A | C6: 1 | D6: ea | E6: =G6+I6+K6 -> 13377641 | F6: =H6+J6+L6 -> 13377641 | G6: =일위대가목록!F10 -> 10581357 | H6: =TRUNC(G6*C6,1) -> 10581357 | I6: =일위대가목록!G10 -> 2096589 | J6: =TRUNC(I6*C6,1) -> 2096589 | K6: =일위대가목록!H10 -> 699695 | L6: =TRUNC(K6*C6,1) -> 699695 | P6: 10 | R6: SZD0003-300 | T6: T | BI6: =HYPERLINK("#일위대가목록!A891","SZD0003-300 →") -> SZD0003-300 →
P7: 20 | R7: E00002702002000000 | BI7: =HYPERLINK("#중기사용료목록!A10","E00002702002000000 →") -> E00002702002000000 →
A9: No.714 부단수 천공(차단) | B9: 450A | C9: 1 | D9: 개소 | F9: =H9+J9+L9 -> 24676980 | H9: =TRUNC(H10+H11,0) -> 20995856 | J9: =TRUNC(J10+J11,0) -> 2897828 | L9: =TRUNC(L10+L11,0) -> 783296 | O9: SZD0001-450
A10: HOT TAPPING | B10: 450A | C10: 1 | D10: ea | E10: =G10+I10+K10 -> 24676980 | F10: =H10+J10+L10 -> 24676980 | G10: =일위대가목록!F11 -> 20995856 | H10: =TRUNC(G10*C10,1) -> 20995856 | I10: =일위대가목록!G11 -> 2897828 | J10: =TRUNC(I10*C10,1) -> 2897828 | K10: =일위대가목록!H11 -> 783296 | L10: =TRUNC(K10*C10,1) -> 783296 | P10: 10 | R10: SZD0003-450 | T10: T | BI10: =HYPERLINK("#일위대가목록!A894","SZD0003-450 →") -> SZD0003-450 →
P11: 20 | R11: E00002702002000000 | BI11: =HYPERLINK("#중기사용료목록!A10","E00002702002000000 →") -> E00002702002000000 →
A13: No.717 부단수 천공(차단) | B13: 600A | C13: 1 | D13: 개소 | F13: =H13+J13+L13 -> 36943210 | H13: =TRUNC(H14+H15,0) -> 32245254 | J13: =TRUNC(J14+J15,0) -> 3903873 | L13: =TRUNC(L14+L15,0) -> 794083 | O13: SZD0001-600
A14: HOT TAPPING | B14: 600A | C14: 1 | D14: ea | E14: =G14+I14+K14 -> 36943210 | F14: =H14+J14+L14 -> 36943210 | G14: =일위대가목록!F12 -> 32245254 | H14: =TRUNC(G14*C14,1) -> 32245254 | I14: =일위대가목록!G12 -> 3903873 | J14: =TRUNC(I14*C14,1) -> 3903873 | K14: =일위대가목록!H12 -> 794083 | L14: =TRUNC(K14*C14,1) -> 794083 | P14: 10 | R14: SZD0003-600 | T14: T | BI14: =HYPERLINK("#일위대가목록!A897","SZD0003-600 →") -> SZD0003-600 →
P15: 20 | R15: E00002702002000000 | BI15: =HYPERLINK("#중기사용료목록!A10","E00002702002000000 →") -> E00002702002000000 →
A17: No.718 부단수 천공(차단) | B17: 650A | C17: 1 | D17: 개소 | F17: =H17+J17+L17 -> 39342351 | H17: =TRUNC(H18+H19,0) -> 34401427 | J17: =TRUNC(J18+J19,0) -> 4144605 | L17: =TRUNC(L18+L19,0) -> 796319 | O17: SZD0001-650
A18: HOT TAPPING | B18: 650A | C18: 1 | D18: ea | E18: =G18+I18+K18 -> 39342351 | F18: =H18+J18+L18 -> 39342351 | G18: =일위대가목록!F13 -> 34401427 | H18: =TRUNC(G18*C18,1) -> 34401427 | I18: =일위대가목록!G13 -> 4144605 | J18: =TRUNC(I18*C18,1) -> 4144605 | K18: =일위대가목록!H13 -> 796319 | L18: =TRUNC(K18*C18,1) -> 796319 | P18: 10 | R18: SZD0003-650 | T18: T | BI18: =HYPERLINK("#일위대가목록!A898","SZD0003-650 →") -> SZD0003-650 →
P19: 20 | R19: E00002702002000000 | BI19: =HYPERLINK("#중기사용료목록!A10","E00002702002000000 →") -> E00002702002000000 →
A21: No.719 부단수 천공(차단) | B21: 700A | C21: 1 | D21: 개소 | F21: =H21+J21+L21 -> 43452420 | H21: =TRUNC(H22+H23,0) -> 38234376 | J21: =TRUNC(J22+J23,0) -> 4376697 | L21: =TRUNC(L22+L23,0) -> 841347 | O21: SZD0001-700
A22: HOT TAPPING | B22: 700A | C22: 1 | D22: ea | E22: =G22+I22+K22 -> 43452420 | F22: =H22+J22+L22 -> 43452420 | G22: =일위대가목록!F14 -> 38234376 | H22: =TRUNC(G22*C22,1) -> 38234376 | I22: =일위대가목록!G14 -> 4376697 | J22: =TRUNC(I22*C22,1) -> 4376697 | K22: =일위대가목록!H14 -> 841347 | L22: =TRUNC(K22*C22,1) -> 841347 | P22: 10 | R22: SZD0003-700 | T22: T | BI22: =HYPERLINK("#일위대가목록!A899","SZD0003-700 →") -> SZD0003-700 →
P23: 20 | R23: E00002702003000000 | BI23: =HYPERLINK("#중기사용료목록!A11","E00002702003000000 →") -> E00002702003000000 →
A25: No.720 부단수 천공(차단) | B25: 750A | C25: 1 | D25: 개소 | F25: =H25+J25+L25 -> 49509422 | H25: =TRUNC(H26+H27,0) -> 44056471 | J25: =TRUNC(J26+J27,0) -> 4609505 | L25: =TRUNC(L26+L27,0) -> 843446 | O25: SZD0001-750
A26: HOT TAPPING | B26: 750A | C26: 1 | D26: ea | E26: =G26+I26+K26 -> 49509422 | F26: =H26+J26+L26 -> 49509422 | G26: =일위대가목록!F15 -> 44056471 | H26: =TRUNC(G26*C26,1) -> 44056471 | I26: =일위대가목록!G15 -> 4609505 | J26: =TRUNC(I26*C26,1) -> 4609505 | K26: =일위대가목록!H15 -> 843446 | L26: =TRUNC(K26*C26,1) -> 843446 | P26: 10 | R26: SZD0003-750 | T26: T | BI26: =HYPERLINK("#일위대가목록!A900","SZD0003-750 →") -> SZD0003-750 →
P27: 20 | R27: E00002702003000000 | BI27: =HYPERLINK("#중기사용료목록!A11","E00002702003000000 →") -> E00002702003000000 →
A28: No.806 용접공기량시험 | C28: 1 | D28: 인 | F28: =H28+J28+L28 -> 282536 | H28: =TRUNC(H29,0) -> 0 | J28: =TRUNC(J29,0) -> 282536 | L28: =TRUNC(L29,0) -> 0 | O28: TM-407
A29: 용접공 | B29: 일반공사 직종 | C29: 1 | D29: 인 | E29: =G29+I29+K29 -> 282536 | F29: =H29+J29+L29 -> 282536 | G29: 0 | I29: =노임!D6 -> 282536 | J29: =TRUNC(I29*C29,1) -> 282536 | K29: 0 | P29: 10 | R29: L001010101000012 | BI29: =HYPERLINK("#노임!A6","L001010101000012 →") -> L001010101000012 →
A31: No.812 HOT TAPPING | B31: 300A | C31: 1 | D31: ea | F31: =H31+J31+L31 -> 15150408 | H31: =TRUNC(H32+H35+H36+H37+H38+H39+H40+H41+H42+H43+H44+H45+H46,0) -> 11983568 | J31: =TRUNC(J32+J35+J36+J37+J38+J39+J40+J41+J42+J43+J44+J45+J46,0) -> 2374423 | L31: =TRUNC(L32+L35+L36+L37+L38+L39+L40+L41+L42+L43+L44+L45+L46,0) -> 792417 | O31: SZD0003-300
A32: STOPPLE FITTING L-O-R PLUG 포함 | B32: 300A | C32: 1 | D32: ea | E32: =G32+I32+K32 -> 10275000 | F32: =H32+J32+L32 -> 10275000 | G32: =자재조서!E744 -> 10275000 | H32: =TRUNC(G32*C32,1) -> 10275000 | I32: 0 | K32: 0 | P32: 10 | R32: MV-9960-001-300 | BI32: =HYPERLINK("#자재조서!A744","MV-9960-001-300 →") -> MV-9960-001-300 →
A33: TAPPING CUTTER | B33: 300A | C33: 1 | D33: ea | E33: =G33+I33+K33 -> 7069000 | F33: =H33+J33+L33 -> 7069000 | G33: =자재조서!E759 -> 7069000 | H33: =TRUNC(G33*C33,1) -> 7069000 | I33: 0 | K33: 0 | P33: 20 | Q33: * | R33: MV-9960-004-300 | BI33: =HYPERLINK("#자재조서!A759","MV-9960-004-300 →") -> MV-9960-004-300 →
A34: PILOT DRILL | B34: 300A | C34: 1 | D34: ea | E34: =G34+I34+K34 -> 357000 | F34: =H34+J34+L34 -> 357000 | G34: =자재조서!E774 -> 357000 | H34: =TRUNC(G34*C34,1) -> 357000 | I34: 0 | K34: 0 | P34: 30 | Q34: * | R34: MV-9960-007-300 | BI34: =HYPERLINK("#자재조서!A774","MV-9960-007-300 →") -> MV-9960-007-300 →
A35: SEALING ELEMENT | B35: 300A | C35: 1 | D35: ea | E35: =G35+I35+K35 -> 1114000 | F35: =H35+J35+L35 -> 1114000 | G35: =자재조서!E789 -> 1114000 | H35: =TRUNC(G35*C35,1) -> 1114000 | I35: 0 | K35: 0 | P35: 40 | R35: MV-9960-010-300 | AA35: MA+ = | AB35: =((일위대가_호표!H33+일위대가_호표!J33+일위대가_호표!L33)+(일위대가_호표!H34+일위대가_호표!J34+일위대가_호표!L34))*0.07 -> 519820 | AC35: MA = | AD35: =$AB35 -> 519820 | BI35: =HYPERLINK("#자재조서!A789","MV-9960-010-300 →") -> MV-9960-010-300 →
A36: 커터손율 | B36: 7% | C36: 7 | D36: % | E36: =G36+I36+K36 -> 0 | F36: =H36+J36+L36 -> 519820 | H36: =TRUNC((((H33+J33+L33)+(H34+J34+L34))*0.07),1) -> 519820 | J36: 0 | L36: 0 | M36: /% | P36: 50 | R36: F | X36: ma = TOT(20,30) * 0.07
A37: STOPPLE FITTING 및 SANDWICH V/V설치 | B37: 300A | C37: 1 | D37: 개소 | E37: =G37+I37+K37 -> 624298 | F37: =H37+J37+L37 -> 624298 | G37: =일위대가목록!F23 -> 0 | H37: =TRUNC(G37*C37,1) -> 0 | I37: =일위대가목록!G23 -> 624298 | J37: =TRUNC(I37*C37,1) -> 624298 | K37: =일위대가목록!H23 -> 0 | L37: =TRUNC(K37*C37,1) -> 0 | P37: 70 | R37: SZE0001-300 | T37: T | BI37: =HYPERLINK("#일위대가목록!A969","SZE0001-300 →") -> SZE0001-300 →
A38: TAPPING M/C 설치 | B38: (15% 감) | C38: 0.04 | D38: ton | E38: =G38+I38+K38 -> 999605 | F38: =H38+J38+L38 -> 39984.2 | G38: =일위대가목록!F17 -> 0 | H38: =TRUNC(G38*C38,1) -> 0 | I38: =일위대가목록!G17 -> 999605 | J38: =TRUNC(I38*C38,1) -> 39984.2 | K38: =일위대가목록!H17 -> 0 | L38: =TRUNC(K38*C38,1) -> 0 | P38: 90 | R38: SZI000001 | T38: T | BI38: =HYPERLINK("#일위대가목록!A949","SZI000001 →") -> SZI000001 →
A39: STOPPLE PLUGGING M/C 설치 | B39: (15% 감) | C39: 0.14 | D39: ton | E39: =G39+I39+K39 -> 999605 | F39: =H39+J39+L39 -> 139944.7 | G39: =일위대가목록!F18 -> 0 | H39: =TRUNC(G39*C39,1) -> 0 | I39: =일위대가목록!G18 -> 999605 | J39: =TRUNC(I39*C39,1) -> 139944.7 | K39: =일위대가목록!H18 -> 0 | L39: =TRUNC(K39*C39,1) -> 0 | P39: 100 | R39: SZJ000001 | T39: T | BI39: =HYPERLINK("#일위대가목록!A950","SZJ000001 →") -> SZJ000001 →
A40: LOCK-O-RING PLUG M/C 설치 | B40: (15% 감) | C40: 0.05 | D40: ton | E40: =G40+I40+K40 -> 999605 | F40: =H40+J40+L40 -> 49980.2 | G40: =일위대가목록!F19 -> 0 | H40: =TRUNC(G40*C40,1) -> 0 | I40: =일위대가목록!G19 -> 999605 | J40: =TRUNC(I40*C40,1) -> 49980.2 | K40: =일위대가목록!H19 -> 0 | L40: =TRUNC(K40*C40,1) -> 0 | P40: 110 | R40: SZK000001 | T40: T | BI40: =HYPERLINK("#일위대가목록!A951","SZK000001 →") -> SZK000001 →
A41: THREAD-O-RING NIPPLE 설치 | B41: 50A | C41: 1 | D41: 개소 | E41: =G41+I41+K41 -> 59958 | F41: =H41+J41+L41 -> 59958 | G41: =일위대가목록!F20 -> 0 | H41: =TRUNC(G41*C41,1) -> 0 | I41: =일위대가목록!G20 -> 59958 | J41: =TRUNC(I41*C41,1) -> 59958 | K41: =일위대가목록!H20 -> 0 | L41: =TRUNC(K41*C41,1) -> 0 | P41: 120 | R41: SZL000001 | T41: T | BI41: =HYPERLINK("#일위대가목록!A952","SZL000001 →") -> SZL000001 →
A42: T-101 설치 | B42: 50A(15% 감) | C42: 0.03 | D42: ton | E42: =G42+I42+K42 -> 1199526 | F42: =H42+J42+L42 -> 35985.7 | G42: =일위대가목록!F21 -> 0 | H42: =TRUNC(G42*C42,1) -> 0 | I42: =일위대가목록!G21 -> 1199526 | J42: =TRUNC(I42*C42,1) -> 35985.7 | K42: =일위대가목록!H21 -> 0 | L42: =TRUNC(K42*C42,1) -> 0 | P42: 130 | R42: SZM000001 | T42: T | BI42: =HYPERLINK("#일위대가목록!A953","SZM000001 →") -> SZM000001 →
A43: 칩제거 장비 설치 | B43: 50A(15% 감) | C43: 0.06 | D43: ton | E43: =G43+I43+K43 -> 999605 | F43: =H43+J43+L43 -> 59976.3 | G43: =일위대가목록!F22 -> 0 | H43: =TRUNC(G43*C43,1) -> 0 | I43: =일위대가목록!G22 -> 999605 | J43: =TRUNC(I43*C43,1) -> 59976.3 | K43: =일위대가목록!H22 -> 0 | L43: =TRUNC(K43*C43,1) -> 0 | P43: 140 | R43: SZN000001 | T43: T | BI43: =HYPERLINK("#일위대가목록!A954","SZN000001 →") -> SZN000001 →
A44: STOPPLE FITTING 용접 | B44: 300A | C44: 1 | D44: 개소 | E44: =G44+I44+K44 -> 730018 | F44: =H44+J44+L44 -> 730018 | G44: =일위대가목록!F24 -> 37374 | H44: =TRUNC(G44*C44,1) -> 37374 | I44: =일위대가목록!G24 -> 682148 | J44: =TRUNC(I44*C44,1) -> 682148 | K44: =일위대가목록!H24 -> 10496 | L44: =TRUNC(K44*C44,1) -> 10496 | P44: 150 | R44: SZG0001-300 | T44: T | BI44: =HYPERLINK("#일위대가목록!A970","SZG0001-300 →") -> SZG0001-300 →
A45: L-O-R PLUG마감 용접 | B45: 300A | C45: 1 | D45: 개소 | E45: =G45+I45+K45 -> 730018 | F45: =H45+J45+L45 -> 730018 | G45: =일위대가목록!F25 -> 37374 | H45: =TRUNC(G45*C45,1) -> 37374 | I45: =일위대가목록!G25 -> 682148 | J45: =TRUNC(I45*C45,1) -> 682148 | K45: =일위대가목록!H25 -> 10496 | L45: =TRUNC(K45*C45,1) -> 10496 | P45: 160 | R45: SZH0001-300 | T45: T | BI45: =HYPERLINK("#일위대가목록!A971","SZH0001-300 →") -> SZH0001-300 →
A46: 크레인(타이어) | B46: 15 Ton | C46: 6.97 | D46: HR | E46: =G46+I46+K46 -> 110678 | F46: =H46+J46+L46 -> 771425.6 | G46: =중기사용료목록!E4 -> 0 | H46: =TRUNC(G46*C46,1) -> 0 | I46: =중기사용료목록!F4 -> 0 | J46: =TRUNC(I46*C46,1) -> 0 | K46: =중기사용료목록!G4 -> 110678 | L46: =TRUNC(K46*C46,1) -> 771425.6 | P46: 170 | R46: E00002104001500000 | BI46: =HYPERLINK("#중기사용료목록!A5","E00002104001500000 →") -> E00002104001500000 →
A48: No.815 HOT TAPPING | B48: 450A | C48: 1 | D48: ea | F48: =H48+J48+L48 -> 27947103 | H48: =TRUNC(H49+H52+H53+H54+H55+H56+H57+H58+H59+H60+H61+H62+H63,0) -> 23778166 | J48: =TRUNC(J49+J52+J53+J54+J55+J56+J57+J58+J59+J60+J61+J62+J63,0) -> 3281840 | L48: =TRUNC(L49+L52+L53+L54+L55+L56+L57+L58+L59+L60+L61+L62+L63,0) -> 887097 | O48: SZD0003-450
A49: STOPPLE FITTING L-O-R PLUG 포함 | B49: 450A | C49: 1 | D49: ea | E49: =G49+I49+K49 -> 20780000 | F49: =H49+J49+L49 -> 20780000 | G49: =자재조서!E747 -> 20780000 | H49: =TRUNC(G49*C49,1) -> 20780000 | I49: 0 | K49: 0 | P49: 10 | R49: MV-9960-001-450 | BI49: =HYPERLINK("#자재조서!A747","MV-9960-001-450 →") -> MV-9960-001-450 →
A50: TAPPING CUTTER | B50: 450A | C50: 1 | D50: ea | E50: =G50+I50+K50 -> 7776000 | F50: =H50+J50+L50 -> 7776000 | G50: =자재조서!E762 -> 7776000 | H50: =TRUNC(G50*C50,1) -> 7776000 | I50: 0 | K50: 0 | P50: 20 | Q50: * | R50: MV-9960-004-450 | BI50: =HYPERLINK("#자재조서!A762","MV-9960-004-450 →") -> MV-9960-004-450 →
A51: PILOT DRILL | B51: 450A | C51: 1 | D51: ea | E51: =G51+I51+K51 -> 541000 | F51: =H51+J51+L51 -> 541000 | G51: =자재조서!E777 -> 541000 | H51: =TRUNC(G51*C51,1) -> 541000 | I51: 0 | K51: 0 | P51: 30 | Q51: * | R51: MV-9960-007-450 | BI51: =HYPERLINK("#자재조서!A777","MV-9960-007-450 →") -> MV-9960-007-450 →
A52: SEALING ELEMENT | B52: 450A | C52: 1 | D52: ea | E52: =G52+I52+K52 -> 1892000 | F52: =H52+J52+L52 -> 1892000 | G52: =자재조서!E792 -> 1892000 | H52: =TRUNC(G52*C52,1) -> 1892000 | I52: 0 | K52: 0 | P52: 40 | R52: MV-9960-010-450 | AA52: MA+ = | AB52: =((일위대가_호표!H50+일위대가_호표!J50+일위대가_호표!L50)+(일위대가_호표!H51+일위대가_호표!J51+일위대가_호표!L51))*0.12 -> 998040 | AC52: MA = | AD52: =$AB52 -> 998040 | BI52: =HYPERLINK("#자재조서!A792","MV-9960-010-450 →") -> MV-9960-010-450 →
A53: 커터손율 | B53: 12% | C53: 7 | D53: % | E53: =G53+I53+K53 -> 0 | F53: =H53+J53+L53 -> 998040 | H53: =TRUNC((((H50+J50+L50)+(H51+J51+L51))*0.12),1) -> 998040 | J53: 0 | L53: 0 | M53: /% | P53: 50 | R53: F | X53: ma = TOT(20,30) * 0.12
A54: STOPPLE FITTING 및 SANDWICH V/V설치 | B54: 450A | C54: 1 | D54: 개소 | E54: =G54+I54+K54 -> 982063 | F54: =H54+J54+L54 -> 982063 | G54: =일위대가목록!F26 -> 0 | H54: =TRUNC(G54*C54,1) -> 0 | I54: =일위대가목록!G26 -> 982063 | J54: =TRUNC(I54*C54,1) -> 982063 | K54: =일위대가목록!H26 -> 0 | L54: =TRUNC(K54*C54,1) -> 0 | P54: 70 | R54: SZE0001-450 | T54: T | BI54: =HYPERLINK("#일위대가목록!A978","SZE0001-450 →") -> SZE0001-450 →
A55: TAPPING M/C 설치 | B55: (15% 감) | C55: 0.04 | D55: ton | E55: =G55+I55+K55 -> 999605 | F55: =H55+J55+L55 -> 39984.2 | G55: =일위대가목록!F17 -> 0 | H55: =TRUNC(G55*C55,1) -> 0 | I55: =일위대가목록!G17 -> 999605 | J55: =TRUNC(I55*C55,1) -> 39984.2 | K55: =일위대가목록!H17 -> 0 | L55: =TRUNC(K55*C55,1) -> 0 | P55: 90 | R55: SZI000001 | T55: T | BI55: =HYPERLINK("#일위대가목록!A949","SZI000001 →") -> SZI000001 →
A56: STOPPLE PLUGGING M/C 설치 | B56: (15% 감) | C56: 0.14 | D56: ton | E56: =G56+I56+K56 -> 999605 | F56: =H56+J56+L56 -> 139944.7 | G56: =일위대가목록!F18 -> 0 | H56: =TRUNC(G56*C56,1) -> 0 | I56: =일위대가목록!G18 -> 999605 | J56: =TRUNC(I56*C56,1) -> 139944.7 | K56: =일위대가목록!H18 -> 0 | L56: =TRUNC(K56*C56,1) -> 0 | P56: 100 | R56: SZJ000001 | T56: T | BI56: =HYPERLINK("#일위대가목록!A950","SZJ000001 →") -> SZJ000001 →
A57: LOCK-O-RING PLUG M/C 설치 | B57: (15% 감) | C57: 0.05 | D57: ton | E57: =G57+I57+K57 -> 999605 | F57: =H57+J57+L57 -> 49980.2 | G57: =일위대가목록!F19 -> 0 | H57: =TRUNC(G57*C57,1) -> 0 | I57: =일위대가목록!G19 -> 999605 | J57: =TRUNC(I57*C57,1) -> 49980.2 | K57: =일위대가목록!H19 -> 0 | L57: =TRUNC(K57*C57,1) -> 0 | P57: 110 | R57: SZK000001 | T57: T | BI57: =HYPERLINK("#일위대가목록!A951","SZK000001 →") -> SZK000001 →
A58: THREAD-O-RING NIPPLE 설치 | B58: 50A | C58: 1 | D58: 개소 | E58: =G58+I58+K58 -> 59958 | F58: =H58+J58+L58 -> 59958 | G58: =일위대가목록!F20 -> 0 | H58: =TRUNC(G58*C58,1) -> 0 | I58: =일위대가목록!G20 -> 59958 | J58: =TRUNC(I58*C58,1) -> 59958 | K58: =일위대가목록!H20 -> 0 | L58: =TRUNC(K58*C58,1) -> 0 | P58: 120 | R58: SZL000001 | T58: T | BI58: =HYPERLINK("#일위대가목록!A952","SZL000001 →") -> SZL000001 →
A59: T-101 설치 | B59: 50A(15% 감) | C59: 0.03 | D59: ton | E59: =G59+I59+K59 -> 1199526 | F59: =H59+J59+L59 -> 35985.7 | G59: =일위대가목록!F21 -> 0 | H59: =TRUNC(G59*C59,1) -> 0 | I59: =일위대가목록!G21 -> 1199526 | J59: =TRUNC(I59*C59,1) -> 35985.7 | K59: =일위대가목록!H21 -> 0 | L59: =TRUNC(K59*C59,1) -> 0 | P59: 130 | R59: SZM000001 | T59: T | BI59: =HYPERLINK("#일위대가목록!A953","SZM000001 →") -> SZM000001 →
A60: 칩제거 장비 설치 | B60: 50A(15% 감) | C60: 0.06 | D60: ton | E60: =G60+I60+K60 -> 999605 | F60: =H60+J60+L60 -> 59976.3 | G60: =일위대가목록!F22 -> 0 | H60: =TRUNC(G60*C60,1) -> 0 | I60: =일위대가목록!G22 -> 999605 | J60: =TRUNC(I60*C60,1) -> 59976.3 | K60: =일위대가목록!H22 -> 0 | L60: =TRUNC(K60*C60,1) -> 0 | P60: 140 | R60: SZN000001 | T60: T | BI60: =HYPERLINK("#일위대가목록!A954","SZN000001 →") -> SZN000001 →
A61: STOPPLE FITTING 용접 | B61: 450A | C61: 1 | D61: 개소 | E61: =G61+I61+K61 -> 1026220 | F61: =H61+J61+L61 -> 1026220 | G61: =일위대가목록!F27 -> 54063 | H61: =TRUNC(G61*C61,1) -> 54063 | I61: =일위대가목록!G27 -> 956974 | J61: =TRUNC(I61*C61,1) -> 956974 | K61: =일위대가목록!H27 -> 15183 | L61: =TRUNC(K61*C61,1) -> 15183 | P61: 150 | R61: SZG0001-450 | T61: T | BI61: =HYPERLINK("#일위대가목록!A979","SZG0001-450 →") -> SZG0001-450 →
A62: L-O-R PLUG마감 용접 | B62: 450A | C62: 1 | D62: 개소 | E62: =G62+I62+K62 -> 1026220 | F62: =H62+J62+L62 -> 1026220 | G62: =일위대가목록!F28 -> 54063 | H62: =TRUNC(G62*C62,1) -> 54063 | I62: =일위대가목록!G28 -> 956974 | J62: =TRUNC(I62*C62,1) -> 956974 | K62: =일위대가목록!H28 -> 15183 | L62: =TRUNC(K62*C62,1) -> 15183 | P62: 160 | R62: SZH0001-450 | T62: T | BI62: =HYPERLINK("#일위대가목록!A980","SZH0001-450 →") -> SZH0001-450 →
A63: 크레인(타이어) | B63: 20Ton | C63: 6.97 | D63: HR | E63: =G63+I63+K63 -> 122917 | F63: =H63+J63+L63 -> 856731.4 | G63: =중기사용료목록!E5 -> 0 | H63: =TRUNC(G63*C63,1) -> 0 | I63: =중기사용료목록!F5 -> 0 | J63: =TRUNC(I63*C63,1) -> 0 | K63: =중기사용료목록!G5 -> 122917 | L63: =TRUNC(K63*C63,1) -> 856731.4 | P63: 170 | R63: E00002104002000000 | BI63: =HYPERLINK("#중기사용료목록!A6","E00002104002000000 →") -> E00002104002000000 →
A65: No.818 HOT TAPPING | B65: 600A | C65: 1 | D65: ea | F65: =H65+J65+L65 -> 41838818 | H65: =TRUNC(H66+H69+H70+H71+H72+H73+H74+H75+H76+H77+H78+H79+H80,0) -> 36518302 | J65: =TRUNC(J66+J69+J70+J71+J72+J73+J74+J75+J76+J77+J78+J79+J80,0) -> 4421203 | L65: =TRUNC(L66+L69+L70+L71+L72+L73+L74+L75+L76+L77+L78+L79+L80,0) -> 899313 | O65: SZD0003-600
A66: STOPPLE FITTING L-O-R PLUG 포함 | B66: 600A | C66: 1 | D66: ea | E66: =G66+I66+K66 -> 31331000 | F66: =H66+J66+L66 -> 31331000 | G66: =자재조서!E750 -> 31331000 | H66: =TRUNC(G66*C66,1) -> 31331000 | I66: 0 | K66: 0 | P66: 10 | R66: MV-9960-001-600 | BI66: =HYPERLINK("#자재조서!A750","MV-9960-001-600 →") -> MV-9960-001-600 →
A67: TAPPING CUTTER | B67: 600A | C67: 1 | D67: ea | E67: =G67+I67+K67 -> 10638000 | F67: =H67+J67+L67 -> 10638000 | G67: =자재조서!E765 -> 10638000 | H67: =TRUNC(G67*C67,1) -> 10638000 | I67: 0 | K67: 0 | P67: 20 | Q67: * | R67: MV-9960-004-600 | BI67: =HYPERLINK("#자재조서!A765","MV-9960-004-600 →") -> MV-9960-004-600 →
A68: PILOT DRILL | B68: 600A | C68: 1 | D68: ea | E68: =G68+I68+K68 -> 1826000 | F68: =H68+J68+L68 -> 1826000 | G68: =자재조서!E780 -> 1826000 | H68: =TRUNC(G68*C68,1) -> 1826000 | I68: 0 | K68: 0 | P68: 30 | Q68: * | R68: MV-9960-007-600 | BI68: =HYPERLINK("#자재조서!A780","MV-9960-007-600 →") -> MV-9960-007-600 →
A69: SEALING ELEMENT | B69: 600A | C69: 1 | D69: ea | E69: =G69+I69+K69 -> 3540000 | F69: =H69+J69+L69 -> 3540000 | G69: =자재조서!E795 -> 3540000 | H69: =TRUNC(G69*C69,1) -> 3540000 | I69: 0 | K69: 0 | P69: 40 | R69: MV-9960-010-600 | AA69: MA+ = | AB69: =((일위대가_호표!H67+일위대가_호표!J67+일위대가_호표!L67)+(일위대가_호표!H68+일위대가_호표!J68+일위대가_호표!L68))*0.12 -> 1495680 | AC69: MA = | AD69: =$AB69 -> 1495680 | BI69: =HYPERLINK("#자재조서!A795","MV-9960-010-600 →") -> MV-9960-010-600 →
A70: 커터손율 | B70: 12% | C70: 7 | D70: % | E70: =G70+I70+K70 -> 0 | F70: =H70+J70+L70 -> 1495680 | H70: =TRUNC((((H67+J67+L67)+(H68+J68+L68))*0.12),1) -> 1495680 | J70: 0 | L70: 0 | M70: /% | P70: 50 | R70: F | X70: ma = TOT(20,30) * 0.12
A71: STOPPLE FITTING 및 SANDWICH V/V설치 | B71: 600A | C71: 1 | D71: 개소 | E71: =G71+I71+K71 -> 1366784 | F71: =H71+J71+L71 -> 1366784 | G71: =일위대가목록!F29 -> 0 | H71: =TRUNC(G71*C71,1) -> 0 | I71: =일위대가목록!G29 -> 1366784 | J71: =TRUNC(I71*C71,1) -> 1366784 | K71: =일위대가목록!H29 -> 0 | L71: =TRUNC(K71*C71,1) -> 0 | P71: 70 | R71: SZE0001-600 | T71: T | BI71: =HYPERLINK("#일위대가목록!A987","SZE0001-600 →") -> SZE0001-600 →
A72: TAPPING M/C 설치 | B72: (15% 감) | C72: 0.04 | D72: ton | E72: =G72+I72+K72 -> 999605 | F72: =H72+J72+L72 -> 39984.2 | G72: =일위대가목록!F17 -> 0 | H72: =TRUNC(G72*C72,1) -> 0 | I72: =일위대가목록!G17 -> 999605 | J72: =TRUNC(I72*C72,1) -> 39984.2 | K72: =일위대가목록!H17 -> 0 | L72: =TRUNC(K72*C72,1) -> 0 | P72: 90 | R72: SZI000001 | T72: T | BI72: =HYPERLINK("#일위대가목록!A949","SZI000001 →") -> SZI000001 →
A73: STOPPLE PLUGGING M/C 설치 | B73: (15% 감) | C73: 0.14 | D73: ton | E73: =G73+I73+K73 -> 999605 | F73: =H73+J73+L73 -> 139944.7 | G73: =일위대가목록!F18 -> 0 | H73: =TRUNC(G73*C73,1) -> 0 | I73: =일위대가목록!G18 -> 999605 | J73: =TRUNC(I73*C73,1) -> 139944.7 | K73: =일위대가목록!H18 -> 0 | L73: =TRUNC(K73*C73,1) -> 0 | P73: 100 | R73: SZJ000001 | T73: T | BI73: =HYPERLINK("#일위대가목록!A950","SZJ000001 →") -> SZJ000001 →
A74: LOCK-O-RING PLUG M/C 설치 | B74: (15% 감) | C74: 0.05 | D74: ton | E74: =G74+I74+K74 -> 999605 | F74: =H74+J74+L74 -> 49980.2 | G74: =일위대가목록!F19 -> 0 | H74: =TRUNC(G74*C74,1) -> 0 | I74: =일위대가목록!G19 -> 999605 | J74: =TRUNC(I74*C74,1) -> 49980.2 | K74: =일위대가목록!H19 -> 0 | L74: =TRUNC(K74*C74,1) -> 0 | P74: 110 | R74: SZK000001 | T74: T | BI74: =HYPERLINK("#일위대가목록!A951","SZK000001 →") -> SZK000001 →
A75: THREAD-O-RING NIPPLE 설치 | B75: 50A | C75: 1 | D75: 개소 | E75: =G75+I75+K75 -> 59958 | F75: =H75+J75+L75 -> 59958 | G75: =일위대가목록!F20 -> 0 | H75: =TRUNC(G75*C75,1) -> 0 | I75: =일위대가목록!G20 -> 59958 | J75: =TRUNC(I75*C75,1) -> 59958 | K75: =일위대가목록!H20 -> 0 | L75: =TRUNC(K75*C75,1) -> 0 | P75: 120 | R75: SZL000001 | T75: T | BI75: =HYPERLINK("#일위대가목록!A952","SZL000001 →") -> SZL000001 →
A76: T-101 설치 | B76: 50A(15% 감) | C76: 0.03 | D76: ton | E76: =G76+I76+K76 -> 1199526 | F76: =H76+J76+L76 -> 35985.7 | G76: =일위대가목록!F21 -> 0 | H76: =TRUNC(G76*C76,1) -> 0 | I76: =일위대가목록!G21 -> 1199526 | J76: =TRUNC(I76*C76,1) -> 35985.7 | K76: =일위대가목록!H21 -> 0 | L76: =TRUNC(K76*C76,1) -> 0 | P76: 130 | R76: SZM000001 | T76: T | BI76: =HYPERLINK("#일위대가목록!A953","SZM000001 →") -> SZM000001 →
A77: 칩제거 장비 설치 | B77: 50A(15% 감) | C77: 0.06 | D77: ton | E77: =G77+I77+K77 -> 999605 | F77: =H77+J77+L77 -> 59976.3 | G77: =일위대가목록!F22 -> 0 | H77: =TRUNC(G77*C77,1) -> 0 | I77: =일위대가목록!G22 -> 999605 | J77: =TRUNC(I77*C77,1) -> 59976.3 | K77: =일위대가목록!H22 -> 0 | L77: =TRUNC(K77*C77,1) -> 0 | P77: 140 | R77: SZN000001 | T77: T | BI77: =HYPERLINK("#일위대가목록!A954","SZN000001 →") -> SZN000001 →
A78: STOPPLE FITTING 용접 | B78: 600A | C78: 1 | D78: 개소 | E78: =G78+I78+K78 -> 1431397 | F78: =H78+J78+L78 -> 1431397 | G78: =일위대가목록!F30 -> 75811 | H78: =TRUNC(G78*C78,1) -> 75811 | I78: =일위대가목록!G30 -> 1334295 | J78: =TRUNC(I78*C78,1) -> 1334295 | K78: =일위대가목록!H30 -> 21291 | L78: =TRUNC(K78*C78,1) -> 21291 | P78: 150 | R78: SZG0001-600 | T78: T | BI78: =HYPERLINK("#일위대가목록!A988","SZG0001-600 →") -> SZG0001-600 →
A79: L-O-R PLUG마감 용접 | B79: 600A | C79: 1 | D79: 개소 | E79: =G79+I79+K79 -> 1431397 | F79: =H79+J79+L79 -> 1431397 | G79: =일위대가목록!F31 -> 75811 | H79: =TRUNC(G79*C79,1) -> 75811 | I79: =일위대가목록!G31 -> 1334295 | J79: =TRUNC(I79*C79,1) -> 1334295 | K79: =일위대가목록!H31 -> 21291 | L79: =TRUNC(K79*C79,1) -> 21291 | P79: 160 | R79: SZH0001-600 | T79: T | BI79: =HYPERLINK("#일위대가목록!A989","SZH0001-600 →") -> SZH0001-600 →
A80: 크레인(타이어) | B80: 20Ton | C80: 6.97 | D80: HR | E80: =G80+I80+K80 -> 122917 | F80: =H80+J80+L80 -> 856731.4 | G80: =중기사용료목록!E5 -> 0 | H80: =TRUNC(G80*C80,1) -> 0 | I80: =중기사용료목록!F5 -> 0 | J80: =TRUNC(I80*C80,1) -> 0 | K80: =중기사용료목록!G5 -> 122917 | L80: =TRUNC(K80*C80,1) -> 856731.4 | P80: 170 | R80: E00002104002000000 | BI80: =HYPERLINK("#중기사용료목록!A6","E00002104002000000 →") -> E00002104002000000 →
A82: No.819 HOT TAPPING | B82: 650A | C82: 1 | D82: ea | F82: =H82+J82+L82 -> 44555886 | H82: =TRUNC(H83+H86+H87+H88+H89+H90+H91+H92+H93+H94+H95+H96+H97,0) -> 38960204 | J82: =TRUNC(J83+J86+J87+J88+J89+J90+J91+J92+J93+J94+J95+J96+J97,0) -> 4693837 | L82: =TRUNC(L83+L86+L87+L88+L89+L90+L91+L92+L93+L94+L95+L96+L97,0) -> 901845 | O82: SZD0003-650
A83: STOPPLE FITTING L-O-R PLUG 포함 | B83: 650A | C83: 1 | D83: ea | E83: =G83+I83+K83 -> 33632000 | F83: =H83+J83+L83 -> 33632000 | G83: =자재조서!E751 -> 33632000 | H83: =TRUNC(G83*C83,1) -> 33632000 | I83: 0 | K83: 0 | P83: 10 | R83: MV-9960-001-650 | BI83: =HYPERLINK("#자재조서!A751","MV-9960-001-650 →") -> MV-9960-001-650 →
A84: TAPPING CUTTER | B84: 650A | C84: 1 | D84: ea | E84: =G84+I84+K84 -> 10749000 | F84: =H84+J84+L84 -> 10749000 | G84: =자재조서!E766 -> 10749000 | H84: =TRUNC(G84*C84,1) -> 10749000 | I84: 0 | K84: 0 | P84: 20 | Q84: * | R84: MV-9960-004-650 | BI84: =HYPERLINK("#자재조서!A766","MV-9960-004-650 →") -> MV-9960-004-650 →
A85: PILOT DRILL | B85: 650A | C85: 1 | D85: ea | E85: =G85+I85+K85 -> 2289000 | F85: =H85+J85+L85 -> 2289000 | G85: =자재조서!E781 -> 2289000 | H85: =TRUNC(G85*C85,1) -> 2289000 | I85: 0 | K85: 0 | P85: 30 | Q85: * | R85: MV-9960-007-650 | BI85: =HYPERLINK("#자재조서!A781","MV-9960-007-650 →") -> MV-9960-007-650 →
A86: SEALING ELEMENT | B86: 650A | C86: 1 | D86: ea | E86: =G86+I86+K86 -> 3603000 | F86: =H86+J86+L86 -> 3603000 | G86: =자재조서!E796 -> 3603000 | H86: =TRUNC(G86*C86,1) -> 3603000 | I86: 0 | K86: 0 | P86: 40 | R86: MV-9960-010-650 | AA86: MA+ = | AB86: =((일위대가_호표!H84+일위대가_호표!J84+일위대가_호표!L84)+(일위대가_호표!H85+일위대가_호표!J85+일위대가_호표!L85))*0.12 -> 1564560 | AC86: MA = | AD86: =$AB86 -> 1564560 | BI86: =HYPERLINK("#자재조서!A796","MV-9960-010-650 →") -> MV-9960-010-650 →
A87: 커터손율 | B87: 12% | C87: 7 | D87: % | E87: =G87+I87+K87 -> 0 | F87: =H87+J87+L87 -> 1564560 | H87: =TRUNC((((H84+J84+L84)+(H85+J85+L85))*0.12),1) -> 1564560 | J87: 0 | L87: 0 | M87: /% | P87: 50 | R87: F | X87: ma = TOT(20,30) * 0.12
A88: STOPPLE FITTING 및 SANDWICH V/V설치 | B88: 650A | C88: 1 | D88: 개소 | E88: =G88+I88+K88 -> 1483840 | F88: =H88+J88+L88 -> 1483840 | G88: =일위대가목록!F32 -> 0 | H88: =TRUNC(G88*C88,1) -> 0 | I88: =일위대가목록!G32 -> 1483840 | J88: =TRUNC(I88*C88,1) -> 1483840 | K88: =일위대가목록!H32 -> 0 | L88: =TRUNC(K88*C88,1) -> 0 | P88: 70 | R88: SZE0001-650 | T88: T | BI88: =HYPERLINK("#일위대가목록!A990","SZE0001-650 →") -> SZE0001-650 →
A89: TAPPING M/C 설치 | B89: (15% 감) | C89: 0.04 | D89: ton | E89: =G89+I89+K89 -> 999605 | F89: =H89+J89+L89 -> 39984.2 | G89: =일위대가목록!F17 -> 0 | H89: =TRUNC(G89*C89,1) -> 0 | I89: =일위대가목록!G17 -> 999605 | J89: =TRUNC(I89*C89,1) -> 39984.2 | K89: =일위대가목록!H17 -> 0 | L89: =TRUNC(K89*C89,1) -> 0 | P89: 90 | R89: SZI000001 | T89: T | BI89: =HYPERLINK("#일위대가목록!A949","SZI000001 →") -> SZI000001 →
A90: STOPPLE PLUGGING M/C 설치 | B90: (15% 감) | C90: 0.14 | D90: ton | E90: =G90+I90+K90 -> 999605 | F90: =H90+J90+L90 -> 139944.7 | G90: =일위대가목록!F18 -> 0 | H90: =TRUNC(G90*C90,1) -> 0 | I90: =일위대가목록!G18 -> 999605 | J90: =TRUNC(I90*C90,1) -> 139944.7 | K90: =일위대가목록!H18 -> 0 | L90: =TRUNC(K90*C90,1) -> 0 | P90: 100 | R90: SZJ000001 | T90: T | BI90: =HYPERLINK("#일위대가목록!A950","SZJ000001 →") -> SZJ000001 →
A91: LOCK-O-RING PLUG M/C 설치 | B91: (15% 감) | C91: 0.05 | D91: ton | E91: =G91+I91+K91 -> 999605 | F91: =H91+J91+L91 -> 49980.2 | G91: =일위대가목록!F19 -> 0 | H91: =TRUNC(G91*C91,1) -> 0 | I91: =일위대가목록!G19 -> 999605 | J91: =TRUNC(I91*C91,1) -> 49980.2 | K91: =일위대가목록!H19 -> 0 | L91: =TRUNC(K91*C91,1) -> 0 | P91: 110 | R91: SZK000001 | T91: T | BI91: =HYPERLINK("#일위대가목록!A951","SZK000001 →") -> SZK000001 →
A92: THREAD-O-RING NIPPLE 설치 | B92: 50A | C92: 1 | D92: 개소 | E92: =G92+I92+K92 -> 59958 | F92: =H92+J92+L92 -> 59958 | G92: =일위대가목록!F20 -> 0 | H92: =TRUNC(G92*C92,1) -> 0 | I92: =일위대가목록!G20 -> 59958 | J92: =TRUNC(I92*C92,1) -> 59958 | K92: =일위대가목록!H20 -> 0 | L92: =TRUNC(K92*C92,1) -> 0 | P92: 120 | R92: SZL000001 | T92: T | BI92: =HYPERLINK("#일위대가목록!A952","SZL000001 →") -> SZL000001 →
A93: T-101 설치 | B93: 50A(15% 감) | C93: 0.03 | D93: ton | E93: =G93+I93+K93 -> 1199526 | F93: =H93+J93+L93 -> 35985.7 | G93: =일위대가목록!F21 -> 0 | H93: =TRUNC(G93*C93,1) -> 0 | I93: =일위대가목록!G21 -> 1199526 | J93: =TRUNC(I93*C93,1) -> 35985.7 | K93: =일위대가목록!H21 -> 0 | L93: =TRUNC(K93*C93,1) -> 0 | P93: 130 | R93: SZM000001 | T93: T | BI93: =HYPERLINK("#일위대가목록!A953","SZM000001 →") -> SZM000001 →
A94: 칩제거 장비 설치 | B94: 50A(15% 감) | C94: 0.06 | D94: ton | E94: =G94+I94+K94 -> 999605 | F94: =H94+J94+L94 -> 59976.3 | G94: =일위대가목록!F22 -> 0 | H94: =TRUNC(G94*C94,1) -> 0 | I94: =일위대가목록!G22 -> 999605 | J94: =TRUNC(I94*C94,1) -> 59976.3 | K94: =일위대가목록!H22 -> 0 | L94: =TRUNC(K94*C94,1) -> 0 | P94: 140 | R94: SZN000001 | T94: T | BI94: =HYPERLINK("#일위대가목록!A954","SZN000001 →") -> SZN000001 →
A95: STOPPLE FITTING 용접 | B95: 650A | C95: 1 | D95: 개소 | E95: =G95+I95+K95 -> 1514963 | F95: =H95+J95+L95 -> 1514963 | G95: =일위대가목록!F33 -> 80322 | H95: =TRUNC(G95*C95,1) -> 80322 | I95: =일위대가목록!G33 -> 1412084 | J95: =TRUNC(I95*C95,1) -> 1412084 | K95: =일위대가목록!H33 -> 22557 | L95: =TRUNC(K95*C95,1) -> 22557 | P95: 150 | R95: SZG0001-650 | T95: T | BI95: =HYPERLINK("#일위대가목록!A991","SZG0001-650 →") -> SZG0001-650 →
A96: L-O-R PLUG마감 용접 | B96: 650A | C96: 1 | D96: 개소 | E96: =G96+I96+K96 -> 1514963 | F96: =H96+J96+L96 -> 1514963 | G96: =일위대가목록!F34 -> 80322 | H96: =TRUNC(G96*C96,1) -> 80322 | I96: =일위대가목록!G34 -> 1412084 | J96: =TRUNC(I96*C96,1) -> 1412084 | K96: =일위대가목록!H34 -> 22557 | L96: =TRUNC(K96*C96,1) -> 22557 | P96: 160 | R96: SZH0001-650 | T96: T | BI96: =HYPERLINK("#일위대가목록!A992","SZH0001-650 →") -> SZH0001-650 →
A97: 크레인(타이어) | B97: 20Ton | C97: 6.97 | D97: HR | E97: =G97+I97+K97 -> 122917 | F97: =H97+J97+L97 -> 856731.4 | G97: =중기사용료목록!E5 -> 0 | H97: =TRUNC(G97*C97,1) -> 0 | I97: =중기사용료목록!F5 -> 0 | J97: =TRUNC(I97*C97,1) -> 0 | K97: =중기사용료목록!G5 -> 122917 | L97: =TRUNC(K97*C97,1) -> 856731.4 | P97: 170 | R97: E00002104002000000 | BI97: =HYPERLINK("#중기사용료목록!A6","E00002104002000000 →") -> E00002104002000000 →
A99: No.820 HOT TAPPING | B99: 700A | C99: 1 | D99: ea | F99: =H99+J99+L99 -> 49210609 | H99: =TRUNC(H100+H103+H104+H105+H106+H107+H108+H109+H110+H111+H112+H113+H114,0) -> 43301084 | J99: =TRUNC(J100+J103+J104+J105+J106+J107+J108+J109+J110+J111+J112+J113+J114,0) -> 4956685 | L99: =TRUNC(L100+L103+L104+L105+L106+L107+L108+L109+L110+L111+L112+L113+L114,0) -> 952840 | O99: SZD0003-700
A100: STOPPLE FITTING L-O-R PLUG 포함 | B100: 700A | C100: 1 | D100: ea | E100: =G100+I100+K100 -> 37556000 | F100: =H100+J100+L100 -> 37556000 | G100: =자재조서!E752 -> 37556000 | H100: =TRUNC(G100*C100,1) -> 37556000 | I100: 0 | K100: 0 | P100: 10 | R100: MV-9960-001-700 | BI100: =HYPERLINK("#자재조서!A752","MV-9960-001-700 →") -> MV-9960-001-700 →
A101: TAPPING CUTTER | B101: 700A | C101: 1 | D101: ea | E101: =G101+I101+K101 -> 11521000 | F101: =H101+J101+L101 -> 11521000 | G101: =자재조서!E767 -> 11521000 | H101: =TRUNC(G101*C101,1) -> 11521000 | I101: 0 | K101: 0 | P101: 20 | Q101: * | R101: MV-9960-004-700 | BI101: =HYPERLINK("#자재조서!A767","MV-9960-004-700 →") -> MV-9960-004-700 →
A102: PILOT DRILL | B102: 700A | C102: 1 | D102: ea | E102: =G102+I102+K102 -> 2604000 | F102: =H102+J102+L102 -> 2604000 | G102: =자재조서!E782 -> 2604000 | H102: =TRUNC(G102*C102,1) -> 2604000 | I102: 0 | K102: 0 | P102: 30 | Q102: * | R102: MV-9960-007-700 | BI102: =HYPERLINK("#자재조서!A782","MV-9960-007-700 →") -> MV-9960-007-700 →
A103: SEALING ELEMENT | B103: 700A | C103: 1 | D103: ea | E103: =G103+I103+K103 -> 3881000 | F103: =H103+J103+L103 -> 3881000 | G103: =자재조서!E797 -> 3881000 | H103: =TRUNC(G103*C103,1) -> 3881000 | I103: 0 | K103: 0 | P103: 40 | R103: MV-9960-010-700 | AA103: MA+ = | AB103: =((일위대가_호표!H101+일위대가_호표!J101+일위대가_호표!L101)+(일위대가_호표!H102+일위대가_호표!J102+일위대가_호표!L102))*0.12 -> 1695000 | AC103: MA = | AD103: =$AB103 -> 1695000 | BI103: =HYPERLINK("#자재조서!A797","MV-9960-010-700 →") -> MV-9960-010-700 →
A104: 커터손율 | B104: 12% | C104: 7 | D104: % | E104: =G104+I104+K104 -> 0 | F104: =H104+J104+L104 -> 1695000 | H104: =TRUNC((((H101+J101+L101)+(H102+J102+L102))*0.12),1) -> 1695000 | J104: 0 | L104: 0 | M104: /% | P104: 50 | R104: F | X104: ma = TOT(20,30) * 0.12
A105: STOPPLE FITTING 및 SANDWICH V/V설치 | B105: 700A | C105: 1 | D105: 개소 | E105: =G105+I105+K105 -> 1600896 | F105: =H105+J105+L105 -> 1600896 | G105: =일위대가목록!F35 -> 0 | H105: =TRUNC(G105*C105,1) -> 0 | I105: =일위대가목록!G35 -> 1600896 | J105: =TRUNC(I105*C105,1) -> 1600896 | K105: =일위대가목록!H35 -> 0 | L105: =TRUNC(K105*C105,1) -> 0 | P105: 70 | R105: SZE0001-700 | T105: T | BI105: =HYPERLINK("#일위대가목록!A993","SZE0001-700 →") -> SZE0001-700 →
A106: TAPPING M/C 설치 | B106: (15% 감) | C106: 0.04 | D106: ton | E106: =G106+I106+K106 -> 999605 | F106: =H106+J106+L106 -> 39984.2 | G106: =일위대가목록!F17 -> 0 | H106: =TRUNC(G106*C106,1) -> 0 | I106: =일위대가목록!G17 -> 999605 | J106: =TRUNC(I106*C106,1) -> 39984.2 | K106: =일위대가목록!H17 -> 0 | L106: =TRUNC(K106*C106,1) -> 0 | P106: 90 | R106: SZI000001 | T106: T | BI106: =HYPERLINK("#일위대가목록!A949","SZI000001 →") -> SZI000001 →
A107: STOPPLE PLUGGING M/C 설치 | B107: (15% 감) | C107: 0.14 | D107: ton | E107: =G107+I107+K107 -> 999605 | F107: =H107+J107+L107 -> 139944.7 | G107: =일위대가목록!F18 -> 0 | H107: =TRUNC(G107*C107,1) -> 0 | I107: =일위대가목록!G18 -> 999605 | J107: =TRUNC(I107*C107,1) -> 139944.7 | K107: =일위대가목록!H18 -> 0 | L107: =TRUNC(K107*C107,1) -> 0 | P107: 100 | R107: SZJ000001 | T107: T | BI107: =HYPERLINK("#일위대가목록!A950","SZJ000001 →") -> SZJ000001 →
A108: LOCK-O-RING PLUG M/C 설치 | B108: (15% 감) | C108: 0.05 | D108: ton | E108: =G108+I108+K108 -> 999605 | F108: =H108+J108+L108 -> 49980.2 | G108: =일위대가목록!F19 -> 0 | H108: =TRUNC(G108*C108,1) -> 0 | I108: =일위대가목록!G19 -> 999605 | J108: =TRUNC(I108*C108,1) -> 49980.2 | K108: =일위대가목록!H19 -> 0 | L108: =TRUNC(K108*C108,1) -> 0 | P108: 110 | R108: SZK000001 | T108: T | BI108: =HYPERLINK("#일위대가목록!A951","SZK000001 →") -> SZK000001 →
A109: THREAD-O-RING NIPPLE 설치 | B109: 50A | C109: 1 | D109: 개소 | E109: =G109+I109+K109 -> 59958 | F109: =H109+J109+L109 -> 59958 | G109: =일위대가목록!F20 -> 0 | H109: =TRUNC(G109*C109,1) -> 0 | I109: =일위대가목록!G20 -> 59958 | J109: =TRUNC(I109*C109,1) -> 59958 | K109: =일위대가목록!H20 -> 0 | L109: =TRUNC(K109*C109,1) -> 0 | P109: 120 | R109: SZL000001 | T109: T | BI109: =HYPERLINK("#일위대가목록!A952","SZL000001 →") -> SZL000001 →
A110: T-101 설치 | B110: 50A(15% 감) | C110: 0.03 | D110: ton | E110: =G110+I110+K110 -> 1199526 | F110: =H110+J110+L110 -> 35985.7 | G110: =일위대가목록!F21 -> 0 | H110: =TRUNC(G110*C110,1) -> 0 | I110: =일위대가목록!G21 -> 1199526 | J110: =TRUNC(I110*C110,1) -> 35985.7 | K110: =일위대가목록!H21 -> 0 | L110: =TRUNC(K110*C110,1) -> 0 | P110: 130 | R110: SZM000001 | T110: T | BI110: =HYPERLINK("#일위대가목록!A953","SZM000001 →") -> SZM000001 →
A111: 칩제거 장비 설치 | B111: 50A(15% 감) | C111: 0.06 | D111: ton | E111: =G111+I111+K111 -> 999605 | F111: =H111+J111+L111 -> 59976.3 | G111: =일위대가목록!F22 -> 0 | H111: =TRUNC(G111*C111,1) -> 0 | I111: =일위대가목록!G22 -> 999605 | J111: =TRUNC(I111*C111,1) -> 59976.3 | K111: =일위대가목록!H22 -> 0 | L111: =TRUNC(K111*C111,1) -> 0 | P111: 140 | R111: SZN000001 | T111: T | BI111: =HYPERLINK("#일위대가목록!A954","SZN000001 →") -> SZN000001 →
...

Sheet 일위대가_산근
A1: 일위대가_산근
A2: 산 출 근 거 | B2: 합 계 | C2: 재 료 비 | D2: 노 무 비 | E2: 경 비 | F2: 비 고
AA3: ※ 노란색 셀을 수정하고 툴바에서 수식 > 시트계산을 하면
A4: #1 자재운반(야적-->현장) | 750A|m | B4: =$B78 -> 9610 | C4: =$C78 -> 0 | D4: =$D78 -> 1966 | E4: =$E78 -> 7644 | F4: [지역난방열수송공사 공사비산출기준 제7장 배관공사 3.10] | H4: SS00200W750 | K4: 1 | Y4: =EXACT($Z4,$B78) -> FALSE | Z4: 8679 | AA4: 엑셀 수식이 적용됩니다. (단축키 F9 키)
I6: 10 | K6: F
A7: ◈산근 자재운반 750A / M | K7: '◈산근''자재운반 750A / M'
A9: =CONCATENATE(" L=",TEXT($AB9,"#,##0.0")," KM 실시공후 정산") -> L=4.0 KM 실시공후 정산 | K9: =SUBSTITUTE(SUBSTITUTE(" L = 4.0 _x001D_KM_x001D__x001D_실시공후 정산_x001D_","4.0",TEXT($AB9,"#,##0.0"),1),"_x001D_","'") -> L = 4.0 'KM''실시공후 정산' | AA9: L = | AB9: 4 | AC9: L = | AD9: =$AB9 -> 4
A10: 야적장 ------------------------------ 현장 | K10: '야적장 ------------------------------ 현장'
A11: =CONCATENATE(" V=",TEXT($AB11,"#,##0.0")," KM/hr") -> V=30.0 KM/hr | K11: =SUBSTITUTE(SUBSTITUTE(" V = 30.0 _x001D_KM/hr_x001D_","30.0",TEXT($AB11,"#,##0.0"),1),"_x001D_","'") -> V = 30.0 'KM/hr' | AA11: V = | AB11: 30 | AC11: V = | AD11: =$AB11 -> 30
B12: =SUM($C12,$D12,$E12) -> 0 | C12: =$AB12 -> 0 | D12: =$AF12 -> 0 | E12: =$AJ12 -> 0 | K12: [1]=0 | AA12: MA1+ = | AB12: =ROUND(0,2) -> 0 | AC12: MA1 = | AD12: =$AB12 -> 0 | AE12: LA1+ = | AF12: =ROUND(0,2) -> 0 | AG12: LA1 = | AH12: =$AF12 -> 0 | AI12: EQ1+ = | AJ12: =ROUND(0,2) -> 0 | AK12: EQ1 = | AL12: =$AJ12 -> 0
A13: 1. 기준 | K13: '1. 기준'
A15: - 상,하차비 : 상차 1회 + 하차 2회 = 3회 적용 | K15: '- 상,하차비 : 상차 1회 + 하차 2회 = 3회 적용'
A16: 3 회 x 6 분/회 = 18 분 | K16: '3 회 x 6 분/회 = 18 분'
A18: - 현장내 운반차량 대기시간 : | K18: '- 현장내 운반차량 대기시간 :'
A19: 야적장 상차비 + 현장 하차비 = 2회 적용 | K19: '야적장 상차비 + 현장 하차비 = 2회 적용'
A20: 2 회 x 6 분/회 = 12 분 | K20: '2 회 x 6 분/회 = 12 분'
A22: - 장비 조합: T/C 25ton + TRAILER 20ton | K22: '- 장비 조합: T/C 25ton + TRAILER 20ton'
A24: - 배치인원 : 보통인부 2인(적용시간 : 운반시간 + CRANE 자리잡기) | K24: '- 배치인원 : 보통인부 2인(적용시간 : 운반시간 + CRANE 자리잡기)'
A26: 2. 상,하차비 소요시간(운반차량): | K26: '2. 상,하차비 소요시간(운반차량):'
A28: - 운반대기 시간 : 125A 이상 1본당, 100A 이하 2본당(분) | K28: '- 운반대기 시간 : 125A 이상 1본당,''100A 이하 2본당(분)'
A30: =CONCATENATE(" - 1차당 적재량(본) Q=",TEXT($AB30,"#,##0.00")," 본") -> - 1차당 적재량(본) Q=3.00 본 | K30: =SUBSTITUTE(SUBSTITUTE(" _x001D_- 1차당 적재량(본)_x001D_ Q = 3 _x001D_본_x001D_","3",TEXT($AB30,"#,##0"),1),"_x001D_","'") -> '- 1차당 적재량(본)' Q = 3 '본' | AA30: Q = | AB30: 3 | AC30: Q = | AD30: =$AB30 -> 3
A32: =CONCATENATE(" - 운반차량 대기시간(12M당) T1=",TEXT($AB32,"#,##0.00")," 분") -> - 운반차량 대기시간(12M당) T1=12.00 분 | K32: =SUBSTITUTE(SUBSTITUTE(" _x001D_- 운반차량 대기시간(12M당)_x001D_ T1 = 12 _x001D_분_x001D_","12",TEXT($AB32,"#,##0"),1),"_x001D_","'") -> '- 운반차량 대기시간(12M당)' T1 = 12 '분' | AA32: T1 = | AB32: 12 | AC32: T1 = | AD32: =$AB32 -> 12
A34: - 운반시간(12M, 운반및크레인자리잡기 포함) | K34: '- 운반시간(12M, 운반및크레인자리잡기 포함)'
A36: =CONCATENATE(" T2 = (L / V * 2 * 60 + 20) / Q = ",TEXT($AF36,"#,##0.00")," 분 ") -> T2 = (L / V * 2 * 60 + 20) / Q = 12.00 분 | B36: =SUM($C36,$D36,$E36) -> 0 | K36: T2 = (L / V * 2 * 60 + 20) / Q = ?'분' | AA36: T2+ = | AB36: =ROUND(($AD9/$AD11*2*60+20)/$AD30,2) -> 12 | AC36: T2 = | AD36: =$AB36 -> 12 | AE36: 36_1_1+ = | AF36: =ROUND(ROUND(($AD9/$AD11*2*60+20)/$AD30,2),2) -> 12 | AG36: 36_1_1 = | AH36: =$AF36 -> 12
A38: - 운반차량 총 소요시간(12M당) : | K38: '- 운반차량 총 소요시간(12M당) :'
A40: =CONCATENATE(" CM = T1 + T2 = ",TEXT($AF40,"#,##0.00")," 분 ") -> CM = T1 + T2 = 24.00 분 | B40: =SUM($C40,$D40,$E40) -> 0 | K40: CM = T1 + T2 = ?'분' | AA40: CM+ = | AB40: =ROUND($AD32+$AD36,2) -> 24 | AC40: CM = | AD40: =$AB40 -> 24 | AE40: 40_1_1+ = | AF40: =ROUND(ROUND($AD32+$AD36,2),2) -> 24 | AG40: 40_1_1 = | AH40: =$AF40 -> 24
A42: - 운반차 실가동율 : | K42: '- 운반차 실가동율 :'
A44: =CONCATENATE(" Qo = T2 / CM = ",TEXT($AF44,"#,##0.00")," 분 ") -> Qo = T2 / CM = 0.50 분 | B44: =SUM($C44,$D44,$E44) -> 0 | K44: Qo = T2 / CM = ?'분' | AA44: QO+ = | AB44: =ROUND($AD36/$AD40,2) -> 0.5 | AC44: QO = | AD44: =$AB44 -> 0.5 | AE44: 44_1_1+ = | AF44: =ROUND(ROUND($AD36/$AD40,2),2) -> 0.5 | AG44: 44_1_1 = | AH44: =$AF44 -> 0.5
A46: 3. 배치인원 | K46: '3. 배치인원'
A48: =CONCATENATE(" 보통인부 : 2.0 인 * _x001D_169,804_x001D_ * (CM + 6 ) / 60 / 8 = ",TEXT($AB48,"#,##0.0")) -> 보통인부 : 2.0 인 * _x001D_169,804_x001D_ * (CM + 6 ) / 60 / 8 = 21,508.5 | B48: =SUM($C48,$D48,$E48) -> 21508.5 | D48: =$AB48 -> 21508.5 | K48: ' 보통인부 :' 2.0'인' * ~L001010101000002~ * (CM + 6 ) / 60 / 8 = ?la1+ | AA48: LA1+ = | AB48: =TRUNC(2*노임!D3*($AD40+6)/60/8,1) -> 21508.5 | AC48: LA1 = | AD48: =$AH12+$AB48 -> 21508.5
A50: 4. 장비 사용료 | K50: '4. 장비 사용료'
A52: - 크레인(타이어25ton) | K52: '- 크레인(타이어25ton)'
A54: =CONCATENATE(" 재료비: _x001D_11,415_x001D_ * 18 / 60 = ",TEXT($AB54,"#,##0.0")) -> 재료비: _x001D_11,415_x001D_ * 18 / 60 = 0.0 | B54: =SUM($C54,$D54,$E54) -> 0 | C54: =$AB54 -> 0 | K54: '재료비:' ~E00002104002500000.M~ * 18 / 60 = ?MA1+ | AA54: MA1+ = | AB54: =TRUNC(중기사용료목록!E6*18/60,1) -> 0 | AC54: MA1 = | AD54: =$AD12+$AB54 -> 0
A56: =CONCATENATE(" 노무비: _x001D_57,077_x001D_ * 18 / 60 = ",TEXT($AB56,"#,##0.0")) -> 노무비: _x001D_57,077_x001D_ * 18 / 60 = 0.0 | B56: =SUM($C56,$D56,$E56) -> 0 | D56: =$AB56 -> 0 | K56: '노무비:' ~E00002104002500000.L~ * 18 / 60 = ?LA1+ | AA56: LA1+ = | AB56: =TRUNC(중기사용료목록!F6*18/60,1) -> 0 | AC56: LA1 = | AD56: =$AD48+$AB56 -> 21508.5
A58: =CONCATENATE(" 경 비: _x001D_58,116_x001D_ * 18 / 60 = ",TEXT($AB58,"#,##0.0")) -> 경 비: _x001D_58,116_x001D_ * 18 / 60 = 38,967.9 | B58: =SUM($C58,$D58,$E58) -> 38967.9 | E58: =$AB58 -> 38967.9 | K58: '경 비:' ~E00002104002500000.E~ * 18 / 60 = ?EQ1+ | AA58: EQ1+ = | AB58: =TRUNC(중기사용료목록!G6*18/60,1) -> 38967.9 | AC58: EQ1 = | AD58: =$AL12+$AB58 -> 38967.9
A60: - 트레일러(20ton) | K60: '- 트레일러(20ton)'
A62: =CONCATENATE(" 재료비: _x001D_30,878_x001D_ * CM / 60 * Qo = ",TEXT($AB62,"#,##0.0")) -> 재료비: _x001D_30,878_x001D_ * CM / 60 * Qo = 0.0 | B62: =SUM($C62,$D62,$E62) -> 0 | C62: =$AB62 -> 0 | K62: '재료비:' ~E00002702002000000.M~ * CM / 60 * Qo = ?MA1+ | AA62: MA1+ = | AB62: =TRUNC(중기사용료목록!E7*$AD40/60*$AD44,1) -> 0 | AC62: MA1 = | AD62: =$AD54+$AB62 -> 0
A64: =CONCATENATE(" 노무비: _x001D_57,077_x001D_ * CM / 60 = ",TEXT($AB64,"#,##0.0")) -> 노무비: _x001D_57,077_x001D_ * CM / 60 = 0.0 | B64: =SUM($C64,$D64,$E64) -> 0 | D64: =$AB64 -> 0 | K64: '노무비:' ~E00002702002000000.L~ * CM / 60 = ?LA1+ | AA64: LA1+ = | AB64: =TRUNC(중기사용료목록!F7*$AD40/60,1) -> 0 | AC64: LA1 = | AD64: =$AD56+$AB64 -> 21508.5
A66: =CONCATENATE(" 경 비: _x001D_16,873_x001D_ * CM / 60 = ",TEXT($AB66,"#,##0.0")) -> 경 비: _x001D_16,873_x001D_ * CM / 60 = 44,654.0 | B66: =SUM($C66,$D66,$E66) -> 44654 | E66: =$AB66 -> 44654 | K66: '경 비:' ~E00002702002000000.E~ * CM / 60 = ?EQ1+ | AA66: EQ1+ = | AB66: =TRUNC(중기사용료목록!G7*$AD40/60,1) -> 44654 | AC66: EQ1 = | AD66: =$AD58+$AB66 -> 83621.9
A68: 소계 | B68: 94963.5 | C68: 9600.1 | D68: 61179.4 | E68: 24184 | K68: [1]'소계'=?
B69: =SUM($C69,$D69,$E69) -> 0 | C69: =$AB69 -> 0 | D69: =$AF69 -> 0 | E69: =$AJ69 -> 0 | K69: [2]=0 | AA69: MA2+ = | AB69: =ROUND(0,2) -> 0 | AC69: MA2 = | AD69: =$AB69 -> 0 | AE69: LA2+ = | AF69: =ROUND(0,2) -> 0 | AG69: LA2 = | AH69: =$AF69 -> 0 | AI69: EQ2+ = | AJ69: =ROUND(0,2) -> 0 | AK69: EQ2 = | AL69: =$AJ69 -> 0
A70: m당 금액 : [1] /12 = 7,913.5 | B70: =SUM($C70,$D70,$E70) -> 8760.7 | C70: =$AB70 -> 0 | D70: =$AF70 -> 1792.3 | E70: =$AJ70 -> 6968.4 | K70: 'm당 금액 :' {[1]} /12 = ?[2] | AA70: MA2+ = | AB70: =TRUNC($AD62/12,1) -> 0 | AC70: MA2 = | AD70: =$AB70 -> 0 | AE70: LA2+ = | AF70: =TRUNC($AD64/12,1) -> 1792.3 | AG70: LA2 = | AH70: =$AF70 -> 1792.3 | AI70: EQ2+ = | AJ70: =TRUNC($AD66/12,1) -> 6968.4 | AK70: EQ2 = | AL70: =$AJ70 -> 6968.4
A72: 계 | B72: 7913.5 | C72: 800 | D72: 5098.2 | E72: 2015.3 | K72: [2]'계'=?
B73: =SUM($C73,$D73,$E73) -> 0 | C73: =$AB73 -> 0 | D73: =$AF73 -> 0 | E73: =$AJ73 -> 0 | K73: [3]=0 | AA73: MA3+ = | AB73: =ROUND(0,2) -> 0 | AC73: MA3 = | AD73: =$AB73 -> 0 | AE73: LA3+ = | AF73: =ROUND(0,2) -> 0 | AG73: LA3 = | AH73: =$AF73 -> 0 | AI73: EQ3+ = | AJ73: =ROUND(0,2) -> 0 | AK73: EQ3 = | AL73: =$AJ73 -> 0
A74: 기타사급자재 운반비반영 : [2] * 1.097 =8,681.0 | B74: =SUM($C74,$D74,$E74) -> 9610.4 | C74: =$AB74 -> 0 | D74: =$AF74 -> 1966.1 | E74: =$AJ74 -> 7644.3 | K74: '기타사급자재 운반비반영 :' {[2]} * 1.097 =?[3] | AA74: MA3+ = | AB74: =TRUNC($AD70*1.097,1) -> 0 | AC74: MA3 = | AD74: =$AB74 -> 0 | AE74: LA3+ = | AF74: =TRUNC($AH70*1.097,1) -> 1966.1 | AG74: LA3 = | AH74: =$AF74 -> 1966.1 | AI74: EQ3+ = | AJ74: =TRUNC($AL70*1.097,1) -> 7644.3 | AK74: EQ3 = | AL74: =$AJ74 -> 7644.3
A76: 계 | B76: =SUM($C76,$D76,$E76) -> 9610.4 | C76: =$AB76 -> 0 | D76: =$AF76 -> 1966.1 | E76: =$AJ76 -> 7644.3 | K76: [3]'계'=?[]+ | AA76: MA+ = | AB76: =TRUNC($AD74,1) -> 0 | AC76: MA = | AD76: =$AB76 -> 0 | AE76: LA+ = | AF76: =TRUNC($AH74,1) -> 1966.1 | AG76: LA = | AH76: =$AF76 -> 1966.1 | AI76: EQ+ = | AJ76: =TRUNC($AL74,1) -> 7644.3 | AK76: EQ = | AL76: =$AJ76 -> 7644.3
A78: 전체 합계 | B78: =SUM($C78,$D78,$E78) -> 9610 | C78: =TRUNC(SUM($AD76),0) -> 0 | D78: =TRUNC(SUM($AH76),0) -> 1966 | E78: =TRUNC(SUM($AL76),0) -> 7644
A80: #2 자재운반(야적-->현장) | 700A|m | B80: =$B154 -> 9610 | C80: =$C154 -> 0 | D80: =$D154 -> 1966 | E80: =$E154 -> 7644 | F80: [지역난방열수송공사 공사비산출기준 제7장 배관공사 3.10] | H80: SS00200W700 | K80: 1 | Y80: =EXACT($Z80,$B154) -> FALSE | Z80: 8679
I82: 10 | K82: F
A83: ◈산근 자재운반 700A / M | K83: '◈산근''자재운반 700A / M'
A85: =CONCATENATE(" L=",TEXT($AB85,"#,##0.0")," KM 실시공후 정산") -> L=4.0 KM 실시공후 정산 | K85: =SUBSTITUTE(SUBSTITUTE(" L = 4.0 _x001D_KM_x001D__x001D_실시공후 정산_x001D_","4.0",TEXT($AB85,"#,##0.0"),1),"_x001D_","'") -> L = 4.0 'KM''실시공후 정산' | AA85: L = | AB85: 4 | AC85: L = | AD85: =$AB85 -> 4
A86: 야적장 ------------------------------ 현장 | K86: '야적장 ------------------------------ 현장'
A87: =CONCATENATE(" V=",TEXT($AB87,"#,##0.0")," KM/hr") -> V=30.0 KM/hr | K87: =SUBSTITUTE(SUBSTITUTE(" V = 30.0 _x001D_KM/hr_x001D_","30.0",TEXT($AB87,"#,##0.0"),1),"_x001D_","'") -> V = 30.0 'KM/hr' | AA87: V = | AB87: 30 | AC87: V = | AD87: =$AB87 -> 30
B88: =SUM($C88,$D88,$E88) -> 0 | C88: =$AB88 -> 0 | D88: =$AF88 -> 0 | E88: =$AJ88 -> 0 | K88: [1]=0 | AA88: MA1+ = | AB88: =ROUND(0,2) -> 0 | AC88: MA1 = | AD88: =$AB88 -> 0 | AE88: LA1+ = | AF88: =ROUND(0,2) -> 0 | AG88: LA1 = | AH88: =$AF88 -> 0 | AI88: EQ1+ = | AJ88: =ROUND(0,2) -> 0 | AK88: EQ1 = | AL88: =$AJ88 -> 0
A89: 1. 기준 | K89: '1. 기준'
A91: - 상,하차비 : 상차 1회 + 하차 2회 = 3회 적용 | K91: '- 상,하차비 : 상차 1회 + 하차 2회 = 3회 적용'
A92: 3 회 x 6 분/회 = 18 분 | K92: '3 회 x 6 분/회 = 18 분'
A94: - 현장내 운반차량 대기시간 : | K94: '- 현장내 운반차량 대기시간 :'
A95: 야적장 상차비 + 현장 하차비 = 2회 적용 | K95: '야적장 상차비 + 현장 하차비 = 2회 적용'
A96: 2 회 x 6 분/회 = 12 분 | K96: '2 회 x 6 분/회 = 12 분'
A98: - 장비 조합: T/C 25ton + TRAILER 20ton | K98: '- 장비 조합: T/C 25ton + TRAILER 20ton'
A100: - 배치인원 : 보통인부 2인(적용시간 : 운반시간 + CRANE 자리잡기) | K100: '- 배치인원 : 보통인부 2인(적용시간 : 운반시간 + CRANE 자리잡기)'
A102: 2. 상,하차비 소요시간(운반차량): | K102: '2. 상,하차비 소요시간(운반차량):'
A104: - 운반대기 시간 : 125A 이상 1본당, 100A 이하 2본당(분) | K104: '- 운반대기 시간 : 125A 이상 1본당,''100A 이하 2본당(분)'
A106: =CONCATENATE(" - 1차당 적재량(본) Q=",TEXT($AB106,"#,##0.00")," 본") -> - 1차당 적재량(본) Q=3.00 본 | K106: =SUBSTITUTE(SUBSTITUTE(" _x001D_- 1차당 적재량(본)_x001D_ Q = 3 _x001D_본_x001D_","3",TEXT($AB106,"#,##0"),1),"_x001D_","'") -> '- 1차당 적재량(본)' Q = 3 '본' | AA106: Q = | AB106: 3 | AC106: Q = | AD106: =$AB106 -> 3
A108: =CONCATENATE(" - 운반차량 대기시간(12M당) T1=",TEXT($AB108,"#,##0.00")," 분") -> - 운반차량 대기시간(12M당) T1=12.00 분 | K108: =SUBSTITUTE(SUBSTITUTE(" _x001D_- 운반차량 대기시간(12M당)_x001D_ T1 = 12 _x001D_분_x001D_","12",TEXT($AB108,"#,##0"),1),"_x001D_","'") -> '- 운반차량 대기시간(12M당)' T1 = 12 '분' | AA108: T1 = | AB108: 12 | AC108: T1 = | AD108: =$AB108 -> 12
A110: - 운반시간(12M, 운반및크레인자리잡기 포함) | K110: '- 운반시간(12M, 운반및크레인자리잡기 포함)'
A112: =CONCATENATE(" T2 = (L / V * 2 * 60 + 20) / Q = ",TEXT($AF112,"#,##0.00")," 분 ") -> T2 = (L / V * 2 * 60 + 20) / Q = 12.00 분 | B112: =SUM($C112,$D112,$E112) -> 0 | K112: T2 = (L / V * 2 * 60 + 20) / Q = ?'분' | AA112: T2+ = | AB112: =ROUND(($AD85/$AD87*2*60+20)/$AD106,2) -> 12 | AC112: T2 = | AD112: =$AB112 -> 12 | AE112: 112_1_1+ = | AF112: =ROUND(ROUND(($AD85/$AD87*2*60+20)/$AD106,2),2) -> 12 | AG112: 112_1_1 = | AH112: =$AF112 -> 12
A114: - 운반차량 총 소요시간(12M당) : | K114: '- 운반차량 총 소요시간(12M당) :'
A116: =CONCATENATE(" CM = T1 + T2 = ",TEXT($AF116,"#,##0.00")," 분 ") -> CM = T1 + T2 = 24.00 분 | B116: =SUM($C116,$D116,$E116) -> 0 | K116: CM = T1 + T2 = ?'분' | AA116: CM+ = | AB116: =ROUND($AD108+$AD112,2) -> 24 | AC116: CM = | AD116: =$AB116 -> 24 | AE116: 116_1_1+ = | AF116: =ROUND(ROUND($AD108+$AD112,2),2) -> 24 | AG116: 116_1_1 = | AH116: =$AF116 -> 24
A118: - 운반차 실가동율 : | K118: '- 운반차 실가동율 :'
A120: =CONCATENATE(" Qo = T2 / CM = ",TEXT($AF120,"#,##0.00")," 분 ") -> Qo = T2 / CM = 0.50 분 | B120: =SUM($C120,$D120,$E120) -> 0 | K120: Qo = T2 / CM = ?'분' | AA120: QO+ = | AB120: =ROUND($AD112/$AD116,2) -> 0.5 | AC120: QO = | AD120: =$AB120 -> 0.5 | AE120: 120_1_1+ = | AF120: =ROUND(ROUND($AD112/$AD116,2),2) -> 0.5 | AG120: 120_1_1 = | AH120: =$AF120 -> 0.5
A122: 3. 배치인원 | K122: '3. 배치인원'
A124: =CONCATENATE(" 보통인부 : 2.0 인 * _x001D_169,804_x001D_ * (CM + 6 ) / 60 / 8 = ",TEXT($AB124,"#,##0.0")) -> 보통인부 : 2.0 인 * _x001D_169,804_x001D_ * (CM + 6 ) / 60 / 8 = 21,508.5 | B124: =SUM($C124,$D124,$E124) -> 21508.5 | D124: =$AB124 -> 21508.5 | K124: ' 보통인부 :' 2.0'인' * ~L001010101000002~ * (CM + 6 ) / 60 / 8 = ?la1+ | AA124: LA1+ = | AB124: =TRUNC(2*노임!D3*($AD116+6)/60/8,1) -> 21508.5 | AC124: LA1 = | AD124: =$AH88+$AB124 -> 21508.5
A126: 4. 장비 사용료 | K126: '4. 장비 사용료'
A128: - 크레인(타이어25ton) | K128: '- 크레인(타이어25ton)'
A130: =CONCATENATE(" 재료비: _x001D_11,415_x001D_ * 18 / 60 = ",TEXT($AB130,"#,##0.0")) -> 재료비: _x001D_11,415_x001D_ * 18 / 60 = 0.0 | B130: =SUM($C130,$D130,$E130) -> 0 | C130: =$AB130 -> 0 | K130: '재료비:' ~E00002104002500000.M~ * 18 / 60 = ?MA1+ | AA130: MA1+ = | AB130: =TRUNC(중기사용료목록!E6*18/60,1) -> 0 | AC130: MA1 = | AD130: =$AD88+$AB130 -> 0
A132: =CONCATENATE(" 노무비: _x001D_57,077_x001D_ * 18 / 60 = ",TEXT($AB132,"#,##0.0")) -> 노무비: _x001D_57,077_x001D_ * 18 / 60 = 0.0 | B132: =SUM($C132,$D132,$E132) -> 0 | D132: =$AB132 -> 0 | K132: '노무비:' ~E00002104002500000.L~ * 18 / 60 = ?LA1+ | AA132: LA1+ = | AB132: =TRUNC(중기사용료목록!F6*18/60,1) -> 0 | AC132: LA1 = | AD132: =$AD124+$AB132 -> 21508.5
A134: =CONCATENATE(" 경 비: _x001D_58,116_x001D_ * 18 / 60 = ",TEXT($AB134,"#,##0.0")) -> 경 비: _x001D_58,116_x001D_ * 18 / 60 = 38,967.9 | B134: =SUM($C134,$D134,$E134) -> 38967.9 | E134: =$AB134 -> 38967.9 | K134: '경 비:' ~E00002104002500000.E~ * 18 / 60 = ?EQ1+ | AA134: EQ1+ = | AB134: =TRUNC(중기사용료목록!G6*18/60,1) -> 38967.9 | AC134: EQ1 = | AD134: =$AL88+$AB134 -> 38967.9
A136: - 트레일러(20ton) | K136: '- 트레일러(20ton)'
A138: =CONCATENATE(" 재료비: _x001D_30,878_x001D_ * CM / 60 * Qo = ",TEXT($AB138,"#,##0.0")) -> 재료비: _x001D_30,878_x001D_ * CM / 60 * Qo = 0.0 | B138: =SUM($C138,$D138,$E138) -> 0 | C138: =$AB138 -> 0 | K138: '재료비:' ~E00002702002000000.M~ * CM / 60 * Qo = ?MA1+ | AA138: MA1+ = | AB138: =TRUNC(중기사용료목록!E7*$AD116/60*$AD120,1) -> 0 | AC138: MA1 = | AD138: =$AD130+$AB138 -> 0
A140: =CONCATENATE(" 노무비: _x001D_57,077_x001D_ * CM / 60 = ",TEXT($AB140,"#,##0.0")) -> 노무비: _x001D_57,077_x001D_ * CM / 60 = 0.0 | B140: =SUM($C140,$D140,$E140) -> 0 | D140: =$AB140 -> 0 | K140: '노무비:' ~E00002702002000000.L~ * CM / 60 = ?LA1+ | AA140: LA1+ = | AB140: =TRUNC(중기사용료목록!F7*$AD116/60,1) -> 0 | AC140: LA1 = | AD140: =$AD132+$AB140 -> 21508.5
A142: =CONCATENATE(" 경 비: _x001D_16,873_x001D_ * CM / 60 = ",TEXT($AB142,"#,##0.0")) -> 경 비: _x001D_16,873_x001D_ * CM / 60 = 44,654.0 | B142: =SUM($C142,$D142,$E142) -> 44654 | E142: =$AB142 -> 44654 | K142: '경 비:' ~E00002702002000000.E~ * CM / 60 = ?EQ1+ | AA142: EQ1+ = | AB142: =TRUNC(중기사용료목록!G7*$AD116/60,1) -> 44654 | AC142: EQ1 = | AD142: =$AD134+$AB142 -> 83621.9
A144: 소계 | B144: 94963.5 | C144: 9600.1 | D144: 61179.4 | E144: 24184 | K144: [1]'소계'=?
B145: =SUM($C145,$D145,$E145) -> 0 | C145: =$AB145 -> 0 | D145: =$AF145 -> 0 | E145: =$AJ145 -> 0 | K145: [2]=0 | AA145: MA2+ = | AB145: =ROUND(0,2) -> 0 | AC145: MA2 = | AD145: =$AB145 -> 0 | AE145: LA2+ = | AF145: =ROUND(0,2) -> 0 | AG145: LA2 = | AH145: =$AF145 -> 0 | AI145: EQ2+ = | AJ145: =ROUND(0,2) -> 0 | AK145: EQ2 = | AL145: =$AJ145 -> 0
A146: m당 금액 : [1] /12 = 7,913.5 | B146: =SUM($C146,$D146,$E146) -> 8760.7 | C146: =$AB146 -> 0 | D146: =$AF146 -> 1792.3 | E146: =$AJ146 -> 6968.4 | K146: 'm당 금액 :' {[1]} /12 = ?[2] | AA146: MA2+ = | AB146: =TRUNC($AD138/12,1) -> 0 | AC146: MA2 = | AD146: =$AB146 -> 0 | AE146: LA2+ = | AF146: =TRUNC($AD140/12,1) -> 1792.3 | AG146: LA2 = | AH146: =$AF146 -> 1792.3 | AI146: EQ2+ = | AJ146: =TRUNC($AD142/12,1) -> 6968.4 | AK146: EQ2 = | AL146: =$AJ146 -> 6968.4
A148: 계 | B148: 7913.5 | C148: 800 | D148: 5098.2 | E148: 2015.3 | K148: [2]'계'=?
B149: =SUM($C149,$D149,$E149) -> 0 | C149: =$AB149 -> 0 | D149: =$AF149 -> 0 | E149: =$AJ149 -> 0 | K149: [3]=0 | AA149: MA3+ = | AB149: =ROUND(0,2) -> 0 | AC149: MA3 = | AD149: =$AB149 -> 0 | AE149: LA3+ = | AF149: =ROUND(0,2) -> 0 | AG149: LA3 = | AH149: =$AF149 -> 0 | AI149: EQ3+ = | AJ149: =ROUND(0,2) -> 0 | AK149: EQ3 = | AL149: =$AJ149 -> 0
A150: 기타사급자재 운반비반영 : [2] * 1.097 =8,681.0 | B150: =SUM($C150,$D150,$E150) -> 9610.4 | C150: =$AB150 -> 0 | D150: =$AF150 -> 1966.1 | E150: =$AJ150 -> 7644.3 | K150: '기타사급자재 운반비반영 :' {[2]} * 1.097 =?[3] | AA150: MA3+ = | AB150: =TRUNC($AD146*1.097,1) -> 0 | AC150: MA3 = | AD150: =$AB150 -> 0 | AE150: LA3+ = | AF150: =TRUNC($AH146*1.097,1) -> 1966.1 | AG150: LA3 = | AH150: =$AF150 -> 1966.1 | AI150: EQ3+ = | AJ150: =TRUNC($AL146*1.097,1) -> 7644.3 | AK150: EQ3 = | AL150: =$AJ150 -> 7644.3
A152: 계 | B152: =SUM($C152,$D152,$E152) -> 9610.4 | C152: =$AB152 -> 0 | D152: =$AF152 -> 1966.1 | E152: =$AJ152 -> 7644.3 | K152: [3]'계'=?[]+ | AA152: MA+ = | AB152: =TRUNC($AD150,1) -> 0 | AC152: MA = | AD152: =$AB152 -> 0 | AE152: LA+ = | AF152: =TRUNC($AH150,1) -> 1966.1 | AG152: LA = | AH152: =$AF152 -> 1966.1 | AI152: EQ+ = | AJ152: =TRUNC($AL150,1) -> 7644.3 | AK152: EQ = | AL152: =$AJ152 -> 7644.3
A154: 전체 합계 | B154: =SUM($C154,$D154,$E154) -> 9610 | C154: =TRUNC(SUM($AD152),0) -> 0 | D154: =TRUNC(SUM($AH152),0) -> 1966 | E154: =TRUNC(SUM($AL152),0) -> 7644
A156: #3 자재운반(야적-->현장) | 650A|m | B156: =$B230 -> 9419 | C156: =$C230 -> 0 | D156: =$D230 -> 1966 | E156: =$E230 -> 7453 | F156: [지역난방열수송공사 공사비산출기준 제7장 배관공사 3.10] | H156: SS00200W650 | K156: 1 | Y156: =EXACT($Z156,$B230) -> FALSE | Z156: 8494
I158: 10 | K158: F
A159: ◈산근 자재운반 650A / M | K159: '◈산근''자재운반 650A / M'
A161: =CONCATENATE(" L=",TEXT($AB161,"#,##0.0")," KM 실시공후 정산") -> L=4.0 KM 실시공후 정산 | K161: =SUBSTITUTE(SUBSTITUTE(" L = 4.0 _x001D_KM_x001D__x001D_실시공후 정산_x001D_","4.0",TEXT($AB161,"#,##0.0"),1),"_x001D_","'") -> L = 4.0 'KM''실시공후 정산' | AA161: L = | AB161: 4 | AC161: L = | AD161: =$AB161 -> 4
A162: 야적장 ------------------------------ 현장 | K162: '야적장 ------------------------------ 현장'
A163: =CONCATENATE(" V=",TEXT($AB163,"#,##0.0")," KM/hr") -> V=30.0 KM/hr | K163: =SUBSTITUTE(SUBSTITUTE(" V = 30.0 _x001D_KM/hr_x001D_","30.0",TEXT($AB163,"#,##0.0"),1),"_x001D_","'") -> V = 30.0 'KM/hr' | AA163: V = | AB163: 30 | AC163: V = | AD163: =$AB163 -> 30
B164: =SUM($C164,$D164,$E164) -> 0 | C164: =$AB164 -> 0 | D164: =$AF164 -> 0 | E164: =$AJ164 -> 0 | K164: [1]=0 | AA164: MA1+ = | AB164: =ROUND(0,2) -> 0 | AC164: MA1 = | AD164: =$AB164 -> 0 | AE164: LA1+ = | AF164: =ROUND(0,2) -> 0 | AG164: LA1 = | AH164: =$AF164 -> 0 | AI164: EQ1+ = | AJ164: =ROUND(0,2) -> 0 | AK164: EQ1 = | AL164: =$AJ164 -> 0
A165: 1. 기준 | K165: '1. 기준'
A167: - 상,하차비 : 상차 1회 + 하차 2회 = 3회 적용 | K167: '- 상,하차비 : 상차 1회 + 하차 2회 = 3회 적용'
...

Sheet 중기사용료목록
A1: 중기사용료목록
A2: 공 종 명 | B2: 규 격 | C2: 수 량 | D2: 단 위 | E2: 재 료 비 | F2: 노 무 비 | G2: 경 비 | H2: 합 계 | I2: 비 고
A3: 크레인(타이어) | B3: 10 Ton | C3: 1 | D3: HR | G3: =중기사용료!G13 -> 97487 | H3: =E3+F3+G3 -> 97487 | I3: 재료비, 노무비 →경비 적용 | K3: E00002104001000000 | O3: =HYPERLINK("#중기사용료!A15","E00002104001000000 →") -> E00002104001000000 →
A4: 크레인(타이어) | B4: 15 Ton | C4: 1 | D4: HR | G4: =중기사용료!G25 -> 110678 | H4: =E4+F4+G4 -> 110678 | I4: 재료비, 노무비 →경비 적용 | K4: E00002104001500000 | O4: =HYPERLINK("#중기사용료!A27","E00002104001500000 →") -> E00002104001500000 →
A5: 크레인(타이어) | B5: 20Ton | C5: 1 | D5: HR | G5: =중기사용료!G37 -> 122917 | H5: =E5+F5+G5 -> 122917 | I5: 재료비, 노무비 →경비 적용 | K5: E00002104002000000 | O5: =HYPERLINK("#중기사용료!A39","E00002104002000000 →") -> E00002104002000000 →
A6: 크레인(타이어) | B6: 25 Ton | C6: 1 | D6: HR | G6: =중기사용료!G49 -> 129893 | H6: =E6+F6+G6 -> 129893 | I6: 재료비, 노무비 →경비 적용 | K6: E00002104002500000 | O6: =HYPERLINK("#중기사용료!A51","E00002104002500000 →") -> E00002104002500000 →
A7: 트럭 트랙터 및 평판트레일러 | B7: 20 Ton | C7: 1 | D7: HR | G7: =중기사용료!G61 -> 111635 | H7: =E7+F7+G7 -> 111635 | I7: 재료비, 노무비 →경비 적용 | K7: E00002702002000000 | O7: =HYPERLINK("#중기사용료!A87","E00002702002000000 →") -> E00002702002000000 →
A8: 발전기 | B8: 50 KW | C8: 1 | D8: HR | E8: =중기사용료!G70 -> 17152 | F8: =중기사용료!G72 -> 35913 | G8: =중기사용료!G67 -> 4585 | H8: =E8+F8+G8 -> 57650 | K8: E00007505005000000 | O8: =HYPERLINK("#중기사용료!A123","E00007505005000000 →") -> E00007505005000000 →
A9: 용접기 (교류) | B9: 300 AMP | C9: 1 | D9: HR | E9: 0 | F9: 0 | G9: =중기사용료!G79 -> 116 | H9: =E9+F9+G9 -> 116 | K9: E00007611030000000 | O9: =HYPERLINK("#중기사용료!A159","E00007611030000000 →") -> E00007611030000000 →

Sheet 중기사용료
A1: 중기사용료
A3: 중 기 명 | B3: 크레인(타이어) 10 Ton | J3: E00002104001000000
A4: 중기가격 | B4: 134,000 천원
A5: 명 칭 | C5: 규 격 | D5: 수 량 | E5: 단 위 | F5: 단 가 | G5: 금 액 | H5: 비 고
A6: 경 비 | B6: 크레인(타이어) | C6: 10 Ton | D6: =(1071 + 536 + 691)*10^-4 -> 0.2298 | E6: 천원 | F6: =중기기초자료!F3 -> 134000 | G6: =TRUNC(F6*D6, 1) -> 30793.2 | K6: 10 | M6: G0000210400100000 | N6: .sang=1071,jung=536, kwan=691 | AG6: =HYPERLINK("#중기기초자료!A4","G0000210400100000 →") -> G0000210400100000 →
B7: 소 계 | G7: =TRUNC(G6, 0) -> 30793
