Workbook
Name _15A: [3]가격조사서!$D$4:$D$11
Name _B22: [4]일위대가!$1400:$1413=[4]일위대가!$A$1400
Name _B22: [5]일위대가!$1400:$1413=[5]일위대가!$A$1400
Name _DAN2: [6]단가조사서!$M$1:$N$65536
Name _DAN2: [7]단가조사서!$M$1:$N$65536
Name _JIP1: [6]집계표!$A$1:$K$65536
Name _JIP1: [7]집계표!$A$1:$K$65536
Name _K02: [4]일위대가!$732:$745=[4]일위대가!$A$732
Name _K02: [5]일위대가!$732:$745=[5]일위대가!$A$732
Name _O03: [4]일위대가!$1516:$1529=[4]일위대가!$A$1516
Name _O03: [5]일위대가!$1516:$1529=[5]일위대가!$A$1516
Name _QTY1: [10]SHEET2!$F$3:$F$101
Name _RAN5: [11]토목품셈!$D$1:$AI$146
Name _RAN5: [12]토목품셈!$D$1:$AI$146
Name _RAN6: [11]토목품셈!$BO$1:$BZ$25
Name _RAN6: [12]토목품셈!$BO$1:$BZ$25
Name _RAN7: [11]토목품셈!$CB$1:$CJ$24
Name _RAN7: [12]토목품셈!$CB$1:$CJ$24
Name ABCD: [13]CABdata!$E$22:$F$46
Name ABCD: [14]CABdata!$E$22:$F$46
Name A노임단가: '[15]노무비(DB)'!$A$1:$D$208
Name A노임단가: '[16]노무비(DB)'!$A$1:$D$208
Name bdfgdgr: [17]!Macro8
Name bdfgdgr: [17]!Macro8
Name bdfgdgr: [17]!Macro8
Name bdfgdgr: [17]!Macro8
Name bdfgdgr: [17]!Macro8
Name bdfgdgr: [17]!Macro8
Name bdfgdgr: [17]!Macro8
Name bdfgdgr: [17]!Macro8
Name bdfgdgr: [17]!Macro8
Name bdfgdgr: [17]!Macro8
Name bdfgdgr: [17]!Macro8
Name bdfgdgr: [17]!Macro8
Name bdfgdgr: [17]!Macro8
Name bdfgdgr: [17]!Macro8
Name bdfgdgr: [17]!Macro8
Name BLDG: [18]LEGEND!$D$8
Name CABDIA: [13]MOTOR!$A$86:$B$408
Name CABDIA: [14]MOTOR!$A$86:$B$408
Name CABLEA: [13]MOTOR!$B$66:$C$82
Name CABLEA: [14]MOTOR!$B$66:$C$82
Name CABLEB: [13]MOTOR!$D$66:$E$82
Name CABLEB: [14]MOTOR!$D$66:$E$82
Name CABLED: [13]MOTOR!$F$66:$G$82
Name CABLED: [14]MOTOR!$F$66:$G$82
Name CABLEE: [13]MOTOR!$H$66:$I$82
Name CABLEE: [14]MOTOR!$H$66:$I$82
Name CAB허용: [13]MOTOR!$J$66:$N$81
Name CAB허용: [14]MOTOR!$J$66:$N$81
Name cds: 가배관내역서!cds
Name cds: [0]!cds
Name cds가로등: 가배관내역서!cds가로등
Name cds가로등: [0]!cds가로등
Name CIRCUIT: [19]Sheet1!$C$4:$D$10
Name CLIENT: [18]LEGEND!$D$6
Name CTC: [20]DATA!$H$30:$I$57
Name DANGA_: '[21]Y-WORK'!$D$19:$D$19,'[21]Y-WORK'!$F$19:$BD$19
Name DAT: [22]MCC제원!$A$5:$AG$80
Name DAT: [23]MCC제원!$A$5:$AG$80

Sheet 견적서
B2: 견 적 서
B5: 문 서 번 호 | G5: DH18-260323-01 | U5: 공 급 자 | W5: 등록번호 | Z5: 140-81-34127
B6: 수 신 | G6: 서울특별시 강동수도사업소 | W6: 상 호 | Z6: (주)대호스토퍼 | AG6: 대표 | AJ6: 이 영 호 | AP6: (인)
W7: 소 재 지 | Z7: 경기도 안산시 단원구 시우로 114(초지동)
B8: 담 당 자 | S8: 귀중 | W8: 업 태 | Z8: 제조업 외 | AG8: 종목 | AJ8: 상하수도설비공사 외
B9: 연 락 처 | W9: 회사전화 | Z9: 031-496-9488 | AG9: 회사팩스 | AJ9: 031-496-9349
B10: 작 성 일 | G10: 46104 | W10: 담 당 자 | Z10: 백승리 차장 | AG10: 휴대전화 | AJ10: 010-5013-7776
B11: 유 효 기 간 | G11: 12개월 | W11: E-Mail | Z11: dhcstopper@hanmail.net
B12: 견 적 명 | G12: 2026년 동남로(서하남사거리) 장기사용 배수관 정비공사 부단수 차단
B14: 합 계 금 액 | G14: 일금 | I14: =AB14 -> 452900000 | Y14: 원정 | AA14: ( | AB14: =AJ32 -> 452900000 | AL14: ) | AM14: (VAT포함)
B16: 아래와 같이 견적을 제출합니다.
B17: 품 명 | G17: 규 격 | L17: 수량 | N17: 단 위 | P17: 재 료 비 | U17: 노 무 비 | Z17: 경 비 | AE17: 소 계 | AJ17: 금 액 | AO17: 비고
B18: 부단수 차단 | G18: 1000 | L18: 2 | N18: EA | P18: =표준설계서!H5 -> 26303796 | U18: =표준설계서!J5 -> 22213229 | Z18: =표준설계서!L5 -> 12476187 | AE18: =SUM(P18:AD18) -> 60993212 | AJ18: =AE18*L18 -> 121986424 | AO18: 야간
B19: 가배관 | G19: D900*7M | L19: 1 | N19: 식 | P19: =가배관내역서!I5 -> 902294 | U19: =가배관내역서!K5 -> 3334693 | Z19: =가배관내역서!M5 -> 287776 | AE19: =SUM(P19:AD19) -> 4524763 | AJ19: =AE19*L19 -> 4524763
B20: ⓐ 소 계 | P20: =SUM(P18:T19) -> 27206090 | U20: =SUM(U18:Y19) -> 25547922 | Z20: =SUM(Z18:AD19) -> 12763963 | AJ20: =SUM(AJ18:AN19) -> 126511187
B21: 부단수 차단 | G21: 1000 | L21: 2 | N21: EA | P21: =표준설계서!H5 -> 26303796 | U21: =표준설계서!J5 -> 22213229 | Z21: =표준설계서!L5 -> 12476187 | AE21: =SUM(P21:AD21) -> 60993212 | AJ21: =AE21*L21 -> 121986424 | AO21: 야간
B22: 가배관 | G22: D900*5M | L22: 1 | N22: 식 | P22: =가배관내역서!I20 -> 376860 | U22: =가배관내역서!K20 -> 3326866 | Z22: =가배관내역서!M20 -> 160302 | AE22: =SUM(P22:AD22) -> 3864028 | AJ22: =AE22*L22 -> 3864028
B23: ⓑ 소 계 | P23: =SUM(P21:T22) -> 26680656 | U23: =SUM(U21:Y22) -> 25540095 | Z23: =SUM(Z21:AD22) -> 12636489 | AJ23: =SUM(AJ21:AN22) -> 125850452
B24: 부단수 차단 | G24: 1000 | L24: 2 | N24: EA | P24: =표준설계서!H5 -> 26303796 | U24: =표준설계서!J5 -> 22213229 | Z24: =표준설계서!L5 -> 12476187 | AE24: =SUM(P24:AD24) -> 60993212 | AJ24: =AE24*L24 -> 121986424 | AO24: 야간
B25: 가배관 | G25: D900*73M | L25: 1 | N25: 식 | P25: =가배관내역서!I35 -> 2264016 | U25: =가배관내역서!K35 -> 14822273 | Z25: =가배관내역서!M35 -> 534783 | AE25: =SUM(P25:AD25) -> 17621072 | AJ25: =AE25*L25 -> 17621072
B26: ⓒ 소 계 | P26: =SUM(P24:T25) -> 28567812 | U26: =SUM(U24:Y25) -> 37035502 | Z26: =SUM(Z24:AD25) -> 13010970 | AJ26: =SUM(AJ24:AN25) -> 139607496
B27: 부단수 차단 | L27: 1 | N27: EA | P27: =표준설계서!H5 -> 26303796 | U27: =표준설계서!J5 -> 22213229 | Z27: =표준설계서!L5 -> 12476187 | AE27: =SUM(P27:AD27) -> 60993212 | AJ27: =AE27*L27 -> 60993212 | AO27: 야간
B28: ⓓ 소 계 | P28: =SUM(P27) -> 26303796 | U28: =SUM(U27) -> 22213229 | Z28: =SUM(Z27) -> 12476187 | AJ28: =AJ27 -> 60993212
B31: ⓔ 단수정리 | AJ31: -62347
B32: (ⓐ+ⓑ+ⓒ+ⓓ+ⓔ) 합 계(TOTAL) | AJ32: =AJ20+AJ23+AJ26+AJ28+AJ31 -> 452900000
B33: MEMO | D33: 1. 토공, 가시설공, 피팅부 관보호공(H빔보강)등 부단수 차단 외 공종에 대한 공통 공사비 제외 2. '26년 기준 단가 적용(야간 시공비 적용) 3. 가배관 자재 및 보강 별도(단, 부설비 포함) 4. 납품방법 : 현장설치도 5. 설계가 견적 기준

Sheet 표준설계서
B1: 부단수 차단공사 설계서
B2: <순공사비내역서>
B3: 공 종 명 | D3: 규 격 | E3: 수량 | F3: 단위 | G3: 재 료 비 | I3: 노 무 비 | K3: 경 비 | M3: 합 계 | O3: 비 고
G4: 단 가 | H4: 금 액 | I4: 단 가 | J4: 금 액 | K4: 단 가 | L4: 금 액 | M4: 단 가 | N4: 금 액
C5: 라인스토핑(강관제) | D5: 1000 | H5: =SUM(H6:H17) -> 26303796 | J5: =SUM(J6:J17) -> 22213229 | L5: =SUM(L6:L17) -> 12476187 | N5: =H5+J5+L5 -> 60993212
B6: 1 | C6: 바탕처리(강관제) | D6: 1000 | E6: 1 | F6: nr | G6: =H25 -> 515 | H6: =TRUNC(G6*$E6,0) -> 515 | I6: =J25 -> 255607 | J6: =TRUNC(I6*$E6,0) -> 255607 | K6: =L25 -> 765 | L6: =TRUNC(K6*$E6,0) -> 765 | M6: =G6+I6+K6 -> 256887 | N6: =H6+J6+L6 -> 256887 | O6: =B31 -> 3
B7: 2 | C7: 부단수 할정자관 부설 및 접합(강관제) | D7: 1000 | E7: 1 | F7: nr | G7: =H42 -> 9150127 | H7: =TRUNC(G7*$E7,0) -> 9150127 | I7: =J42 -> 5323924 | J7: =TRUNC(I7*$E7,0) -> 5323924 | K7: =L42 -> 750456 | L7: =TRUNC(K7*$E7,0) -> 750456 | M7: =G7+I7+K7 -> 15224507 | N7: =H7+J7+L7 -> 15224507 | O7: =B37 -> 4
B8: 3 | C8: 샌드위치 밸브 부설 및 접합 | D8: 900 | E8: 1 | F8: nr | G8: =H70 -> 136480 | H8: =TRUNC(G8*$E8,0) -> 136480 | I8: =J70 -> 933963 | J8: =TRUNC(I8*$E8,0) -> 933963 | K8: =L70 -> 1169557 | L8: =TRUNC(K8*$E8,0) -> 1169557 | M8: =G8+I8+K8 -> 2240000 | N8: =H8+J8+L8 -> 2240000 | O8: =B66 -> 8
B9: 4 | C9: 부단수천공 분기점 분기/철거 | D9: 900 | E9: 1 | F9: nr | G9: =H91 -> 4574095 | H9: =TRUNC(G9*$E9,0) -> 4574095 | I9: =J91 -> 4395174 | J9: =TRUNC(I9*$E9,0) -> 4395174 | K9: =L91 -> 5764730 | L9: =TRUNC(K9*$E9,0) -> 5764730 | M9: =G9+I9+K9 -> 14733999 | N9: =H9+J9+L9 -> 14733999 | O9: =B78 -> 10
B10: 5 | C10: 등압관 설치/철거 | D10: 100 | E10: 1 | F10: nr | G10: =H145 -> 441686 | H10: =TRUNC(G10*$E10,0) -> 441686 | I10: =J145 -> 441995 | J10: =TRUNC(I10*$E10,0) -> 441995 | K10: =L145 -> 84487 | L10: =TRUNC(K10*$E10,0) -> 84487 | M10: =G10+I10+K10 -> 968168 | N10: =H10+J10+L10 -> 968168 | O10: =B137 -> 18
B11: 6 | C11: 부단수차단/철거 | D11: 1000 | E11: 1 | F11: nr | G11: =H177 -> 5385803 | H11: =TRUNC(G11*$E11,0) -> 5385803 | I11: =J177 -> 6262828 | J11: =TRUNC(I11*$E11,0) -> 6262828 | K11: =L177 -> 3261875 | L11: =TRUNC(K11*$E11,0) -> 3261875 | M11: =G11+I11+K11 -> 14910506 | N11: =H11+J11+L11 -> 14910506 | O11: =B169 -> 22
B12: 7 | C12: 플러깅/철거 | D12: 900 | E12: 1 | F12: nr | G12: =H209 -> 5319420 | H12: =TRUNC(G12*$E12,0) -> 5319420 | I12: =J209 -> 1982079 | J12: =TRUNC(I12*$E12,0) -> 1982079 | K12: =L209 -> 733616 | L12: =TRUNC(K12*$E12,0) -> 733616 | M12: =G12+I12+K12 -> 8035115 | N12: =H12+J12+L12 -> 8035115 | O12: =B202 -> 27
B13: 8 | C13: 샌드위치 밸브 철거 | D13: 900 | E13: 1 | F13: nr | G13: =H234 -> 0 | H13: =TRUNC(G13*$E13,0) -> 0 | I13: =J234 -> 375554 | J13: =TRUNC(I13*$E13,0) -> 375554 | K13: =L234 -> 69460 | L13: =TRUNC(K13*$E13,0) -> 69460 | M13: =G13+I13+K13 -> 445014 | N13: =H13+J13+L13 -> 445014 | O13: =B230 -> 31
B14: 9 | C14: 마개플랜지 부설 및 접합 | D14: 900 | E14: 1 | F14: nr | G14: =H241 -> 1295670 | H14: =TRUNC(G14*$E14,0) -> 1295670 | I14: =J241 -> 475046 | J14: =TRUNC(I14*$E14,0) -> 475046 | K14: =L241 -> 22854 | L14: =TRUNC(K14*$E14,0) -> 22854 | M14: =G14+I14+K14 -> 1793570 | N14: =H14+J14+L14 -> 1793570 | O14: =B236 -> 32
B15: 10 | C15: 사전조사 | D15: 1000 | E15: 1 | F15: nr | G15: =H256 -> 0 | H15: =TRUNC(G15*$E15,0) -> 0 | I15: =J256 -> 628835 | J15: =TRUNC(I15*$E15,0) -> 628835 | K15: =L256 -> 0 | L15: =TRUNC(K15*$E15,0) -> 0 | M15: =G15+I15+K15 -> 628835 | N15: =H15+J15+L15 -> 628835 | O15: =B254 -> 35
B16: 11 | C16: 장비운반비 | D16: 1000 | E16: 1 | F16: set | G16: =H260 -> 0 | H16: =TRUNC(G16*$E16,0) -> 0 | I16: =J260 -> 0 | J16: =TRUNC(I16*$E16,0) -> 0 | K16: =L260 -> 618387 | L16: =TRUNC(K16*$E16,0) -> 618387 | M16: =G16+I16+K16 -> 618387 | N16: =H16+J16+L16 -> 618387 | O16: =B258 -> 36
B17: 12 | C17: 밸브개폐비 | D17: 900 | E17: 1 | F17: nr | G17: =H264 -> 0 | H17: =TRUNC(G17*$E17,0) -> 0 | I17: =J264 -> 1138224 | J17: =TRUNC(I17*$E17,0) -> 1138224 | K17: =L264 -> 0 | L17: =TRUNC(K17*$E17,0) -> 0 | M17: =G17+I17+K17 -> 1138224 | N17: =H17+J17+L17 -> 1138224 | O17: =B262 -> 37
B19: <일위대가표>
B20: 공 종 명 | D20: 규 격 | E20: 수량 | F20: 단위 | G20: 재 료 비 | I20: 노 무 비 | K20: 경 비 | M20: 합 계 | O20: 비 고
G21: 단 가 | H21: 금 액 | I21: 단 가 | J21: 금 액 | K21: 단 가 | L21: 금 액 | M21: 단 가 | N21: 금 액
B22: 1 | C22: 바탕처리(강관제) | D22: 1000 | E22: 1 | F22: nr | R22: 1.875
C23: 강관 도복장 제거 | E23: 1 | F23: nr | G23: =H29 -> 0 | H23: =TRUNC(G23*$E23,0) -> 0 | I23: =J29 -> 207771 | J23: =TRUNC(I23*$E23,0) -> 207771 | K23: =L29 -> 0 | L23: =TRUNC(K23*$E23,0) -> 0 | M23: =G23+I23+K23 -> 207771 | N23: =H23+J23+L23 -> 207771 | O23: =B27 -> 2 | Q23: 110811 | R23: =INT(Q23*$R$22) -> 207770
C24: 표면정리 | D24: #180 | E24: 1 | F24: nr | G24: =H35 -> 515 | H24: =TRUNC(G24*$E24,0) -> 515 | I24: =J35 -> 47836 | J24: =TRUNC(I24*$E24,0) -> 47836 | K24: =L35 -> 765 | L24: =TRUNC(K24*$E24,0) -> 765 | M24: =G24+I24+K24 -> 49116 | N24: =H24+J24+L24 -> 49116 | O24: =B31 -> 3 | Q24: 25512 | R24: =INT(Q24*$R$22) -> 47835
C25: 계 | H25: =SUM(H23:H24) -> 515 | J25: =SUM(J23:J24) -> 255607 | L25: =SUM(L23:L24) -> 765 | N25: =H25+J25+L25 -> 256887 | R25: =INT(Q25*$R$22) -> 0
R26: =INT(Q26*$R$22) -> 0
B27: =B22+1 -> 2 | C27: 강관 도복장 제거 | D27: 1000 | E27: 1 | F27: nr | R27: =INT(Q27*$R$22) -> 0
C28: 보통인부 | E28: 0.644 | F28: 인 | H28: =TRUNC(G28*$E28,0) -> 0 | I28: =노임!$D$17 -> 322627 | J28: =TRUNC(I28*$E28,0) -> 207771 | L28: =TRUNC(K28*$E28,0) -> 0 | M28: =G28+I28+K28 -> 322627 | N28: =H28+J28+L28 -> 207771 | Q28: 172068 | R28: =INT(Q28*$R$22) -> 322627
C29: 계 | H29: =SUM(H28:H28) -> 0 | J29: =SUM(J28:J28) -> 207771 | L29: =SUM(L28:L28) -> 0 | N29: =H29+J29+L29 -> 207771 | R29: =INT(Q29*$R$22) -> 0
R30: =INT(Q30*$R$22) -> 0
B31: =B27+1 -> 3 | C31: 표면정리 | D31: 1000 | E31: 1 | F31: nr | R31: =INT(Q31*$R$22) -> 0
C32: 도장공 | E32: 0.097 | F32: 인 | H32: =TRUNC(G32*$E32,0) -> 0 | I32: =노임!$D$23 -> 493156 | J32: =TRUNC(I32*$E32,0) -> 47836 | L32: =TRUNC(K32*$E32,0) -> 0 | M32: =G32+I32+K32 -> 493156 | N32: =H32+J32+L32 -> 47836 | Q32: 263017 | R32: =INT(Q32*$R$22) -> 493156
C33: 연마지 | D33: #180 | E33: 1.61 | F33: 매 | G33: 320 | H33: =TRUNC(G33*$E33,0) -> 515 | J33: =TRUNC(I33*$E33,0) -> 0 | L33: =TRUNC(K33*$E33,0) -> 0 | M33: =G33+I33+K33 -> 320 | N33: =H33+J33+L33 -> 515 | R33: =INT(Q33*$R$22) -> 0
C34: 공구손료 | D34: 도장공 인력품의 | E34: 0.03 | H34: =TRUNC(G34*$E34,0) -> 0 | J34: =TRUNC(I34*$E34,0) -> 0 | K34: 25512 | L34: =TRUNC(K34*$E34,0) -> 765 | M34: =G34+I34+K34 -> 25512 | N34: =H34+J34+L34 -> 765 | R34: =INT(Q34*$R$22) -> 0
C35: 계 | H35: =SUM(H32:H34) -> 515 | J35: =SUM(J32:J34) -> 47836 | L35: =SUM(L32:L34) -> 765 | N35: =H35+J35+L35 -> 49116 | R35: =INT(Q35*$R$22) -> 0
R36: =INT(Q36*$R$22) -> 0
B37: =B31+1 -> 4 | C37: 부단수 할정자관 부설 및 접합(강관제) | D37: 1000 | E37: 1 | F37: nr | R37: =INT(Q37*$R$22) -> 0
C38: 부단수 할정자관 부설(강관제) | D38: 1000 | E38: 1 | F38: nr | G38: =H48 -> 0 | H38: =TRUNC(G38*$E38,0) -> 0 | I38: =J48 -> 1158423 | J38: =TRUNC(I38*$E38,0) -> 1158423 | K38: =L48 -> 116097 | L38: =TRUNC(K38*$E38,0) -> 116097 | M38: =G38+I38+K38 -> 1274520 | N38: =H38+J38+L38 -> 1274520 | O38: =B44 -> 5 | Q38: 617826 | R38: =INT(Q38*$R$22) -> 1158423
C39: 부단수 할정자관 접합(강관제) | D39: 1000 | E39: 1 | F39: nr | G39: =H55 -> 50127 | H39: =TRUNC(G39*$E39,0) -> 50127 | I39: =J55 -> 3687094 | J39: =TRUNC(I39*$E39,0) -> 3687094 | K39: =L55 -> 634359 | L39: =TRUNC(K39*$E39,0) -> 634359 | M39: =G39+I39+K39 -> 4371580 | N39: =H39+J39+L39 -> 4371580 | O39: =B50 -> 6 | Q39: 1966450 | R39: =INT(Q39*$R$22) -> 3687093
C40: 부단수 할정자관 접합부 도장 | D40: 1000 | E40: 1 | F40: nr | G40: =H64 -> 0 | H40: =TRUNC(G40*$E40,0) -> 0 | I40: =J64 -> 478407 | J40: =TRUNC(I40*$E40,0) -> 478407 | K40: =L64 -> 0 | L40: =TRUNC(K40*$E40,0) -> 0 | M40: =G40+I40+K40 -> 478407 | N40: =H40+J40+L40 -> 478407 | O40: =B57 -> 7 | Q40: 255150 | R40: =INT(Q40*$R$22) -> 478406
C41: 부단수 할정자관 | D41: 1000 | E41: 1 | F41: nr | G41: 9100000 | H41: =TRUNC(G41*$E41,0) -> 9100000 | J41: =TRUNC(I41*$E41,0) -> 0 | L41: =TRUNC(K41*$E41,0) -> 0 | M41: =G41+I41+K41 -> 9100000 | N41: =H41+J41+L41 -> 9100000 | R41: =INT(Q41*$R$22) -> 0
C42: 계 | H42: =SUM(H38:H41) -> 9150127 | J42: =SUM(J38:J41) -> 5323924 | L42: =SUM(L38:L41) -> 750456 | N42: =H42+J42+L42 -> 15224507 | R42: =INT(Q42*$R$22) -> 0
R43: =INT(Q43*$R$22) -> 0
B44: =B37+1 -> 5 | C44: 부단수 할정자관 부설(강관제) | D44: 1000 | E44: 1 | F44: nr | R44: =INT(Q44*$R$22) -> 0
C45: 배관공(수도) | E45: 1.56 | F45: 인 | H45: =TRUNC(G45*$E45,0) -> 0 | I45: =노임!$D$24 -> 492337 | J45: =TRUNC(I45*$E45,0) -> 768045 | L45: =TRUNC(K45*$E45,0) -> 0 | M45: =G45+I45+K45 -> 492337 | N45: =H45+J45+L45 -> 768045 | Q45: 262580 | R45: =INT(Q45*$R$22) -> 492337
C46: 보통인부 | E46: 1.21 | F46: 인 | H46: =TRUNC(G46*$E46,0) -> 0 | I46: =노임!$D$17 -> 322627 | J46: =TRUNC(I46*$E46,0) -> 390378 | L46: =TRUNC(K46*$E46,0) -> 0 | M46: =G46+I46+K46 -> 322627 | N46: =H46+J46+L46 -> 390378 | Q46: 172068 | R46: =INT(Q46*$R$22) -> 322627
C47: 트럭탑재형크레인 | D47: 15 | E47: 1.17 | F47: hr | H47: =TRUNC(G47*$E47,0) -> 0 | J47: =TRUNC(I47*$E47,0) -> 0 | K47: 99229 | L47: =TRUNC(K47*$E47,0) -> 116097 | M47: =G47+I47+K47 -> 99229 | N47: =H47+J47+L47 -> 116097 | R47: =INT(Q47*$R$22) -> 0
C48: 계 | H48: =SUM(H45:H47) -> 0 | J48: =SUM(J45:J47) -> 1158423 | L48: =SUM(L45:L47) -> 116097 | N48: =H48+J48+L48 -> 1274520 | R48: =INT(Q48*$R$22) -> 0
R49: =INT(Q49*$R$22) -> 0
B50: =B44+1 -> 6 | C50: 부단수 할정자관 접합(강관제) | D50: 1000 | E50: 1 | F50: nr | R50: =INT(Q50*$R$22) -> 0
C51: 용접공 | E51: 6.96 | F51: 인 | H51: =TRUNC(G51*$E51,0) -> 0 | I51: =노임!$D$21 -> 529755 | J51: =TRUNC(I51*$E51,0) -> 3687094 | L51: =TRUNC(K51*$E51,0) -> 0 | M51: =G51+I51+K51 -> 529755 | N51: =H51+J51+L51 -> 3687094 | Q51: 282536 | R51: =INT(Q51*$R$22) -> 529755
C52: 발전기(50KW) | E52: 11.34 | F52: hr | H52: =TRUNC(G52*$E52,0) -> 0 | J52: =TRUNC(I52*$E52,0) -> 0 | K52: 55756 | L52: =TRUNC(K52*$E52,0) -> 632273 | M52: =G52+I52+K52 -> 55756 | N52: =H52+J52+L52 -> 632273 | R52: =INT(Q52*$R$22) -> 0
C53: 용접기(200AMP) | E53: 22.68 | F53: hr | H53: =TRUNC(G53*$E53,0) -> 0 | J53: =TRUNC(I53*$E53,0) -> 0 | K53: 92 | L53: =TRUNC(K53*$E53,0) -> 2086 | M53: =G53+I53+K53 -> 92 | N53: =H53+J53+L53 -> 2086 | R53: =INT(Q53*$R$22) -> 0
C54: 용접봉(3.2㎜ KSE4301) | E54: 10.23 | F54: kg | G54: 4900 | H54: =TRUNC(G54*$E54,0) -> 50127 | J54: =TRUNC(I54*$E54,0) -> 0 | L54: =TRUNC(K54*$E54,0) -> 0 | M54: =G54+I54+K54 -> 4900 | N54: =H54+J54+L54 -> 50127 | R54: =INT(Q54*$R$22) -> 0
C55: 계 | H55: =SUM(H51:H54) -> 50127 | J55: =SUM(J51:J54) -> 3687094 | L55: =SUM(L51:L54) -> 634359 | N55: =H55+J55+L55 -> 4371580 | R55: =INT(Q55*$R$22) -> 0
R56: =INT(Q56*$R$22) -> 0
B57: =B50+1 -> 7 | C57: 부단수 할정자관 접합부 도장 | D57: 1000 | E57: 1 | F57: nr | R57: =INT(Q57*$R$22) -> 0
C58: 도장공 | E58: 0.8 | F58: 인 | H58: =TRUNC(G58*$E58,0) -> 0 | I58: =노임!$D$23 -> 493156 | J58: =TRUNC(I58*$E58,0) -> 394524 | L58: =TRUNC(K58*$E58,0) -> 0 | M58: =G58+I58+K58 -> 493156 | N58: =H58+J58+L58 -> 394524 | Q58: 263017 | R58: =INT(Q58*$R$22) -> 493156
C59: 보통인부 | E59: 0.26 | F59: 인 | H59: =TRUNC(G59*$E59,0) -> 0 | I59: =노임!$D$17 -> 322627 | J59: =TRUNC(I59*$E59,0) -> 83883 | L59: =TRUNC(K59*$E59,0) -> 0 | M59: =G59+I59+K59 -> 322627 | N59: =H59+J59+L59 -> 83883 | Q59: 172068 | R59: =INT(Q59*$R$22) -> 322627
C60: 액상접착제 | D60: (16.8kg/18.9ℓ) CAN | E60: 0.64 | F60: kg | G60: 20747 | H60: =TRUNC(G60*$E60,0) -> 13278 | J60: =TRUNC(I60*$E60,0) -> 0 | L60: =TRUNC(K60*$E60,0) -> 0 | M60: =G60+I60+K60 -> 20747 | N60: =H60+J60+L60 -> 13278 | R60: =INT(Q60*$R$22) -> 0
C61: 매스틱 | D61: 3T x 40 x 6m | E61: 7.02 | F61: m | G61: 2800 | H61: =TRUNC(G61*$E61,0) -> 19656 | J61: =TRUNC(I61*$E61,0) -> 0 | L61: =TRUNC(K61*$E61,0) -> 0 | M61: =G61+I61+K61 -> 2800 | N61: =H61+J61+L61 -> 19656 | R61: =INT(Q61*$R$22) -> 0
C62: 안쪽층테이프 | D62: 0.508㎜ x 100㎜ x 30m | E62: 5.94 | F62: ㎡ | G62: 773 | H62: =TRUNC(G62*$E62,0) -> 4591 | J62: =TRUNC(I62*$E62,0) -> 0 | L62: =TRUNC(K62*$E62,0) -> 0 | M62: =G62+I62+K62 -> 773 | N62: =H62+J62+L62 -> 4591 | R62: =INT(Q62*$R$22) -> 0
C63: 바깥층테이프 | D63: 0.381㎜ x 100㎜ x 30m | E63: 5.94 | F63: ㎡ | G63: 740 | H63: =TRUNC(G63*$E63,0) -> 4395 | J63: =TRUNC(I63*$E63,0) -> 0 | L63: =TRUNC(K63*$E63,0) -> 0 | M63: =G63+I63+K63 -> 740 | N63: =H63+J63+L63 -> 4395 | R63: =INT(Q63*$R$22) -> 0
C64: 계 | H64: =SUM(H58:H59) -> 0 | J64: =SUM(J58:J59) -> 478407 | L64: =SUM(L58:L59) -> 0 | N64: =H64+J64+L64 -> 478407 | R64: =INT(Q64*$R$22) -> 0
R65: =INT(Q65*$R$22) -> 0
B66: =B57+1 -> 8 | C66: 샌드위치 밸브 부설 및 접합 | D66: 900 | E66: 1 | F66: nr | R66: =INT(Q66*$R$22) -> 0
C67: 샌드위치 밸브 부설 및 접합(손료제외) | D67: 900 | E67: 1 | F67: nr | G67: =H76 -> 0 | H67: =TRUNC(G67*$E67,0) -> 0 | I67: =J76 -> 933963 | J67: =TRUNC(I67*$E67,0) -> 933963 | K67: =L76 -> 172658 | L67: =TRUNC(K67*$E67,0) -> 172658 | M67: =G67+I67+K67 -> 1106621 | N67: =H67+J67+L67 -> 1106621 | O67: =B72 -> 9 | Q67: 498114 | R67: =INT(Q67*$R$22) -> 933963
C68: 샌드위치 밸브 손료 | D68: 1000 | E68: 59.41 | F68: hr | H68: =TRUNC(G68*$E68,0) -> 0 | J68: =TRUNC(I68*$E68,0) -> 0 | K68: 16780 | L68: =TRUNC(K68*$E68,0) -> 996899 | M68: =G68+I68+K68 -> 16780 | N68: =H68+J68+L68 -> 996899 | R68: =INT(Q68*$R$22) -> 0
C69: 플랜지접합부속 | D69: 900 | E69: 1 | F69: nr | G69: 136480 | H69: =TRUNC(G69*$E69,0) -> 136480 | J69: =TRUNC(I69*$E69,0) -> 0 | L69: =TRUNC(K69*$E69,0) -> 0 | M69: =G69+I69+K69 -> 136480 | N69: =H69+J69+L69 -> 136480 | R69: =INT(Q69*$R$22) -> 0
C70: 계 | H70: =SUM(H67:H69) -> 136480 | J70: =SUM(J67:J69) -> 933963 | L70: =SUM(L67:L69) -> 1169557 | N70: =H70+J70+L70 -> 2240000 | R70: =INT(Q70*$R$22) -> 0
R71: =INT(Q71*$R$22) -> 0
B72: =B66+1 -> 9 | C72: 샌드위치 밸브 부설 및 접합(손료제외) | D72: 900 | E72: 1 | F72: nr | R72: =INT(Q72*$R$22) -> 0
C73: 배관공(수도) | E73: 1.34 | F73: 인 | H73: =TRUNC(G73*$E73,0) -> 0 | I73: =노임!$D$24 -> 492337 | J73: =TRUNC(I73*$E73,0) -> 659731 | L73: =TRUNC(K73*$E73,0) -> 0 | M73: =G73+I73+K73 -> 492337 | N73: =H73+J73+L73 -> 659731 | Q73: 262580 | R73: =INT(Q73*$R$22) -> 492337
C74: 보통인부 | E74: 0.85 | F74: 인 | H74: =TRUNC(G74*$E74,0) -> 0 | I74: =노임!$D$17 -> 322627 | J74: =TRUNC(I74*$E74,0) -> 274232 | L74: =TRUNC(K74*$E74,0) -> 0 | M74: =G74+I74+K74 -> 322627 | N74: =H74+J74+L74 -> 274232 | Q74: 172068 | R74: =INT(Q74*$R$22) -> 322627
C75: 트럭탑재형크레인 | D75: 15 | E75: 1.74 | F75: hr | H75: =TRUNC(G75*$E75,0) -> 0 | J75: =TRUNC(I75*$E75,0) -> 0 | K75: 99229 | L75: =TRUNC(K75*$E75,0) -> 172658 | M75: =G75+I75+K75 -> 99229 | N75: =H75+J75+L75 -> 172658 | R75: =INT(Q75*$R$22) -> 0
C76: 계 | H76: =SUM(H73:H75) -> 0 | J76: =SUM(J73:J75) -> 933963 | L76: =SUM(L73:L75) -> 172658 | N76: =H76+J76+L76 -> 1106621 | R76: =INT(Q76*$R$22) -> 0
R77: =INT(Q77*$R$22) -> 0
B78: =B72+1 -> 10 | C78: 부단수천공 분기점 분기/철거 | D78: 900 | E78: 1 | F78: nr | R78: =INT(Q78*$R$22) -> 0
C79: 부단수천공 분기점 분기(손료제외) | D79: 900 | E79: 1 | F79: nr | G79: =H98 -> 0 | H79: =TRUNC(G79*$E79,0) -> 0 | I79: =J98 -> 2319695 | J79: =TRUNC(I79*$E79,0) -> 2319695 | K79: =L98 -> 592118 | L79: =TRUNC(K79*$E79,0) -> 592118 | M79: =G79+I79+K79 -> 2911813 | N79: =H79+J79+L79 -> 2911813 | O79: =B93 -> 11 | Q79: 1237172 | R79: =INT(Q79*$R$22) -> 2319697
C80: 부단수천공기 손료 | D80: 1000 | E80: 59.41 | F80: hr | H80: =TRUNC(G80*$E80,0) -> 0 | J80: =TRUNC(I80*$E80,0) -> 0 | K80: 75054 | L80: =TRUNC(K80*$E80,0) -> 4458958 | M80: =G80+I80+K80 -> 75054 | N80: =H80+J80+L80 -> 4458958 | R80: =INT(Q80*$R$22) -> 0
C81: 부단수천공기 운전경비 | D81: 900 | E81: 2.9 | F81: hr | G81: =H103 -> 19725 | H81: =TRUNC(G81*$E81,0) -> 57202 | I81: =J103 -> 0 | J81: =TRUNC(I81*$E81,0) -> 0 | K81: =L103 -> 0 | L81: =TRUNC(K81*$E81,0) -> 0 | M81: =G81+I81+K81 -> 19725 | N81: =H81+J81+L81 -> 57202 | O81: =B100 -> 12 | Q81: 0 | R81: =INT(Q81*$R$22) -> 0
C82: 기밀시험 | D82: 1000 | E82: 1 | F82: nr | G82: =H109 -> 2773 | H82: =TRUNC(G82*$E82,0) -> 2773 | I82: =J109 -> 173369 | J82: =TRUNC(I82*$E82,0) -> 173369 | K82: =L109 -> 0 | L82: =TRUNC(K82*$E82,0) -> 0 | M82: =G82+I82+K82 -> 176142 | N82: =H82+J82+L82 -> 176142 | O82: =B105 -> 13 | Q82: 92464 | R82: =INT(Q82*$R$22) -> 173370
C83: 칩제거(손료제외) | D83: 900 | E83: 1 | F83: nr | G83: =H116 -> 0 | H83: =TRUNC(G83*$E83,0) -> 0 | I83: =J116 -> 698207 | J83: =TRUNC(I83*$E83,0) -> 698207 | K83: =L116 -> 177454 | L83: =TRUNC(K83*$E83,0) -> 177454 | M83: =G83+I83+K83 -> 875661 | N83: =H83+J83+L83 -> 875661 | O83: =B111 -> 14 | Q83: 372377 | R83: =INT(Q83*$R$22) -> 698206
C84: 칩제거기 손료 | D84: 1000 | E84: 59.41 | F84: hr | H84: =TRUNC(G84*$E84,0) -> 0 | J84: =TRUNC(I84*$E84,0) -> 0 | K84: 3844 | L84: =TRUNC(K84*$E84,0) -> 228372 | M84: =G84+I84+K84 -> 3844 | N84: =H84+J84+L84 -> 228372 | R84: =INT(Q84*$R$22) -> 0
C85: 칩제거기 운전경비 | D85: 900 | E85: 0.87 | F85: hr | G85: =H121 -> 19725 | H85: =TRUNC(G85*$E85,0) -> 17160 | I85: =J121 -> 0 | J85: =TRUNC(I85*$E85,0) -> 0 | K85: =L121 -> 0 | L85: =TRUNC(K85*$E85,0) -> 0 | M85: =G85+I85+K85 -> 19725 | N85: =H85+J85+L85 -> 17160 | O85: =B118 -> 15 | Q85: 0 | R85: =INT(Q85*$R$22) -> 0
C86: 부단수천공기 철거 | D86: 900 | E86: 1 | F86: nr | G86: =H128 -> 0 | H86: =TRUNC(G86*$E86,0) -> 0 | I86: =J128 -> 928202 | J86: =TRUNC(I86*$E86,0) -> 928202 | K86: =L128 -> 237209 | L86: =TRUNC(K86*$E86,0) -> 237209 | M86: =G86+I86+K86 -> 1165411 | N86: =H86+J86+L86 -> 1165411 | O86: =B123 -> 16 | Q86: 495041 | R86: =INT(Q86*$R$22) -> 928201
C87: 칩제거기 철거 | D87: 900 | E87: 1 | F87: nr | G87: =H135 -> 0 | H87: =TRUNC(G87*$E87,0) -> 0 | I87: =J135 -> 275701 | J87: =TRUNC(I87*$E87,0) -> 275701 | K87: =L135 -> 70619 | L87: =TRUNC(K87*$E87,0) -> 70619 | M87: =G87+I87+K87 -> 346320 | N87: =H87+J87+L87 -> 346320 | O87: =B130 -> 17 | Q87: 147041 | R87: =INT(Q87*$R$22) -> 275701
C88: 컷터 | D88: 900 | E88: 1 | F88: nr | G88: 3600000 | H88: =TRUNC(G88*$E88,0) -> 3600000 | J88: =TRUNC(I88*$E88,0) -> 0 | L88: =TRUNC(K88*$E88,0) -> 0 | M88: =G88+I88+K88 -> 3600000 | N88: =H88+J88+L88 -> 3600000 | R88: =INT(Q88*$R$22) -> 0
C89: 드릴 | D89: 900 | E89: 1 | F89: nr | G89: 624000 | H89: =TRUNC(G89*$E89,0) -> 624000 | J89: =TRUNC(I89*$E89,0) -> 0 | L89: =TRUNC(K89*$E89,0) -> 0 | M89: =G89+I89+K89 -> 624000 | N89: =H89+J89+L89 -> 624000 | R89: =INT(Q89*$R$22) -> 0
C90: 플랜지접합부속 | D90: 900 | E90: 2 | F90: nr | G90: 136480 | H90: =TRUNC(G90*$E90,0) -> 272960 | J90: =TRUNC(I90*$E90,0) -> 0 | L90: =TRUNC(K90*$E90,0) -> 0 | M90: =G90+I90+K90 -> 136480 | N90: =H90+J90+L90 -> 272960 | R90: =INT(Q90*$R$22) -> 0
C91: 계 | H91: =SUM(H79:H90) -> 4574095 | J91: =SUM(J79:J88) -> 4395174 | L91: =SUM(L79:L88) -> 5764730 | N91: =H91+J91+L91 -> 14733999 | R91: =INT(Q91*$R$22) -> 0
R92: =INT(Q92*$R$22) -> 0
B93: =B78+1 -> 11 | C93: 부단수천공 분기점 분기(손료제외) | D93: 900 | E93: 1 | F93: nr | R93: =INT(Q93*$R$22) -> 0
C94: 일반기계운전사 | E94: 0.36 | F94: 인 | H94: =TRUNC(G94*$E94,0) -> 0 | I94: =노임!$D$28 -> 326240 | J94: =TRUNC(I94*$E94,0) -> 117446 | L94: =TRUNC(K94*$E94,0) -> 0 | M94: =G94+I94+K94 -> 326240 | N94: =H94+J94+L94 -> 117446 | Q94: 173995 | R94: =INT(Q94*$R$22) -> 326240
C95: 배관공(수도) | E95: 2.92 | F95: 인 | H95: =TRUNC(G95*$E95,0) -> 0 | I95: =노임!$D$24 -> 492337 | J95: =TRUNC(I95*$E95,0) -> 1437624 | L95: =TRUNC(K95*$E95,0) -> 0 | M95: =G95+I95+K95 -> 492337 | N95: =H95+J95+L95 -> 1437624 | Q95: 262580 | R95: =INT(Q95*$R$22) -> 492337
C96: 보통인부 | E96: 2.37 | F96: 인 | H96: =TRUNC(G96*$E96,0) -> 0 | I96: =노임!$D$17 -> 322627 | J96: =TRUNC(I96*$E96,0) -> 764625 | L96: =TRUNC(K96*$E96,0) -> 0 | M96: =G96+I96+K96 -> 322627 | N96: =H96+J96+L96 -> 764625 | Q96: 172068 | R96: =INT(Q96*$R$22) -> 322627
C97: 트럭탑재형크레인 | D97: 10 | E97: 6.54 | F97: hr | H97: =TRUNC(G97*$E97,0) -> 0 | J97: =TRUNC(I97*$E97,0) -> 0 | K97: 90538 | L97: =TRUNC(K97*$E97,0) -> 592118 | M97: =G97+I97+K97 -> 90538 | N97: =H97+J97+L97 -> 592118 | R97: =INT(Q97*$R$22) -> 0
C98: 계 | H98: =SUM(H94:H97) -> 0 | J98: =SUM(J94:J97) -> 2319695 | L98: =SUM(L94:L97) -> 592118 | N98: =H98+J98+L98 -> 2911813 | R98: =INT(Q98*$R$22) -> 0
R99: =INT(Q99*$R$22) -> 0
B100: =B93+1 -> 12 | C100: 부단수천공기 운전경비 | D100: 900 | E100: 1 | F100: hr | R100: =INT(Q100*$R$22) -> 0
C101: 주연료 | D101: 경유 | E101: 10.3 | F101: ℓ | G101: 1596 | H101: =TRUNC(G101*$E101,0) -> 16438 | J101: =TRUNC(I101*$E101,0) -> 0 | L101: =TRUNC(K101*$E101,0) -> 0 | M101: =G101+I101+K101 -> 1596 | N101: =H101+J101+L101 -> 16438 | R101: =INT(Q101*$R$22) -> 0
...

Sheet 가배관내역서
A1: 가배관 설계내역서
A3: 공 종 명 | C3: 규 격 | D3: 수량 | E3: 단위 | F3: 합 계 | H3: 재 료 비 | J3: 노 무 비 | L3: 경 비 | N3: 비 고
F4: 단 가 | G4: 금 액 | H4: 단 가 | I4: 금 액 | J4: 단 가 | K4: 금 액 | L4: 단 가 | M4: 금 액
A5: 1. 가배관 부설(900A) | C5: L=7.0m | G5: =I5+K5+M5 -> 4524763 | I5: =SUM(I6:I18) -> 902294 | K5: =SUM(K6:K18) -> 3334693 | M5: =SUM(M6:M18) -> 287776
B6: 강관부설(기계) | C6: D900㎜ | D6: 4 | E6: 개소 | F6: =H6+J6+L6 -> 375916.5 | G6: =I6+K6+M6 -> 1503664 | H6: ='목록(강관)'!I21 -> 31863.9 | I6: =TRUNC(H6*D6,0) -> 127455 | J6: ='목록(강관)'!K21 -> 301754.7 | K6: =TRUNC(J6*D6,0) -> 1207018 | L6: ='목록(강관)'!M21 -> 42297.9 | M6: =TRUNC(L6*D6,0) -> 169191
B7: 강관접합(B종) | C7: D900㎜ | D7: 3 | E7: 개소 | F7: =H7+J7+L7 -> 309748.1 | G7: =I7+K7+M7 -> 929244 | H7: ='목록(강관)'!I49 -> 10290 | I7: =TRUNC(H7*D7,0) -> 30870 | J7: ='목록(강관)'!K49 -> 282507.7 | K7: =TRUNC(J7*D7,0) -> 847523 | L7: ='목록(강관)'!M49 -> 16950.4 | M7: =TRUNC(L7*D7,0) -> 50851
B8: 강관절단(B종) | C8: D900㎜ | D8: 1 | E8: 개소 | F8: =H8+J8+L8 -> 221203 | G8: =I8+K8+M8 -> 221203 | H8: ='목록(강관)'!I114 -> 23428 | I8: =TRUNC(H8*D8,0) -> 23428 | J8: ='목록(강관)'!K114 -> 197775 | K8: =TRUNC(J8*D8,0) -> 197775 | L8: ='목록(강관)'!M114 -> 0 | M8: =TRUNC(L8*D8,0) -> 0
B9: 플랜지조인트접합 | C9: D900㎜ | D9: 2 | E9: 개소 | F9: =H9+J9+L9 -> 412364 | G9: =I9+K9+M9 -> 824728 | H9: ='목록(강관)'!I148 -> 303010 | I9: =TRUNC(H9*D9,0) -> 606020 | J9: ='목록(강관)'!K148 -> 107210 | K9: =TRUNC(J9*D9,0) -> 214420 | L9: ='목록(강관)'!M148 -> 2144 | M9: =TRUNC(L9*D9,0) -> 4288
B10: 강관철거 | C10: D900㎜ | D10: 3 | E10: 개소 | F10: =H10+J10+L10 -> 348642.1 | G10: =I10+K10+M10 -> 1045924 | H10: ='목록(강관)'!I171 -> 38173.9 | I10: =TRUNC(H10*D10,0) -> 114521 | J10: ='목록(강관)'!K171 -> 289319.3 | K10: =TRUNC(J10*D10,0) -> 867957 | L10: ='목록(강관)'!M171 -> 21148.9 | M10: =TRUNC(L10*D10,0) -> 63446
B12: 1S 직관 | C12: D900×6.0m | E12: 본 | F12: =H12+J12+L12 -> 1509053 | G12: =I12+K12+M12 -> 0 | H12: =(696490*6+132640)*0.35 -> 1509053 | I12: =TRUNC(H12*D12,0) -> 0
B13: 1S 단관 | C13: D900×3.0m | E13: EA | F13: =H13+J13+L13 -> 3571240 | G13: =I13+K13+M13 -> 0 | H13: =(1146200*3+132640) -> 3571240 | I13: =TRUNC(H13*D13,0) -> 0
B14: 1S 단관 | C14: D900×2.0m | E14: EA | F14: =H14+J14+L14 -> 2425040 | G14: =I14+K14+M14 -> 0 | H14: =(1146200*2+132640) -> 2425040 | I14: =TRUNC(H14*D14,0) -> 0
B15: 1F 단관 | C15: D900×0.5m | E15: EA | F15: =H15+J15+L15 -> 1245730.5 | G15: =I15+K15+M15 -> 0 | H15: =(1146200*2+1266830)*0.35 -> 1245730.5 | I15: =TRUNC(H15*D15,0) -> 0
B16: 1S 곡관 | C16: D900×90˚ | E16: EA | F16: =H16+J16+L16 -> 6422850 | G16: =I16+K16+M16 -> 0 | H16: =(6290210+132640) -> 6422850 | I16: =TRUNC(H16*D16,0) -> 0
B17: 1S 곡관 | C17: D900×45˚ | E17: EA | F17: =H17+J17+L17 -> 4992030 | G17: =I17+K17+M17 -> 0 | H17: =(4859390+132640) -> 4992030 | I17: =TRUNC(H17*D17,0) -> 0
B18: 이음관 | C18: D900 | E18: EA | F18: =H18+J18+L18 -> 258910 | G18: =I18+K18+M18 -> 0 | H18: 258910 | I18: =TRUNC(H18*D18,0) -> 0
A20: 1. 가배관 부설(900A) | C20: L=5.0m | G20: =I20+K20+M20 -> 3864028 | I20: =SUM(I21:I33) -> 376860 | K20: =SUM(K21:K33) -> 3326866 | M20: =SUM(M21:M33) -> 160302
B21: 강관부설(기계) | C21: D900㎜ | D21: 3 | E21: 개소 | F21: =H21+J21+L21 -> 35919 | G21: =I21+K21+M21 -> 107756 | H21: ='목록(강관)'!I36 -> 2646 | I21: =TRUNC(H21*D21,0) -> 7938 | J21: ='목록(강관)'!K36 -> 31389.7 | K21: =TRUNC(J21*D21,0) -> 94169 | L21: ='목록(강관)'!M36 -> 1883.3 | M21: =TRUNC(L21*D21,0) -> 5649
B22: 강관접합(B종) | C22: D900㎜ | D22: 2 | E22: 개소 | F22: =H22+J22+L22 -> 1314572.6 | G22: =I22+K22+M22 -> 2629145 | H22: ='목록(강관)'!I64 -> 116620 | I22: =TRUNC(H22*D22,0) -> 233240 | J22: ='목록(강관)'!K64 -> 1130144 | K22: =TRUNC(J22*D22,0) -> 2260288 | L22: ='목록(강관)'!M64 -> 67808.6 | M22: =TRUNC(L22*D22,0) -> 135617
B23: 강관절단(B종) | C23: D900㎜ | D23: 1 | E23: 개소 | F23: =H23+J23+L23 -> 811472 | G23: =I23+K23+M23 -> 811472 | H23: ='목록(강관)'!I129 -> 91006 | I23: =TRUNC(H23*D23,0) -> 91006 | J23: ='목록(강관)'!K129 -> 720466 | K23: =TRUNC(J23*D23,0) -> 720466 | L23: ='목록(강관)'!M129 -> 0 | M23: =TRUNC(L23*D23,0) -> 0
B24: 플랜지조인트접합 | C24: D900㎜ | D24: 2 | E24: 개소 | F24: =H24+J24+L24 -> 119495.7 | G24: =I24+K24+M24 -> 238991 | H24: ='목록(강관)'!I163 -> 15650.1 | I24: =TRUNC(H24*D24,0) -> 31300 | J24: ='목록(강관)'!K163 -> 94327.6 | K24: =TRUNC(J24*D24,0) -> 188655 | L24: ='목록(강관)'!M163 -> 9518 | M24: =TRUNC(L24*D24,0) -> 19036
B25: 강관철거 | C25: D900㎜ | D25: 2 | E25: 개소 | F25: =H25+J25+L25 -> 38332 | G25: =I25+K25+M25 -> 76664 | H25: ='목록(강관)'!I186 -> 6688 | I25: =TRUNC(H25*D25,0) -> 13376 | J25: ='목록(강관)'!K186 -> 31644 | K25: =TRUNC(J25*D25,0) -> 63288 | L25: ='목록(강관)'!M186 -> 0 | M25: =TRUNC(L25*D25,0) -> 0
B27: 1S 직관 | C27: D900×6.0m | E27: 본 | F27: =H27+J27+L27 -> 4311580 | G27: =I27+K27+M27 -> 0 | H27: =(696490*6+132640) -> 4311580 | I27: =TRUNC(H27*D27,0) -> 0
B28: 1S 단관 | C28: D900×3.0m | E28: EA | F28: =H28+J28+L28 -> 3571240 | G28: =I28+K28+M28 -> 0 | H28: =(1146200*3+132640) -> 3571240 | I28: =TRUNC(H28*D28,0) -> 0
B29: 1S 단관 | C29: D900×2.0m | E29: EA | F29: =H29+J29+L29 -> 2425040 | G29: =I29+K29+M29 -> 0 | H29: =(1146200*2+132640) -> 2425040 | I29: =TRUNC(H29*D29,0) -> 0
B30: 1F 단관 | C30: D900×2.5m | E30: EA | F30: =H30+J30+L30 -> 1245730.5 | G30: =I30+K30+M30 -> 0 | H30: =(1146200*2+1266830)*0.35 -> 1245730.5 | I30: =TRUNC(H30*D30,0) -> 0
B31: 1S 곡관 | C31: D900×90˚ | E31: EA | F31: =H31+J31+L31 -> 6422850 | G31: =I31+K31+M31 -> 0 | H31: =(6290210+132640) -> 6422850 | I31: =TRUNC(H31*D31,0) -> 0
B32: 1S 곡관 | C32: D900×45˚ | E32: EA | F32: =H32+J32+L32 -> 4992030 | G32: =I32+K32+M32 -> 0 | H32: =(4859390+132640) -> 4992030 | I32: =TRUNC(H32*D32,0) -> 0
B33: 이음관 | C33: D900 | E33: EA | F33: =H33+J33+L33 -> 258910 | G33: =I33+K33+M33 -> 0 | H33: 258910 | I33: =TRUNC(H33*D33,0) -> 0
A35: 1. 가배관 부설(900A) | C35: L=73.0m | G35: =I35+K35+M35 -> 17621072 | I35: =SUM(I36:I48) -> 2264016 | K35: =SUM(K36:K48) -> 14822273 | M35: =SUM(M36:M48) -> 534783
B36: 강관부설(기계) | C36: D900㎜ | D36: 18 | E36: 개소 | F36: =H36+J36+L36 -> 373595.7 | G36: =I36+K36+M36 -> 6724722 | H36: ='목록(강관)'!I51 -> 14210 | I36: =TRUNC(H36*D36,0) -> 255780 | J36: ='목록(강관)'!K51 -> 339043.2 | K36: =TRUNC(J36*D36,0) -> 6102777 | L36: ='목록(강관)'!M51 -> 20342.5 | M36: =TRUNC(L36*D36,0) -> 366165
B37: 강관접합(B종) | C37: D900㎜ | D37: 17 | E37: 개소 | F37: =H37+J37+L37 -> 111330 | G37: =I37+K37+M37 -> 1892610 | H37: ='목록(강관)'!I79 -> 47494 | I37: =TRUNC(H37*D37,0) -> 807398 | J37: ='목록(강관)'!K79 -> 63836 | K37: =TRUNC(J37*D37,0) -> 1085212 | L37: ='목록(강관)'!M79 -> 0 | M37: =TRUNC(L37*D37,0) -> 0
B38: 강관절단(B종) | C38: D900㎜ | D38: 1 | E38: 개소 | F38: =H38+J38+L38 -> 141648 | G38: =I38+K38+M38 -> 141648 | H38: ='목록(강관)'!I144 -> 63420 | I38: =TRUNC(H38*D38,0) -> 63420 | J38: ='목록(강관)'!K144 -> 76695 | K38: =TRUNC(J38*D38,0) -> 76695 | L38: ='목록(강관)'!M144 -> 1533 | M38: =TRUNC(L38*D38,0) -> 1533
B39: 플랜지조인트접합 | C39: D900㎜ | D39: 2 | E39: 개소 | F39: =H39+J39+L39 -> 1095578.6 | G39: =I39+K39+M39 -> 2191156 | H39: ='목록(강관)'!I178 -> 107898.8 | I39: =TRUNC(H39*D39,0) -> 215797 | J39: ='목록(강관)'!K178 -> 904137 | K39: =TRUNC(J39*D39,0) -> 1808274 | L39: ='목록(강관)'!M178 -> 83542.8 | M39: =TRUNC(L39*D39,0) -> 167085
B40: 강관철거 | C40: D900㎜ | D40: 17 | E40: 개소 | F40: =H40+J40+L40 -> 392408 | G40: =I40+K40+M40 -> 6670936 | H40: ='목록(강관)'!I201 -> 54213 | I40: =TRUNC(H40*D40,0) -> 921621 | J40: ='목록(강관)'!K201 -> 338195 | K40: =TRUNC(J40*D40,0) -> 5749315 | L40: ='목록(강관)'!M201 -> 0 | M40: =TRUNC(L40*D40,0) -> 0
B42: 1S 직관 | C42: D900×6.0m | E42: 본 | F42: =H42+J42+L42 -> 4311580 | G42: =I42+K42+M42 -> 0 | H42: =(696490*6+132640) -> 4311580 | I42: =TRUNC(H42*D42,0) -> 0
B43: 1S 단관 | C43: D900×3.0m | E43: EA | F43: =H43+J43+L43 -> 3571240 | G43: =I43+K43+M43 -> 0 | H43: =(1146200*3+132640) -> 3571240 | I43: =TRUNC(H43*D43,0) -> 0
B44: 1S 단관 | C44: D900×2.0m | E44: EA | F44: =H44+J44+L44 -> 2425040 | G44: =I44+K44+M44 -> 0 | H44: =(1146200*2+132640) -> 2425040 | I44: =TRUNC(H44*D44,0) -> 0
B45: 1F 단관 | C45: D900×2.0m | E45: EA | F45: =H45+J45+L45 -> 3559230 | G45: =I45+K45+M45 -> 0 | H45: =(1146200*2+1266830) -> 3559230 | I45: =TRUNC(H45*D45,0) -> 0
B46: 1S 곡관 | C46: D900×90˚ | E46: EA | F46: =H46+J46+L46 -> 6422850 | G46: =I46+K46+M46 -> 0 | H46: =(6290210+132640) -> 6422850 | I46: =TRUNC(H46*D46,0) -> 0
B47: 1S 곡관 | C47: D900×45˚ | E47: EA | F47: =H47+J47+L47 -> 4992030 | G47: =I47+K47+M47 -> 0 | H47: =(4859390+132640) -> 4992030 | I47: =TRUNC(H47*D47,0) -> 0
B48: 이음관 | C48: D900 | E48: EA | F48: =H48+J48+L48 -> 258910 | G48: =I48+K48+M48 -> 0 | H48: 258910 | I48: =TRUNC(H48*D48,0) -> 0

Sheet 목록(강관)
A1: 일위대가목록
A2: 공 종 명 | C2: 규 격 | D2: 수 량 | E2: 단 위 | G2: 합 계 | I2: 재 료 비 | K2: 노 무 비 | M2: 경 비 | N2: 비 고
A4: 1 | B4: ='강관부설 및 철거'!B5 -> 강관부설(인력) | C4: ='강관부설 및 철거'!C5 -> D80㎜ | D4: 1 | E4: nr | G4: =I4+K4+M4 -> 87153.5 | I4: ='강관부설 및 철거'!I5 -> 0 | K4: ='강관부설 및 철거'!K5 -> 87153.5 | M4: ='강관부설 및 철거'!M5 -> 0
A5: 2 | B5: ='강관부설 및 철거'!B11 -> 강관부설(인력) | C5: ='강관부설 및 철거'!C11 -> D100㎜ | D5: 1 | E5: nr | G5: =I5+K5+M5 -> 116227.9 | I5: ='강관부설 및 철거'!I11 -> 0 | K5: ='강관부설 및 철거'!K11 -> 116227.9 | M5: ='강관부설 및 철거'!M11 -> 0
A6: 3 | B6: ='강관부설 및 철거'!B17 -> 강관부설(기계) | C6: ='강관부설 및 철거'!C17 -> D100㎜ 이하 | D6: 1 | E6: nr | G6: =I6+K6+M6 -> 100680.9 | I6: ='강관부설 및 철거'!I17 -> 10238.9 | K6: ='강관부설 및 철거'!K17 -> 76850.3 | M6: ='강관부설 및 철거'!M17 -> 13591.7
A7: 4 | B7: ='강관부설 및 철거'!B23 -> 강관부설(인력) | C7: ='강관부설 및 철거'!C23 -> D150㎜ | D7: 1 | E7: nr | G7: =I7+K7+M7 -> 159999.9 | I7: ='강관부설 및 철거'!I23 -> 0 | K7: ='강관부설 및 철거'!K23 -> 159999.9 | M7: ='강관부설 및 철거'!M23 -> 0
A8: 5 | B8: ='강관부설 및 철거'!B29 -> 강관부설(기계) | C8: ='강관부설 및 철거'!C29 -> D150㎜ | D8: 1 | E8: nr | G8: =I8+K8+M8 -> 109906.4 | I8: ='강관부설 및 철거'!I29 -> 11027.6 | K8: ='강관부설 및 철거'!K29 -> 84240.2 | M8: ='강관부설 및 철거'!M29 -> 14638.6
A9: 6 | B9: ='강관부설 및 철거'!B35 -> 강관부설(인력) | C9: ='강관부설 및 철거'!C35 -> D200㎜ | D9: 1 | E9: nr | G9: =I9+K9+M9 -> 244477.6 | I9: ='강관부설 및 철거'!I35 -> 0 | K9: ='강관부설 및 철거'!K35 -> 244477.6 | M9: ='강관부설 및 철거'!M35 -> 0
A10: 7 | B10: ='강관부설 및 철거'!B41 -> 강관부설(기계) | C10: ='강관부설 및 철거'!C41 -> D200㎜ | D10: 1 | E10: nr | G10: =I10+K10+M10 -> 119053.3 | I10: ='강관부설 및 철거'!I41 -> 11945.3 | K10: ='강관부설 및 철거'!K41 -> 91251.1 | M10: ='강관부설 및 철거'!M41 -> 15856.9
A11: 8 | B11: ='강관부설 및 철거'!B47 -> 강관부설(인력) | C11: ='강관부설 및 철거'!C47 -> D250㎜ | D11: 1 | E11: nr | G11: =I11+K11+M11 -> 305597 | I11: ='강관부설 및 철거'!I47 -> 0 | K11: ='강관부설 및 철거'!K47 -> 305597 | M11: ='강관부설 및 철거'!M47 -> 0
A12: 9 | B12: ='강관부설 및 철거'!B53 -> 강관부설(기계) | C12: ='강관부설 및 철거'!C53 -> D250㎜ | D12: 1 | E12: nr | G12: =I12+K12+M12 -> 129915.4 | I12: ='강관부설 및 철거'!I53 -> 13035.2 | K12: ='강관부설 및 철거'!K53 -> 99576.5 | M12: ='강관부설 및 철거'!M53 -> 17303.7
A13: 10 | B13: ='강관부설 및 철거'!B59 -> 강관부설(기계) | C13: ='강관부설 및 철거'!C59 -> D300㎜ | D13: 1 | E13: nr | G13: =I13+K13+M13 -> 142921.4 | I13: ='강관부설 및 철거'!I59 -> 14340.2 | K13: ='강관부설 및 철거'!K59 -> 109545.2 | M13: ='강관부설 및 철거'!M59 -> 19036
A14: 11 | B14: ='강관부설 및 철거'!B65 -> 강관부설(기계) | C14: ='강관부설 및 철거'!C65 -> D350㎜ | D14: 1 | E14: nr | G14: =I14+K14+M14 -> 142921.4 | I14: ='강관부설 및 철거'!I65 -> 14340.2 | K14: ='강관부설 및 철거'!K65 -> 109545.2 | M14: ='강관부설 및 철거'!M65 -> 19036
A15: 12 | B15: ='강관부설 및 철거'!B71 -> 강관부설(기계) | C15: ='강관부설 및 철거'!C71 -> D400㎜ | D15: 1 | E15: nr | G15: =I15+K15+M15 -> 158785.5 | I15: ='강관부설 및 철거'!I71 -> 15931.9 | K15: ='강관부설 및 철거'!K71 -> 121704.7 | M15: ='강관부설 및 철거'!M71 -> 21148.9
A16: 13 | B16: ='강관부설 및 철거'!B77 -> 강관부설(기계) | C16: ='강관부설 및 철거'!C77 -> D450㎜ | D16: 1 | E16: nr | G16: =I16+K16+M16 -> 178651.7 | I16: ='강관부설 및 철거'!I77 -> 17925.2 | K16: ='강관부설 및 철거'!K77 -> 136931.5 | M16: ='강관부설 및 철거'!M77 -> 23795
A17: 14 | B17: ='강관부설 및 철거'!B83 -> 강관부설(기계) | C17: ='강관부설 및 철거'!C83 -> D500㎜ | D17: 1 | E17: nr | G17: =I17+K17+M17 -> 204234.5 | I17: ='강관부설 및 철거'!I83 -> 20492.1 | K17: ='강관부설 및 철거'!K83 -> 156540 | M17: ='강관부설 및 철거'!M83 -> 27202.4
A18: 15 | B18: ='강관부설 및 철거'!B89 -> 강관부설(기계) | C18: ='강관부설 및 철거'!C89 -> D600㎜ | D18: 1 | E18: nr | G18: =I18+K18+M18 -> 238249.9 | I18: ='강관부설 및 철거'!I89 -> 23905.1 | K18: ='강관부설 및 철거'!K89 -> 182611.8 | M18: ='강관부설 및 철거'!M89 -> 31733
A19: 16 | B19: ='강관부설 및 철거'!B95 -> 강관부설(기계) | C19: ='강관부설 및 철거'!C95 -> D700㎜ | D19: 1 | E19: nr | G19: =I19+K19+M19 -> 285842.8 | I19: ='강관부설 및 철거'!I95 -> 28680.4 | K19: ='강관부설 및 철거'!K95 -> 219090.4 | M19: ='강관부설 및 철거'!M95 -> 38072
A20: 17 | B20: ='강관부설 및 철거'!B101 -> 강관부설(기계) | C20: ='강관부설 및 철거'!C101 -> D800㎜ | D20: 1 | E20: nr | G20: =I20+K20+M20 -> 307568 | I20: ='강관부설 및 철거'!I101 -> 26070.4 | K20: ='강관부설 및 철거'!K101 -> 246890.2 | M20: ='강관부설 및 철거'!M101 -> 34607.4
A21: 18 | B21: ='강관부설 및 철거'!B107 -> 강관부설(기계) | C21: ='강관부설 및 철거'!C107 -> D900㎜ | D21: 1 | E21: nr | G21: =I21+K21+M21 -> 375916.5 | I21: ='강관부설 및 철거'!I107 -> 31863.9 | K21: ='강관부설 및 철거'!K107 -> 301754.7 | M21: ='강관부설 및 철거'!M107 -> 42297.9
A22: 19 | B22: ='강관부설 및 철거'!B113 -> 강관부설(기계) | C22: ='강관부설 및 철거'!C113 -> D1000㎜ | D22: 1 | E22: nr | G22: =I22+K22+M22 -> 503344.9 | I22: ='강관부설 및 철거'!I113 -> 43754.3 | K22: ='강관부설 및 철거'!K113 -> 387989.7 | M22: ='강관부설 및 철거'!M113 -> 71600.9
A23: 20 | B23: ='강관부설 및 철거'!B119 -> 강관부설(기계) | C23: ='강관부설 및 철거'!C119 -> D1100㎜ | D23: 1 | E23: nr | G23: =I23+K23+M23 -> 587206.4 | I23: ='강관부설 및 철거'!I119 -> 51044.1 | K23: ='강관부설 및 철거'!K119 -> 452632 | M23: ='강관부설 및 철거'!M119 -> 83530.3
A24: 21 | B24: ='강관부설 및 철거'!B125 -> 강관부설(기계) | C24: ='강관부설 및 철거'!C125 -> D1200㎜ | D24: 1 | E24: nr | G24: =I24+K24+M24 -> 704718.3 | I24: ='강관부설 및 철거'!I125 -> 61259.1 | K24: ='강관부설 및 철거'!K125 -> 543212.8 | M24: ='강관부설 및 철거'!M125 -> 100246.4
A25: 22 | B25: ='강관부설 및 철거'!B131 -> 강관부설(기계) | C25: ='강관부설 및 철거'!C131 -> D1350㎜ | D25: 1 | E25: nr | G25: =I25+K25+M25 -> 880897.9 | I25: ='강관부설 및 철거'!I131 -> 76573.9 | K25: ='강관부설 및 철거'!K131 -> 679016 | M25: ='강관부설 및 철거'!M131 -> 125308
A26: 23 | B26: ='강관부설 및 철거'!B137 -> 강관부설(기계) | C26: ='강관부설 및 철거'!C137 -> D1500㎜ | D26: 1 | E26: nr | G26: =I26+K26+M26 -> 880897.9 | I26: ='강관부설 및 철거'!I137 -> 76573.9 | K26: ='강관부설 및 철거'!K137 -> 679016 | M26: ='강관부설 및 철거'!M137 -> 125308
A27: 24 | B27: ='강관부설 및 철거'!B143 -> 강관부설(기계) | C27: ='강관부설 및 철거'!C143 -> D1650㎜ | D27: 1 | E27: nr | G27: =I27+K27+M27 -> 1174589.1 | I27: ='강관부설 및 철거'!I143 -> 102103.6 | K27: ='강관부설 및 철거'!K143 -> 905399.9 | M27: ='강관부설 및 철거'!M143 -> 167085.6
A28: 25 | B28: ='강관부설 및 철거'!B149 -> 강관부설(기계) | C28: ='강관부설 및 철거'!C149 -> D1800㎜ | D28: 1 | E28: nr | G28: =I28+K28+M28 -> 1349651.2 | I28: ='강관부설 및 철거'!I149 -> 102103.6 | K28: ='강관부설 및 철거'!K149 -> 1080462 | M28: ='강관부설 및 철거'!M149 -> 167085.6
A29: 26 | B29: ='강관부설 및 철거'!B155 -> 강관부설(기계) | C29: ='강관부설 및 철거'!C155 -> D2000㎜ | D29: 1 | E29: nr | G29: =I29+K29+M29 -> 1349651.2 | I29: ='강관부설 및 철거'!I155 -> 102103.6 | K29: ='강관부설 및 철거'!K155 -> 1080462 | M29: ='강관부설 및 철거'!M155 -> 167085.6
A30: 27 | B30: ='강관부설 및 철거'!B161 -> 강관부설(기계) | C30: ='강관부설 및 철거'!C161 -> D2200㎜ | D30: 1 | E30: nr | G30: =I30+K30+M30 -> 1349651.2 | I30: ='강관부설 및 철거'!I161 -> 102103.6 | K30: ='강관부설 및 철거'!K161 -> 1080462 | M30: ='강관부설 및 철거'!M161 -> 167085.6
A31: 28 | B31: ='강관부설 및 철거'!B167 -> 강관부설(기계) | C31: ='강관부설 및 철거'!C167 -> D2400㎜ | D31: 1 | E31: nr | G31: =I31+K31+M31 -> 2024375.8 | I31: ='강관부설 및 철거'!I167 -> 153147.8 | K31: ='강관부설 및 철거'!K167 -> 1620612 | M31: ='강관부설 및 철거'!M167 -> 250616
A32: 29 | B32: =강관용접!B5 -> 강관접합(A종) | C32: =강관용접!C5 -> D80㎜ | D32: 1 | E32: 개소 | G32: =I32+K32+M32 -> 27713.4 | I32: =강관용접!I5 -> 490 | K32: =강관용접!K5 -> 25682.5 | M32: =강관용접!M5 -> 1540.9 | N32: 삭제
A33: 30 | B33: =강관용접!B11 -> 강관접합(A종) | C33: =강관용접!C11 -> D100㎜ 이하, 외부용접 | D33: 1 | E33: 개소 | G33: =I33+K33+M33 -> 27909.4 | I33: =강관용접!I11 -> 686 | K33: =강관용접!K11 -> 25682.5 | M33: =강관용접!M11 -> 1540.9
A34: 31 | B34: =강관용접!B17 -> 강관접합(A종) | C34: =강관용접!C17 -> D125㎜, 외부용접 | D34: 1 | E34: 개소 | G34: =I34+K34+M34 -> 28448.4 | I34: =강관용접!I17 -> 1225 | K34: =강관용접!K17 -> 25682.5 | M34: =강관용접!M17 -> 1540.9
A35: 32 | B35: =강관용접!B23 -> 강관접합(A종) | C35: =강관용접!C23 -> D150㎜, 외부용접 | D35: 1 | E35: 개소 | G35: =I35+K35+M35 -> 31761.8 | I35: =강관용접!I23 -> 1813 | K35: =강관용접!K23 -> 28253.6 | M35: =강관용접!M23 -> 1695.2
A36: 33 | B36: =강관용접!B29 -> 강관접합(A종) | C36: =강관용접!C29 -> D200㎜, 외부용접 | D36: 1 | E36: 개소 | G36: =I36+K36+M36 -> 35919 | I36: =강관용접!I29 -> 2646 | K36: =강관용접!K29 -> 31389.7 | M36: =강관용접!M29 -> 1883.3
A37: 34 | B37: =강관용접!B35 -> 강관접합(A종) | C37: =강관용접!C35 -> D250㎜, 외부용접 | D37: 1 | E37: 개소 | G37: =I37+K37+M37 -> 42567.7 | I37: =강관용접!I35 -> 2646 | K37: =강관용접!K35 -> 37662 | M37: =강관용접!M35 -> 2259.7
A38: 35 | B38: =강관용접!B41 -> 강관접합(A종) | C38: =강관용접!C41 -> D300㎜, 외부용접 | D38: 1 | E38: 개소 | G38: =I38+K38+M38 -> 48903.2 | I38: =강관용접!I41 -> 2842 | K38: =강관용접!K41 -> 43454 | M38: =강관용접!M41 -> 2607.2
A39: 36 | B39: =강관용접!B47 -> 강관접합(A종) | C39: =강관용접!C47 -> D350㎜, 외부용접 | D39: 1 | E39: 개소 | G39: =I39+K39+M39 -> 57484.8 | I39: =강관용접!I47 -> 3038 | K39: =강관용접!K47 -> 51365 | M39: =강관용접!M47 -> 3081.8
A40: 37 | B40: =강관용접!B53 -> 강관접합(A종) | C40: =강관용접!C53 -> D400㎜, 외부용접 | D40: 1 | E40: 개소 | G40: =I40+K40+M40 -> 66551.1 | I40: =강관용접!I53 -> 3479 | K40: =강관용접!K53 -> 59502 | M40: =강관용접!M53 -> 3570.1
A41: 38 | B41: =강관용접!B59 -> 강관접합(A종) | C41: =강관용접!C59 -> D450㎜, 외부용접 | D41: 1 | E41: 개소 | G41: =I41+K41+M41 -> 78792 | I41: =강관용접!I59 -> 3920 | K41: =강관용접!K59 -> 70634 | M41: =강관용접!M59 -> 4238
A42: 39 | B42: =강관용접!B65 -> 강관접합(A종) | C42: =강관용접!C65 -> D500㎜, 외부용접 | D42: 1 | E42: 개소 | G42: =I42+K42+M42 -> 96434.4 | I42: =강관용접!I65 -> 4312 | K42: =강관용접!K65 -> 86908 | M42: =강관용접!M65 -> 5214.4
A43: 40 | B43: =강관용접!B71 -> 강관접합(A종) | C43: =강관용접!C71 -> D600㎜, 외부용접 | D43: 1 | E43: 개소 | G43: =I43+K43+M43 -> 124989.2 | I43: =강관용접!I71 -> 5194 | K43: =강관용접!K71 -> 113014.4 | M43: =강관용접!M71 -> 6780.8
A44: 41 | B44: =강관용접!B77 -> 강관접합(A종) | C44: =강관용접!C77 -> D700㎜, 외부용접 | D44: 1 | E44: 개소 | G44: =I44+K44+M44 -> 178967.4 | I44: =강관용접!I77 -> 7840 | K44: =강관용접!K77 -> 161441 | M44: =강관용접!M77 -> 9686.4
A45: 42 | B45: =강관용접!B83 -> 강관접합(B종) | C45: =강관용접!C83 -> D700㎜, 외부용접 | D45: 1 | E45: 개소 | G45: =I45+K45+M45 -> 0 | I45: =강관용접!I83 -> 0 | K45: =강관용접!K83 -> 0 | M45: =강관용접!M83 -> 0 | N45: 삭제
A46: 43 | B46: =강관용접!B89 -> 강관접합(A종) | C46: =강관용접!C89 -> D800㎜, 내·외부용접 | D46: 1 | E46: 개소 | G46: =I46+K46+M46 -> 370655.7 | I46: =강관용접!I89 -> 11270 | K46: =강관용접!K89 -> 339043.2 | M46: =강관용접!M89 -> 20342.5
A47: 44 | B47: =강관용접!B95 -> 강관접합(B종) | C47: =강관용접!C95 -> D800㎜, 내·외부용접 | D47: 1 | E47: 개소 | G47: =I47+K47+M47 -> 233926.1 | I47: =강관용접!I95 -> 9310 | K47: =강관용접!K95 -> 211902 | M47: =강관용접!M95 -> 12714.1
A48: 45 | B48: =강관용접!B101 -> 강관접합(A종) | C48: =강관용접!C101 -> D900㎜, 내·외부용접 | D48: 1 | E48: 개소 | G48: =I48+K48+M48 -> 461972.2 | I48: =강관용접!I101 -> 12740 | K48: =강관용접!K101 -> 423804 | M48: =강관용접!M101 -> 25428.2
A49: 46 | B49: =강관용접!B107 -> 강관접합(B종) | C49: =강관용접!C107 -> D900㎜, 내·외부용접 | D49: 1 | E49: 개소 | G49: =I49+K49+M49 -> 309748.1 | I49: =강관용접!I107 -> 10290 | K49: =강관용접!K107 -> 282507.7 | M49: =강관용접!M107 -> 16950.4
A50: 47 | B50: =강관용접!B113 -> 강관접합(A종) | C50: =강관용접!C113 -> D1000㎜, 내·외부용접 | D50: 1 | E50: 개소 | G50: =I50+K50+M50 -> 616156.1 | I50: =강관용접!I113 -> 17150 | K50: =강관용접!K113 -> 565100.2 | M50: =강관용접!M113 -> 33905.9
A51: 48 | B51: =강관용접!B119 -> 강관접합(B종) | C51: =강관용접!C119 -> D1000㎜, 내·외부용접 | D51: 1 | E51: 개소 | G51: =I51+K51+M51 -> 373595.7 | I51: =강관용접!I119 -> 14210 | K51: =강관용접!K119 -> 339043.2 | M51: =강관용접!M119 -> 20342.5
A52: 49 | B52: =강관용접!B125 -> 강관접합(A종) | C52: =강관용접!C125 -> D1100㎜, 내·외부용접 | D52: 1 | E52: 개소 | G52: =I52+K52+M52 -> 621546.1 | I52: =강관용접!I125 -> 22540 | K52: =강관용접!K125 -> 565100.2 | M52: =강관용접!M125 -> 33905.9
A53: 50 | B53: =강관용접!B131 -> 강관접합(B종) | C53: =강관용접!C131 -> D1100㎜, 내·외부용접 | D53: 1 | E53: 개소 | G53: =I53+K53+M53 -> 464912.2 | I53: =강관용접!I131 -> 15680 | K53: =강관용접!K131 -> 423804 | M53: =강관용접!M131 -> 25428.2
A54: 51 | B54: =강관용접!B137 -> 강관접합(A종) | C54: =강관용접!C137 -> D1200㎜, 내·외부용접 | D54: 1 | E54: 개소 | G54: =I54+K54+M54 -> 932274.4 | I54: =강관용접!I137 -> 33810 | K54: =강관용접!K137 -> 847608 | M54: =강관용접!M137 -> 50856.4
A55: 52 | B55: =강관용접!B143 -> 강관접합(B종) | C55: =강관용접!C143 -> D1200㎜, 내·외부용접 | D55: 1 | E55: 개소 | G55: =I55+K55+M55 -> 469812.2 | I55: =강관용접!I143 -> 20580 | K55: =강관용접!K143 -> 423804 | M55: =강관용접!M143 -> 25428.2
A56: 53 | B56: =강관용접!B149 -> 강관접합(A종) | C56: =강관용접!C149 -> D1350㎜, 내·외부용접 | D56: 1 | E56: 개소 | G56: =I56+K56+M56 -> 936684.4 | I56: =강관용접!I149 -> 38220 | K56: =강관용접!K149 -> 847608 | M56: =강관용접!M149 -> 50856.4
A57: 54 | B57: =강관용접!B155 -> 강관접합(B종) | C57: =강관용접!C155 -> D1350㎜, 내·외부용접 | D57: 1 | E57: 개소 | G57: =I57+K57+M57 -> 626936.1 | I57: =강관용접!I155 -> 27930 | K57: =강관용접!K155 -> 565100.2 | M57: =강관용접!M155 -> 33905.9
A58: 55 | B58: =강관용접!B161 -> 강관접합(A종) | C58: =강관용접!C161 -> D1500㎜, 내·외부용접 | D58: 1 | E58: 개소 | G58: =I58+K58+M58 -> 954324.4 | I58: =강관용접!I161 -> 55860 | K58: =강관용접!K161 -> 847608 | M58: =강관용접!M161 -> 50856.4
A59: 56 | B59: =강관용접!B167 -> 강관접합(B종) | C59: =강관용접!C167 -> D1500㎜, 내·외부용접 | D59: 1 | E59: 개소 | G59: =I59+K59+M59 -> 635266.1 | I59: =강관용접!I167 -> 36260 | K59: =강관용접!K167 -> 565100.2 | M59: =강관용접!M167 -> 33905.9
A60: 57 | B60: =강관용접!B173 -> 강관접합(A종) | C60: =강관용접!C173 -> D1650㎜, 내·외부용접 | D60: 1 | E60: 개소 | G60: =I60+K60+M60 -> 968044.4 | I60: =강관용접!I173 -> 69580 | K60: =강관용접!K173 -> 847608 | M60: =강관용접!M173 -> 50856.4
A61: 58 | B61: =강관용접!B179 -> 강관접합(B종) | C61: =강관용접!C179 -> D1650㎜, 내·외부용접 | D61: 1 | E61: 개소 | G61: =I61+K61+M61 -> 645556.1 | I61: =강관용접!I179 -> 46550 | K61: =강관용접!K179 -> 565100.2 | M61: =강관용접!M179 -> 33905.9
A62: 59 | B62: =강관용접!B185 -> 강관접합(A종) | C62: =강관용접!C185 -> D1800㎜, 내·외부용접 | D62: 1 | E62: 개소 | G62: =I62+K62+M62 -> 1283212.6 | I62: =강관용접!I185 -> 85260 | K62: =강관용접!K185 -> 1130144 | M62: =강관용접!M185 -> 67808.6
A63: 60 | B63: =강관용접!B191 -> 강관접합(B종) | C63: =강관용접!C191 -> D1800㎜, 내·외부용접 | D63: 1 | E63: 개소 | G63: =I63+K63+M63 -> 856984.9 | I63: =강관용접!I191 -> 58310 | K63: =강관용접!K191 -> 753467 | M63: =강관용접!M191 -> 45207.9
A64: 61 | B64: =강관용접!B197 -> 강관접합(A종) | C64: =강관용접!C197 -> D2000㎜, 내·외부용접 | D64: 1 | E64: 개소 | G64: =I64+K64+M64 -> 1314572.6 | I64: =강관용접!I197 -> 116620 | K64: =강관용접!K197 -> 1130144 | M64: =강관용접!M197 -> 67808.6
A65: 62 | B65: =강관용접!B203 -> 강관접합(B종) | C65: =강관용접!C203 -> D2000㎜, 내·외부용접 | D65: 1 | E65: 개소 | G65: =I65+K65+M65 -> 887854.9 | I65: =강관용접!I203 -> 89180 | K65: =강관용접!K203 -> 753467 | M65: =강관용접!M203 -> 45207.9
A66: 63 | B66: =강관용접!B209 -> 강관접합(A종) | C66: =강관용접!C209 -> D2200㎜, 내·외부용접 | D66: 1 | E66: 개소 | G66: =I66+K66+M66 -> 1354752.6 | I66: =강관용접!I209 -> 156800 | K66: =강관용접!K209 -> 1130144 | M66: =강관용접!M209 -> 67808.6
A67: 64 | B67: =강관용접!B215 -> 강관접합(B종) | C67: =강관용접!C215 -> D2200㎜, 내·외부용접 | D67: 1 | E67: 개소 | G67: =I67+K67+M67 -> 902554.9 | I67: =강관용접!I215 -> 103880 | K67: =강관용접!K215 -> 753467 | M67: =강관용접!M215 -> 45207.9
A68: 65 | B68: =강관용접!B221 -> 강관접합(A종) | C68: =강관용접!C221 -> D2400㎜, 내·외부용접 | D68: 1 | E68: 개소 | G68: =I68+K68+M68 -> 1401302.6 | I68: =강관용접!I221 -> 203350 | K68: =강관용접!K221 -> 1130144 | M68: =강관용접!M221 -> 67808.6
A69: 66 | B69: =강관용접!B227 -> 강관접합(B종) | C69: =강관용접!C227 -> D2400㎜, 내·외부용접 | D69: 1 | E69: 개소 | G69: =I69+K69+M69 -> 1338582.6 | I69: =강관용접!I227 -> 140630 | K69: =강관용접!K227 -> 1130144 | M69: =강관용접!M227 -> 67808.6
A70: 67 | B70: =강관용접!B233 -> 발전기(1대)+용접기(2대)조합 | C70: =강관용접!C233 -> 발전기(50kw)+용접기(200Amp) | D70: 1 | E70: 개소 | G70: =I70+K70+M70 -> 56766 | I70: =강관용접!I233 -> 15645 | K70: =강관용접!K233 -> 36248 | M70: =강관용접!M233 -> 4873
A71: 68 | B71: =강관용접!B237 -> 강관용접부 산소압축시험 | C71: =강관용접!C237 -> D1500㎜이하 | D71: 1 | E71: 개소 | G71: =I71+K71+M71 -> 95513 | I71: =강관용접!I237 -> 3049 | K71: =강관용접!K237 -> 92464 | M71: =강관용접!M237 -> 0
A72: 69 | B72: =강관용접!B245 -> 강관용접부 산소압축시험 | C72: =강관용접!C245 -> D1650㎜이상 | D72: 1 | E72: 개소 | G72: =I72+K72+M72 -> 114566 | I72: =강관용접!I245 -> 3610 | K72: =강관용접!K245 -> 110956 | L72: =강관용접!L245 -> 0 | M72: =강관용접!M245 -> 0
A73: 70 | B73: =강관도장!B5 -> 강관도장(외부) | C73: =강관도장!C5 -> D80㎜ | D73: 1 | E73: 개소 | G73: =I73+K73+M73 -> 25398 | I73: =강관도장!I5 -> 10938 | K73: =강관도장!K5 -> 14460 | M73: =강관도장!M5 -> 0
A74: 71 | B74: =강관도장!B8 -> 강관도장(외부) | C74: =강관도장!C8 -> D100㎜ | D74: 1 | E74: 개소 | G74: =I74+K74+M74 -> 31748 | I74: =강관도장!I8 -> 13673 | K74: =강관도장!K8 -> 18075 | M74: =강관도장!M8 -> 0
A75: 72 | B75: =강관도장!B11 -> 강관도장(외부) | C75: =강관도장!C11 -> D150㎜ | D75: 1 | E75: 개소 | G75: =I75+K75+M75 -> 47622 | I75: =강관도장!I11 -> 20510 | K75: =강관도장!K11 -> 27112 | M75: =강관도장!M11 -> 0
A76: 73 | B76: =강관도장!B14 -> 강관도장(외부) | C76: =강관도장!C14 -> D200㎜ | D76: 1 | E76: 개소 | G76: =I76+K76+M76 -> 63496 | I76: =강관도장!I14 -> 27346 | K76: =강관도장!K14 -> 36150 | M76: =강관도장!M14 -> 0
A77: 74 | B77: =강관도장!B17 -> 강관도장(외부) | C77: =강관도장!C17 -> D250㎜ | D77: 1 | E77: 개소 | G77: =I77+K77+M77 -> 79370 | I77: =강관도장!I17 -> 34183 | K77: =강관도장!K17 -> 45187 | M77: =강관도장!M17 -> 0
A78: 75 | B78: =강관도장!B20 -> 강관도장(외부) | C78: =강관도장!C20 -> D300㎜ | D78: 1 | E78: 개소 | G78: =I78+K78+M78 -> 95245 | I78: =강관도장!I20 -> 41020 | K78: =강관도장!K20 -> 54225 | L78: =강관도장!L20 -> 0 | M78: =강관도장!M20 -> 0
A79: 76 | B79: =강관도장!B28 -> 강관도장(외부) | C79: =강관도장!C28 -> D350㎜ | D79: 1 | E79: 개소 | G79: =I79+K79+M79 -> 111330 | I79: =강관도장!I28 -> 47494 | K79: =강관도장!K28 -> 63836 | M79: =강관도장!M28 -> 0
A80: 77 | B80: =강관도장!B36 -> 강관도장(외부) | C80: =강관도장!C36 -> D400㎜ | D80: 1 | E80: 개소 | G80: =I80+K80+M80 -> 125104 | I80: =강관도장!I36 -> 54287 | K80: =강관도장!K36 -> 70817 | M80: =강관도장!M36 -> 0
A81: 78 | B81: =강관도장!B44 -> 강관도장(외부) | C81: =강관도장!C44 -> D450㎜ | D81: 1 | E81: 개소 | G81: =I81+K81+M81 -> 136978 | I81: =강관도장!I44 -> 60900 | K81: =강관도장!K44 -> 76078 | M81: =강관도장!M44 -> 0
A82: 79 | B82: =강관도장!B52 -> 강관도장(외부) | C82: =강관도장!C52 -> D500㎜ | D82: 1 | E82: 개소 | G82: =I82+K82+M82 -> 151206 | I82: =강관도장!I52 -> 68147 | K82: =강관도장!K52 -> 83059 | M82: =강관도장!M52 -> 0
A83: 80 | B83: =강관도장!B60 -> 강관도장(외부) | C83: =강관도장!C60 -> D600㎜ | D83: 1 | E83: 개소 | G83: =I83+K83+M83 -> 172530 | I83: =강관도장!I60 -> 81581 | K83: =강관도장!K60 -> 90949 | M83: =강관도장!M60 -> 0
A84: 81 | B84: =강관도장!B68 -> 강관도장(외부) | C84: =강관도장!C68 -> D700㎜ | D84: 1 | E84: 개소 | G84: =I84+K84+M84 -> 192918 | I84: =강관도장!I68 -> 94988 | K84: =강관도장!K68 -> 97930 | M84: =강관도장!M68 -> 0
A85: 82 | B85: =강관도장!B81 -> 강관도장(내,외부) | C85: =강관도장!C81 -> D800㎜ | D85: 1 | E85: 개소 | G85: =I85+K85+M85 -> 318387 | I85: =강관도장!I81 -> 132137 | K85: =강관도장!K81 -> 186250 | M85: =강관도장!M81 -> 0
A86: 83 | B86: =강관도장!B94 -> 강관도장(내,외부) | C86: =강관도장!C94 -> D900㎜ | D86: 1 | E86: 개소 | G86: =I86+K86+M86 -> 344165 | I86: =강관도장!I94 -> 148304 | K86: =강관도장!K94 -> 195861 | M86: =강관도장!M94 -> 0
A87: 84 | B87: =강관도장!B107 -> 강관도장(내,외부) | C87: =강관도장!C107 -> D1000㎜ | D87: 1 | E87: 개소 | G87: =I87+K87+M87 -> 371852 | I87: =강관도장!I107 -> 165470 | K87: =강관도장!K107 -> 206382 | M87: =강관도장!M107 -> 0
A88: 85 | B88: =강관도장!B120 -> 강관도장(내,외부) | C88: =강관도장!C120 -> D1100㎜ | D88: 1 | E88: 개소 | G88: =I88+K88+M88 -> 400219 | I88: =강관도장!I120 -> 182505 | K88: =강관도장!K120 -> 217714 | M88: =강관도장!M120 -> 0
A89: 86 | B89: =강관도장!B133 -> 강관도장(내,외부) | C89: =강관도장!C133 -> D1200㎜ | D89: 1 | E89: 개소 | G89: =I89+K89+M89 -> 443068 | I89: =강관도장!I133 -> 220094 | K89: =강관도장!K133 -> 222974 | M89: =강관도장!M133 -> 0
A90: 87 | B90: =강관도장!B146 -> 강관도장(내,외부) | C90: =강관도장!C146 -> D1350㎜ | D90: 1 | E90: 개소 | G90: =I90+K90+M90 -> 479584 | I90: =강관도장!I146 -> 246999 | K90: =강관도장!K146 -> 232585 | M90: =강관도장!M146 -> 0
A91: 88 | B91: =강관도장!B159 -> 강관도장(내,외부) | C91: =강관도장!C159 -> D1500㎜ | D91: 1 | E91: 개소 | G91: =I91+K91+M91 -> 519842 | I91: =강관도장!I159 -> 275015 | K91: =강관도장!K159 -> 244827 | M91: =강관도장!M159 -> 0
A92: 89 | B92: =강관도장!B172 -> 강관도장(내,외부) | C92: =강관도장!C172 -> D1650㎜ | D92: 1 | E92: 개소 | G92: =I92+K92+M92 -> 554068 | I92: =강관도장!I172 -> 303981 | K92: =강관도장!K172 -> 250087 | M92: =강관도장!M172 -> 0
A93: 90 | B93: =강관도장!B185 -> 강관도장(내,외부) | C93: =강관도장!C185 -> D1800㎜ | D93: 1 | E93: 개소 | G93: =I93+K93+M93 -> 654942 | I93: =강관도장!I185 -> 395244 | K93: =강관도장!K185 -> 259698 | M93: =강관도장!M185 -> 0
A94: 91 | B94: =강관도장!B198 -> 강관도장(내,외부) | C94: =강관도장!C198 -> D2000㎜ | D94: 1 | E94: 개소 | G94: =I94+K94+M94 -> 706123 | I94: =강관도장!I198 -> 438534 | K94: =강관도장!K198 -> 267589 | M94: =강관도장!M198 -> 0
A95: 92 | B95: =강관도장!B211 -> 강관도장(내,외부) | C95: =강관도장!C211 -> D2200㎜ | D95: 1 | E95: 개소 | G95: =I95+K95+M95 -> 767628 | I95: =강관도장!I211 -> 483447 | K95: =강관도장!K211 -> 284181 | M95: =강관도장!M211 -> 0
A96: 93 | B96: =강관도장!B224 -> 강관도장(내,외부) | C96: =강관도장!C224 -> D2400㎜ | D96: 1 | E96: 개소 | G96: =I96+K96+M96 -> 813548 | I96: =강관도장!I224 -> 526737 | K96: =강관도장!K224 -> 286811 | M96: =강관도장!M224 -> 0
A97: 94 | B97: ='강관절단 및 절단(철거)'!B5 -> 강관절단(A종) | C97: ='강관절단 및 절단(철거)'!C5 -> D80㎜ | D97: 1 | E97: 개소 | G97: =I97+K97+M97 -> 25498 | I97: ='강관절단 및 절단(철거)'!I5 -> 2896 | K97: ='강관절단 및 절단(철거)'!K5 -> 22602 | M97: ='강관절단 및 절단(철거)'!M5 -> 0
A98: 95 | B98: ='강관절단 및 절단(철거)'!B12 -> 강관절단(A종) | C98: ='강관절단 및 절단(철거)'!C12 -> D100㎜ | D98: 1 | E98: 개소 | G98: =I98+K98+M98 -> 25864 | I98: ='강관절단 및 절단(철거)'!I12 -> 3262 | K98: ='강관절단 및 절단(철거)'!K12 -> 22602 | M98: ='강관절단 및 절단(철거)'!M12 -> 0
A99: 96 | B99: ='강관절단 및 절단(철거)'!B19 -> 강관절단(A종) | C99: ='강관절단 및 절단(철거)'!C19 -> D125㎜ | D99: 1 | E99: 개소 | G99: =I99+K99+M99 -> 29113 | I99: ='강관절단 및 절단(철거)'!I19 -> 3685 | K99: ='강관절단 및 절단(철거)'!K19 -> 25428 | M99: ='강관절단 및 절단(철거)'!M19 -> 0
A100: 97 | B100: ='강관절단 및 절단(철거)'!B26 -> 강관절단(A종) | C100: ='강관절단 및 절단(철거)'!C26 -> D150㎜ | D100: 1 | E100: 개소 | G100: =I100+K100+M100 -> 32630 | I100: ='강관절단 및 절단(철거)'!I26 -> 4377 | K100: ='강관절단 및 절단(철거)'!K26 -> 28253 | M100: ='강관절단 및 절단(철거)'!M26 -> 0
A101: 98 | B101: ='강관절단 및 절단(철거)'!B33 -> 강관절단(A종) | C101: ='강관절단 및 절단(철거)'!C33 -> D200㎜ | D101: 1 | E101: 개소 | G101: =I101+K101+M101 -> 42058 | I101: ='강관절단 및 절단(철거)'!I33 -> 5329 | K101: ='강관절단 및 절단(철거)'!K33 -> 36729 | M101: ='강관절단 및 절단(철거)'!M33 -> 0
...

Sheet 강관부설 및 철거
A1: 일위대가_호표_강관부설(2025년)
A2: 공 종 명 | C2: 규 격 | D2: 수량 | E2: 단위 | F2: 합 계 | H2: 재 료 비 | J2: 노 무 비 | L2: 경 비 | N2: 비 고
F3: 단 가 | G3: 금 액 | H3: 단 가 | I3: 금 액 | J3: 단 가 | K3: 금 액 | L3: 단 가 | M3: 금 액
A5: 1 | B5: 강관부설(인력) | C5: D80㎜ | D5: 1 | E5: nr | G5: =I5+K5+M5 -> 87153.5 | I5: =I9 -> 0 | K5: =K9 -> 87153.5 | M5: =M9 -> 0 | N5: 토목6-3-1
B6: 배 관 공 | C6: 수도 | D6: 2 | E6: 인 | F6: =H6+J6+L6 -> 262580 | G6: =I6+K6+M6 -> 525160 | H6: 0 | J6: =노임!$D$10 -> 262580 | K6: =TRUNC(J6*D6,1) -> 525160 | L6: 0
B7: 보통인부 | D7: 1 | E7: 인 | F7: =H7+J7+L7 -> 172068 | G7: =I7+K7+M7 -> 172068 | H7: 0 | J7: =노임!$D$3 -> 172068 | K7: =TRUNC(J7*D7,1) -> 172068 | L7: 0
B8: 트럭탑제형 크레인 | C8: 10 TON | E8: hr | F8: =H8+J8+L8 -> 91498.25 | G8: =I8+K8+M8 -> 0 | H8: =중기사용료목록!$E$9 -> 17925.25 | I8: =TRUNC(H8*D8,1) -> 0 | J8: =중기사용료목록!$F$9 -> 49778 | K8: =TRUNC(J8*D8,1) -> 0 | L8: =중기사용료목록!$G$9 -> 23795 | M8: =TRUNC(L8*D8,1) -> 0
B9: 일 시공량 | C9: 8 | D9: =ROUND(1/C9,4) -> 0.125 | E9: 일/본 | G9: =I9+K9+M9 -> 87153.5 | I9: =TRUNC(SUM(I6:I8)*$D9,1) -> 0 | K9: =TRUNC(SUM(K6:K8)*$D9,1) -> 87153.5 | M9: =TRUNC(SUM(M6:M8)*$D9,1) -> 0
A11: =A5+1 -> 2 | B11: 강관부설(인력) | C11: D100㎜ | D11: 1 | E11: nr | G11: =I11+K11+M11 -> 116227.9 | I11: =I15 -> 0 | K11: =K15 -> 116227.9 | M11: =M15 -> 0 | N11: 토목6-3-1
B12: 배 관 공 | C12: 수도 | D12: 2 | E12: 인 | F12: =H12+J12+L12 -> 262580 | G12: =I12+K12+M12 -> 525160 | H12: 0 | J12: =노임!D10 -> 262580 | K12: =TRUNC(J12*D12,1) -> 525160 | L12: 0
B13: 보통인부 | D13: 1 | E13: 인 | F13: =H13+J13+L13 -> 172068 | G13: =I13+K13+M13 -> 172068 | H13: 0 | J13: =노임!D3 -> 172068 | K13: =TRUNC(J13*D13,1) -> 172068 | L13: 0
B14: 트럭탑제형 크레인 | C14: 10 TON | E14: hr | F14: =H14+J14+L14 -> 91498.25 | G14: =I14+K14+M14 -> 0 | H14: =중기사용료목록!$E$9 -> 17925.25 | I14: =TRUNC(H14*D14,1) -> 0 | J14: =중기사용료목록!$F$9 -> 49778 | K14: =TRUNC(J14*D14,1) -> 0 | L14: =중기사용료목록!$G$9 -> 23795 | M14: =TRUNC(L14*D14,1) -> 0
B15: 일 시공량 | C15: 6 | D15: =ROUND(1/C15,4) -> 0.1667 | E15: 일/본 | G15: =I15+K15+M15 -> 116227.9 | I15: =TRUNC(SUM(I12:I14)*$D15,1) -> 0 | K15: =TRUNC(SUM(K12:K14)*$D15,1) -> 116227.9 | M15: =TRUNC(SUM(M12:M14)*$D15,1) -> 0
A17: =A11+1 -> 3 | B17: 강관부설(기계) | C17: D100㎜ 이하 | D17: 1 | E17: nr | G17: =I17+K17+M17 -> 100680.9 | I17: =I21 -> 10238.9 | K17: =K21 -> 76850.3 | M17: =M21 -> 13591.7 | N17: 토목6-3-1
B18: 배 관 공 | C18: 수도 | D18: 2 | E18: 인 | F18: =H18+J18+L18 -> 197788 | G18: =I18+K18+M18 -> 395576 | H18: 0 | J18: =노임!D15 -> 197788 | K18: =TRUNC(J18*D18,1) -> 395576 | L18: 0
B19: 보통인부 | D19: 1 | E19: 인 | F19: =H19+J19+L19 -> 282536 | G19: =I19+K19+M19 -> 282536 | H19: 0 | J19: =노임!D7 -> 282536 | K19: =TRUNC(J19*D19,1) -> 282536 | L19: 0
B20: 트럭탑제형 크레인 | C20: 10 TON | D20: 8 | E20: hr | F20: =H20+J20+L20 -> 91498.25 | G20: =I20+K20+M20 -> 731986 | H20: =중기사용료목록!$E$9 -> 17925.25 | I20: =TRUNC(H20*D20,1) -> 143402 | J20: =중기사용료목록!$F$9 -> 49778 | K20: =TRUNC(J20*D20,1) -> 398224 | L20: =중기사용료목록!$G$9 -> 23795 | M20: =TRUNC(L20*D20,1) -> 190360
B21: 일 시공량 | C21: 14 | D21: =ROUND(1/C21,4) -> 0.0714 | E21: 일/본 | G21: =I21+K21+M21 -> 100680.9 | I21: =TRUNC(SUM(I18:I20)*$D21,1) -> 10238.9 | K21: =TRUNC(SUM(K18:K20)*$D21,1) -> 76850.3 | M21: =TRUNC(SUM(M18:M20)*$D21,1) -> 13591.7
A23: =A17+1 -> 4 | B23: 강관부설(인력) | C23: D150㎜ | D23: 1 | E23: nr | G23: =I23+K23+M23 -> 159999.9 | I23: =I27 -> 0 | K23: =K27 -> 159999.9 | M23: =M27 -> 0 | N23: 토목6-3-1
B24: 배 관 공 | C24: 수도 | D24: 3 | E24: 인 | F24: =H24+J24+L24 -> 262580 | G24: =I24+K24+M24 -> 787740 | H24: 0 | J24: =노임!$D$10 -> 262580 | K24: =TRUNC(J24*D24,1) -> 787740 | L24: 0
B25: 보통인부 | D25: 1 | E25: 인 | F25: =H25+J25+L25 -> 172068 | G25: =I25+K25+M25 -> 172068 | H25: 0 | J25: =노임!$D$3 -> 172068 | K25: =TRUNC(J25*D25,1) -> 172068 | L25: 0
B26: 트럭탑제형 크레인 | C26: 10 TON | E26: hr | F26: =H26+J26+L26 -> 91498.25 | G26: =I26+K26+M26 -> 0 | H26: =중기사용료목록!$E$9 -> 17925.25 | I26: =TRUNC(H26*D26,1) -> 0 | J26: =중기사용료목록!$F$9 -> 49778 | K26: =TRUNC(J26*D26,1) -> 0 | L26: =중기사용료목록!$G$9 -> 23795 | M26: =TRUNC(L26*D26,1) -> 0
B27: 일 시공량 | C27: 6 | D27: =ROUND(1/C27,4) -> 0.1667 | E27: 일/본 | G27: =I27+K27+M27 -> 159999.9 | I27: =TRUNC(SUM(I24:I26)*$D27,1) -> 0 | K27: =TRUNC(SUM(K24:K26)*$D27,1) -> 159999.9 | M27: =TRUNC(SUM(M24:M26)*$D27,1) -> 0
A29: =A23+1 -> 5 | B29: 강관부설(기계) | C29: D150㎜ | D29: 1 | E29: nr | G29: =I29+K29+M29 -> 109906.4 | I29: =I33 -> 11027.6 | K29: =K33 -> 84240.2 | M29: =M33 -> 14638.6 | N29: 토목6-3-1
B30: 배 관 공 | C30: 수도 | D30: 2 | E30: 인 | F30: =H30+J30+L30 -> 262580 | G30: =I30+K30+M30 -> 525160 | H30: 0 | J30: =노임!$D$10 -> 262580 | K30: =TRUNC(J30*D30,1) -> 525160 | L30: 0
B31: 보통인부 | D31: 1 | E31: 인 | F31: =H31+J31+L31 -> 172068 | G31: =I31+K31+M31 -> 172068 | H31: 0 | J31: =노임!$D$3 -> 172068 | K31: =TRUNC(J31*D31,1) -> 172068 | L31: 0
B32: 트럭탑제형 크레인 | C32: 10 TON | D32: 8 | E32: hr | F32: =H32+J32+L32 -> 91498.25 | G32: =I32+K32+M32 -> 731986 | H32: =중기사용료목록!$E$9 -> 17925.25 | I32: =TRUNC(H32*D32,1) -> 143402 | J32: =중기사용료목록!$F$9 -> 49778 | K32: =TRUNC(J32*D32,1) -> 398224 | L32: =중기사용료목록!$G$9 -> 23795 | M32: =TRUNC(L32*D32,1) -> 190360
B33: 일 시공량 | C33: 13 | D33: =ROUND(1/C33,4) -> 0.0769 | E33: 일/본 | G33: =I33+K33+M33 -> 109906.4 | I33: =TRUNC(SUM(I30:I32)*$D33,1) -> 11027.6 | K33: =TRUNC(SUM(K30:K32)*$D33,1) -> 84240.2 | M33: =TRUNC(SUM(M30:M32)*$D33,1) -> 14638.6
A35: =A29+1 -> 6 | B35: 강관부설(인력) | C35: D200㎜ | D35: 1 | E35: nr | G35: =I35+K35+M35 -> 244477.6 | I35: =I39 -> 0 | K35: =K39 -> 244477.6 | M35: =M39 -> 0 | N35: 토목6-3-1
B36: 배 관 공 | C36: 수도 | D36: 4 | E36: 인 | F36: =H36+J36+L36 -> 262580 | G36: =I36+K36+M36 -> 1050320 | H36: 0 | J36: =노임!$D$10 -> 262580 | K36: =TRUNC(J36*D36,1) -> 1050320 | L36: 0
B37: 보통인부 | D37: 1 | E37: 인 | F37: =H37+J37+L37 -> 172068 | G37: =I37+K37+M37 -> 172068 | H37: 0 | J37: =노임!$D$3 -> 172068 | K37: =TRUNC(J37*D37,1) -> 172068 | L37: 0
B38: 트럭탑제형 크레인 | C38: 10 TON | E38: hr | F38: =H38+J38+L38 -> 91498.25 | G38: =I38+K38+M38 -> 0 | H38: =중기사용료목록!$E$9 -> 17925.25 | I38: =TRUNC(H38*D38,1) -> 0 | J38: =중기사용료목록!$F$9 -> 49778 | K38: =TRUNC(J38*D38,1) -> 0 | L38: =중기사용료목록!$G$9 -> 23795 | M38: =TRUNC(L38*D38,1) -> 0
B39: 일 시공량 | C39: 5 | D39: =ROUND(1/C39,4) -> 0.2 | E39: 일/본 | G39: =I39+K39+M39 -> 244477.6 | I39: =TRUNC(SUM(I36:I38)*$D39,1) -> 0 | K39: =TRUNC(SUM(K36:K38)*$D39,1) -> 244477.6 | M39: =TRUNC(SUM(M36:M38)*$D39,1) -> 0
A41: =A35+1 -> 7 | B41: 강관부설(기계) | C41: D200㎜ | D41: 1 | E41: nr | G41: =I41+K41+M41 -> 119053.3 | I41: =I45 -> 11945.3 | K41: =K45 -> 91251.1 | M41: =M45 -> 15856.9 | N41: 토목6-3-1
B42: 배 관 공 | C42: 수도 | D42: 2 | E42: 인 | F42: =H42+J42+L42 -> 262580 | G42: =I42+K42+M42 -> 525160 | H42: 0 | J42: =노임!$D$10 -> 262580 | K42: =TRUNC(J42*D42,1) -> 525160 | L42: 0
B43: 보통인부 | D43: 1 | E43: 인 | F43: =H43+J43+L43 -> 172068 | G43: =I43+K43+M43 -> 172068 | H43: 0 | J43: =노임!$D$3 -> 172068 | K43: =TRUNC(J43*D43,1) -> 172068 | L43: 0
B44: 트럭탑제형 크레인 | C44: 10 TON | D44: 8 | E44: hr | F44: =H44+J44+L44 -> 91498.25 | G44: =I44+K44+M44 -> 731986 | H44: =중기사용료목록!$E$9 -> 17925.25 | I44: =TRUNC(H44*D44,1) -> 143402 | J44: =중기사용료목록!$F$9 -> 49778 | K44: =TRUNC(J44*D44,1) -> 398224 | L44: =중기사용료목록!$G$9 -> 23795 | M44: =TRUNC(L44*D44,1) -> 190360
B45: 일 시공량 | C45: 12 | D45: =ROUND(1/C45,4) -> 0.0833 | E45: 일/본 | G45: =I45+K45+M45 -> 119053.3 | I45: =TRUNC(SUM(I42:I44)*$D45,1) -> 11945.3 | K45: =TRUNC(SUM(K42:K44)*$D45,1) -> 91251.1 | M45: =TRUNC(SUM(M42:M44)*$D45,1) -> 15856.9
A47: =A41+1 -> 8 | B47: 강관부설(인력) | C47: D250㎜ | D47: 1 | E47: nr | G47: =I47+K47+M47 -> 305597 | I47: =I51 -> 0 | K47: =K51 -> 305597 | M47: =M51 -> 0 | N47: 토목6-3-1
B48: 배 관 공 | C48: 수도 | D48: 4 | E48: 인 | F48: =H48+J48+L48 -> 262580 | G48: =I48+K48+M48 -> 1050320 | H48: 0 | J48: =노임!$D$10 -> 262580 | K48: =TRUNC(J48*D48,1) -> 1050320 | L48: 0
B49: 보통인부 | D49: 1 | E49: 인 | F49: =H49+J49+L49 -> 172068 | G49: =I49+K49+M49 -> 172068 | H49: 0 | J49: =노임!$D$3 -> 172068 | K49: =TRUNC(J49*D49,1) -> 172068 | L49: 0
B50: 트럭탑제형 크레인 | C50: 10 TON | E50: hr | F50: =H50+J50+L50 -> 91498.25 | G50: =I50+K50+M50 -> 0 | H50: =중기사용료목록!$E$9 -> 17925.25 | I50: =TRUNC(H50*D50,1) -> 0 | J50: =중기사용료목록!$F$9 -> 49778 | K50: =TRUNC(J50*D50,1) -> 0 | L50: =중기사용료목록!$G$9 -> 23795 | M50: =TRUNC(L50*D50,1) -> 0
B51: 일 시공량 | C51: 4 | D51: =ROUND(1/C51,4) -> 0.25 | E51: 일/본 | G51: =I51+K51+M51 -> 305597 | I51: =TRUNC(SUM(I48:I50)*$D51,1) -> 0 | K51: =TRUNC(SUM(K48:K50)*$D51,1) -> 305597 | M51: =TRUNC(SUM(M48:M50)*$D51,1) -> 0
A53: =A47+1 -> 9 | B53: 강관부설(기계) | C53: D250㎜ | D53: 1 | E53: nr | G53: =I53+K53+M53 -> 129915.4 | I53: =I57 -> 13035.2 | K53: =K57 -> 99576.5 | M53: =M57 -> 17303.7 | N53: 토목6-3-1
B54: 배 관 공 | C54: 수도 | D54: 2 | E54: 인 | F54: =H54+J54+L54 -> 262580 | G54: =I54+K54+M54 -> 525160 | H54: 0 | J54: =노임!$D$10 -> 262580 | K54: =TRUNC(J54*D54,1) -> 525160 | L54: 0
B55: 보통인부 | D55: 1 | E55: 인 | F55: =H55+J55+L55 -> 172068 | G55: =I55+K55+M55 -> 172068 | H55: 0 | J55: =노임!$D$3 -> 172068 | K55: =TRUNC(J55*D55,1) -> 172068 | L55: 0
B56: 트럭탑제형 크레인 | C56: 10 TON | D56: 8 | E56: hr | F56: =H56+J56+L56 -> 91498.25 | G56: =I56+K56+M56 -> 731986 | H56: =중기사용료목록!$E$9 -> 17925.25 | I56: =TRUNC(H56*D56,1) -> 143402 | J56: =중기사용료목록!$F$9 -> 49778 | K56: =TRUNC(J56*D56,1) -> 398224 | L56: =중기사용료목록!$G$9 -> 23795 | M56: =TRUNC(L56*D56,1) -> 190360
B57: 일 시공량 | C57: 11 | D57: =ROUND(1/C57,4) -> 0.0909 | E57: 일/본 | G57: =I57+K57+M57 -> 129915.4 | I57: =TRUNC(SUM(I54:I56)*$D57,1) -> 13035.2 | K57: =TRUNC(SUM(K54:K56)*$D57,1) -> 99576.5 | M57: =TRUNC(SUM(M54:M56)*$D57,1) -> 17303.7
A59: =A53+1 -> 10 | B59: 강관부설(기계) | C59: D300㎜ | D59: 1 | E59: nr | G59: =I59+K59+M59 -> 142921.4 | I59: =I63 -> 14340.2 | K59: =K63 -> 109545.2 | M59: =M63 -> 19036 | N59: 토목6-3-1
B60: 배 관 공 | C60: 수도 | D60: 2 | E60: 인 | F60: =H60+J60+L60 -> 262580 | G60: =I60+K60+M60 -> 525160 | H60: 0 | J60: =노임!$D$10 -> 262580 | K60: =TRUNC(J60*D60,1) -> 525160 | L60: 0
B61: 보통인부 | D61: 1 | E61: 인 | F61: =H61+J61+L61 -> 172068 | G61: =I61+K61+M61 -> 172068 | H61: 0 | J61: =노임!$D$3 -> 172068 | K61: =TRUNC(J61*D61,1) -> 172068 | L61: 0
B62: 트럭탑제형 크레인 | C62: 10 TON | D62: 8 | E62: hr | F62: =H62+J62+L62 -> 91498.25 | G62: =I62+K62+M62 -> 731986 | H62: =중기사용료목록!$E$9 -> 17925.25 | I62: =TRUNC(H62*D62,1) -> 143402 | J62: =중기사용료목록!$F$9 -> 49778 | K62: =TRUNC(J62*D62,1) -> 398224 | L62: =중기사용료목록!$G$9 -> 23795 | M62: =TRUNC(L62*D62,1) -> 190360
B63: 일 시공량 | C63: 10 | D63: =ROUND(1/C63,4) -> 0.1 | E63: 일/본 | G63: =I63+K63+M63 -> 142921.4 | I63: =TRUNC(SUM(I60:I62)*$D63,1) -> 14340.2 | K63: =TRUNC(SUM(K60:K62)*$D63,1) -> 109545.2 | M63: =TRUNC(SUM(M60:M62)*$D63,1) -> 19036
A65: =A59+1 -> 11 | B65: 강관부설(기계) | C65: D350㎜ | D65: 1 | E65: nr | G65: =I65+K65+M65 -> 142921.4 | I65: =I69 -> 14340.2 | K65: =K69 -> 109545.2 | M65: =M69 -> 19036 | N65: 토목6-3-1
B66: 배 관 공 | C66: 수도 | D66: 2 | E66: 인 | F66: =H66+J66+L66 -> 262580 | G66: =I66+K66+M66 -> 525160 | H66: 0 | J66: =노임!$D$10 -> 262580 | K66: =TRUNC(J66*D66,1) -> 525160 | L66: 0
B67: 보통인부 | D67: 1 | E67: 인 | F67: =H67+J67+L67 -> 172068 | G67: =I67+K67+M67 -> 172068 | H67: 0 | J67: =노임!$D$3 -> 172068 | K67: =TRUNC(J67*D67,1) -> 172068 | L67: 0
B68: 트럭탑제형 크레인 | C68: 10 TON | D68: 8 | E68: hr | F68: =H68+J68+L68 -> 91498.25 | G68: =I68+K68+M68 -> 731986 | H68: =중기사용료목록!$E$9 -> 17925.25 | I68: =TRUNC(H68*D68,1) -> 143402 | J68: =중기사용료목록!$F$9 -> 49778 | K68: =TRUNC(J68*D68,1) -> 398224 | L68: =중기사용료목록!$G$9 -> 23795 | M68: =TRUNC(L68*D68,1) -> 190360
B69: 일 시공량 | C69: 10 | D69: =ROUND(1/C69,4) -> 0.1 | E69: 일/본 | G69: =I69+K69+M69 -> 142921.4 | I69: =TRUNC(SUM(I66:I68)*$D69,1) -> 14340.2 | K69: =TRUNC(SUM(K66:K68)*$D69,1) -> 109545.2 | M69: =TRUNC(SUM(M66:M68)*$D69,1) -> 19036
A71: =A65+1 -> 12 | B71: 강관부설(기계) | C71: D400㎜ | D71: 1 | E71: nr | G71: =I71+K71+M71 -> 158785.5 | I71: =I75 -> 15931.9 | K71: =K75 -> 121704.7 | M71: =M75 -> 21148.9 | N71: 토목6-3-1
B72: 배 관 공 | C72: 수도 | D72: 2 | E72: 인 | F72: =H72+J72+L72 -> 262580 | G72: =I72+K72+M72 -> 525160 | H72: 0 | J72: =노임!$D$10 -> 262580 | K72: =TRUNC(J72*D72,1) -> 525160 | L72: 0
B73: 보통인부 | D73: 1 | E73: 인 | F73: =H73+J73+L73 -> 172068 | G73: =I73+K73+M73 -> 172068 | H73: 0 | J73: =노임!$D$3 -> 172068 | K73: =TRUNC(J73*D73,1) -> 172068 | L73: 0
B74: 트럭탑제형 크레인 | C74: 10 TON | D74: 8 | E74: hr | F74: =H74+J74+L74 -> 91498.25 | G74: =I74+K74+M74 -> 731986 | H74: =중기사용료목록!$E$9 -> 17925.25 | I74: =TRUNC(H74*D74,1) -> 143402 | J74: =중기사용료목록!$F$9 -> 49778 | K74: =TRUNC(J74*D74,1) -> 398224 | L74: =중기사용료목록!$G$9 -> 23795 | M74: =TRUNC(L74*D74,1) -> 190360
B75: 일 시공량 | C75: 9 | D75: =ROUND(1/C75,4) -> 0.1111 | E75: 일/본 | G75: =I75+K75+M75 -> 158785.5 | I75: =TRUNC(SUM(I72:I74)*$D75,1) -> 15931.9 | K75: =TRUNC(SUM(K72:K74)*$D75,1) -> 121704.7 | M75: =TRUNC(SUM(M72:M74)*$D75,1) -> 21148.9
A77: =A71+1 -> 13 | B77: 강관부설(기계) | C77: D450㎜ | D77: 1 | E77: nr | G77: =I77+K77+M77 -> 178651.7 | I77: =I81 -> 17925.2 | K77: =K81 -> 136931.5 | M77: =M81 -> 23795 | N77: 토목6-3-1
B78: 배 관 공 | C78: 수도 | D78: 2 | E78: 인 | F78: =H78+J78+L78 -> 262580 | G78: =I78+K78+M78 -> 525160 | H78: 0 | J78: =노임!$D$10 -> 262580 | K78: =TRUNC(J78*D78,1) -> 525160 | L78: 0
B79: 보통인부 | D79: 1 | E79: 인 | F79: =H79+J79+L79 -> 172068 | G79: =I79+K79+M79 -> 172068 | H79: 0 | J79: =노임!$D$3 -> 172068 | K79: =TRUNC(J79*D79,1) -> 172068 | L79: 0
B80: 트럭탑제형 크레인 | C80: 10 TON | D80: 8 | E80: hr | F80: =H80+J80+L80 -> 91498.25 | G80: =I80+K80+M80 -> 731986 | H80: =중기사용료목록!$E$9 -> 17925.25 | I80: =TRUNC(H80*D80,1) -> 143402 | J80: =중기사용료목록!$F$9 -> 49778 | K80: =TRUNC(J80*D80,1) -> 398224 | L80: =중기사용료목록!$G$9 -> 23795 | M80: =TRUNC(L80*D80,1) -> 190360
B81: 일 시공량 | C81: 8 | D81: =ROUND(1/C81,4) -> 0.125 | E81: 일/본 | G81: =I81+K81+M81 -> 178651.7 | I81: =TRUNC(SUM(I78:I80)*$D81,1) -> 17925.2 | K81: =TRUNC(SUM(K78:K80)*$D81,1) -> 136931.5 | M81: =TRUNC(SUM(M78:M80)*$D81,1) -> 23795
A83: =A77+1 -> 14 | B83: 강관부설(기계) | C83: D500㎜ | D83: 1 | E83: nr | G83: =I83+K83+M83 -> 204234.5 | I83: =I87 -> 20492.1 | K83: =K87 -> 156540 | M83: =M87 -> 27202.4 | N83: =N77 -> 토목6-3-1
B84: 배 관 공 | C84: 수도 | D84: 2 | E84: 인 | F84: =H84+J84+L84 -> 262580 | G84: =I84+K84+M84 -> 525160 | H84: 0 | J84: =노임!$D$10 -> 262580 | K84: =TRUNC(J84*D84,1) -> 525160 | L84: 0
B85: 보통인부 | D85: 1 | E85: 인 | F85: =H85+J85+L85 -> 172068 | G85: =I85+K85+M85 -> 172068 | H85: 0 | J85: =노임!$D$3 -> 172068 | K85: =TRUNC(J85*D85,1) -> 172068 | L85: 0
B86: 트럭탑제형 크레인 | C86: 10 TON | D86: 8 | E86: hr | F86: =H86+J86+L86 -> 91498.25 | G86: =I86+K86+M86 -> 731986 | H86: =중기사용료목록!$E$9 -> 17925.25 | I86: =TRUNC(H86*D86,1) -> 143402 | J86: =중기사용료목록!$F$9 -> 49778 | K86: =TRUNC(J86*D86,1) -> 398224 | L86: =중기사용료목록!$G$9 -> 23795 | M86: =TRUNC(L86*D86,1) -> 190360
B87: 일 시공량 | C87: 7 | D87: =ROUND(1/C87,4) -> 0.1429 | E87: 일/본 | G87: =I87+K87+M87 -> 204234.5 | I87: =TRUNC(SUM(I84:I86)*$D87,1) -> 20492.1 | K87: =TRUNC(SUM(K84:K86)*$D87,1) -> 156540 | M87: =TRUNC(SUM(M84:M86)*$D87,1) -> 27202.4
A89: =A83+1 -> 15 | B89: 강관부설(기계) | C89: D600㎜ | D89: 1 | E89: nr | G89: =I89+K89+M89 -> 238249.9 | I89: =I93 -> 23905.1 | K89: =K93 -> 182611.8 | M89: =M93 -> 31733 | N89: =N83 -> 토목6-3-1
B90: 배 관 공 | C90: 수도 | D90: 2 | E90: 인 | F90: =H90+J90+L90 -> 262580 | G90: =I90+K90+M90 -> 525160 | H90: 0 | J90: =노임!$D$10 -> 262580 | K90: =TRUNC(J90*D90,1) -> 525160 | L90: 0
B91: 보통인부 | D91: 1 | E91: 인 | F91: =H91+J91+L91 -> 172068 | G91: =I91+K91+M91 -> 172068 | H91: 0 | J91: =노임!$D$3 -> 172068 | K91: =TRUNC(J91*D91,1) -> 172068 | L91: 0
B92: 트럭탑제형 크레인 | C92: 10 TON | D92: 8 | E92: hr | F92: =H92+J92+L92 -> 91498.25 | G92: =I92+K92+M92 -> 731986 | H92: =중기사용료목록!$E$9 -> 17925.25 | I92: =TRUNC(H92*D92,1) -> 143402 | J92: =중기사용료목록!$F$9 -> 49778 | K92: =TRUNC(J92*D92,1) -> 398224 | L92: =중기사용료목록!$G$9 -> 23795 | M92: =TRUNC(L92*D92,1) -> 190360
B93: 일 시공량 | C93: 6 | D93: =ROUND(1/C93,4) -> 0.1667 | E93: 일/본 | G93: =I93+K93+M93 -> 238249.9 | I93: =TRUNC(SUM(I90:I92)*$D93,1) -> 23905.1 | K93: =TRUNC(SUM(K90:K92)*$D93,1) -> 182611.8 | M93: =TRUNC(SUM(M90:M92)*$D93,1) -> 31733
A95: =A89+1 -> 16 | B95: 강관부설(기계) | C95: D700㎜ | D95: 1 | E95: nr | G95: =I95+K95+M95 -> 285842.8 | I95: =I99 -> 28680.4 | K95: =K99 -> 219090.4 | M95: =M99 -> 38072 | N95: =N89 -> 토목6-3-1
B96: 배 관 공 | C96: 수도 | D96: 2 | E96: 인 | F96: =H96+J96+L96 -> 262580 | G96: =I96+K96+M96 -> 525160 | H96: 0 | J96: =노임!$D$10 -> 262580 | K96: =TRUNC(J96*D96,1) -> 525160 | L96: 0
B97: 보통인부 | D97: 1 | E97: 인 | F97: =H97+J97+L97 -> 172068 | G97: =I97+K97+M97 -> 172068 | H97: 0 | J97: =노임!$D$3 -> 172068 | K97: =TRUNC(J97*D97,1) -> 172068 | L97: 0
B98: 트럭탑제형 크레인 | C98: 10 TON | D98: 8 | E98: hr | F98: =H98+J98+L98 -> 91498.25 | G98: =I98+K98+M98 -> 731986 | H98: =중기사용료목록!$E$9 -> 17925.25 | I98: =TRUNC(H98*D98,1) -> 143402 | J98: =중기사용료목록!$F$9 -> 49778 | K98: =TRUNC(J98*D98,1) -> 398224 | L98: =중기사용료목록!$G$9 -> 23795 | M98: =TRUNC(L98*D98,1) -> 190360
B99: 일 시공량 | C99: 5 | D99: =ROUND(1/C99,4) -> 0.2 | E99: 일/본 | G99: =I99+K99+M99 -> 285842.8 | I99: =TRUNC(SUM(I96:I98)*$D99,1) -> 28680.4 | K99: =TRUNC(SUM(K96:K98)*$D99,1) -> 219090.4 | M99: =TRUNC(SUM(M96:M98)*$D99,1) -> 38072
A101: =A95+1 -> 17 | B101: 강관부설(기계) | C101: D800㎜ | D101: 1 | E101: nr | G101: =I101+K101+M101 -> 307568 | I101: =I105 -> 26070.4 | K101: =K105 -> 246890.2 | M101: =M105 -> 34607.4 | N101: =N95 -> 토목6-3-1
B102: 배 관 공 | C102: 수도 | D102: 3 | E102: 인 | F102: =H102+J102+L102 -> 262580 | G102: =I102+K102+M102 -> 787740 | H102: 0 | J102: =노임!$D$10 -> 262580 | K102: =TRUNC(J102*D102,1) -> 787740 | L102: 0
B103: 보통인부 | D103: 1 | E103: 인 | F103: =H103+J103+L103 -> 172068 | G103: =I103+K103+M103 -> 172068 | H103: 0 | J103: =노임!$D$3 -> 172068 | K103: =TRUNC(J103*D103,1) -> 172068 | L103: 0
B104: 트럭탑제형 크레인 | C104: 10 TON | D104: 8 | E104: hr | F104: =H104+J104+L104 -> 91498.25 | G104: =I104+K104+M104 -> 731986 | H104: =중기사용료목록!$E$9 -> 17925.25 | I104: =TRUNC(H104*D104,1) -> 143402 | J104: =중기사용료목록!$F$9 -> 49778 | K104: =TRUNC(J104*D104,1) -> 398224 | L104: =중기사용료목록!$G$9 -> 23795 | M104: =TRUNC(L104*D104,1) -> 190360
B105: 일 시공량 | C105: 5.5 | D105: =ROUND(1/C105,4) -> 0.1818 | E105: 일/본 | G105: =I105+K105+M105 -> 307568 | I105: =TRUNC(SUM(I102:I104)*$D105,1) -> 26070.4 | K105: =TRUNC(SUM(K102:K104)*$D105,1) -> 246890.2 | M105: =TRUNC(SUM(M102:M104)*$D105,1) -> 34607.4
A107: =A101+1 -> 18 | B107: 강관부설(기계) | C107: D900㎜ | D107: 1 | E107: nr | G107: =I107+K107+M107 -> 375916.5 | I107: =I111 -> 31863.9 | K107: =K111 -> 301754.7 | M107: =M111 -> 42297.9 | N107: =N101 -> 토목6-3-1
B108: 배 관 공 | C108: 수도 | D108: 3 | E108: 인 | F108: =H108+J108+L108 -> 262580 | G108: =I108+K108+M108 -> 787740 | H108: 0 | J108: =노임!$D$10 -> 262580 | K108: =TRUNC(J108*D108,1) -> 787740 | L108: 0
B109: 보통인부 | D109: 1 | E109: 인 | F109: =H109+J109+L109 -> 172068 | G109: =I109+K109+M109 -> 172068 | H109: 0 | J109: =노임!$D$3 -> 172068 | K109: =TRUNC(J109*D109,1) -> 172068 | L109: 0
B110: 트럭탑제형 크레인 | C110: 10 TON | D110: 8 | E110: hr | F110: =H110+J110+L110 -> 91498.25 | G110: =I110+K110+M110 -> 731986 | H110: =중기사용료목록!$E$9 -> 17925.25 | I110: =TRUNC(H110*D110,1) -> 143402 | J110: =중기사용료목록!$F$9 -> 49778 | K110: =TRUNC(J110*D110,1) -> 398224 | L110: =중기사용료목록!$G$9 -> 23795 | M110: =TRUNC(L110*D110,1) -> 190360
B111: 일 시공량 | C111: 4.5 | D111: =ROUND(1/C111,4) -> 0.2222 | E111: 일/본 | G111: =I111+K111+M111 -> 375916.5 | I111: =TRUNC(SUM(I108:I110)*$D111,1) -> 31863.9 | K111: =TRUNC(SUM(K108:K110)*$D111,1) -> 301754.7 | M111: =TRUNC(SUM(M108:M110)*$D111,1) -> 42297.9
A113: =A107+1 -> 19 | B113: 강관부설(기계) | C113: D1000㎜ | D113: 1 | E113: nr | G113: =I113+K113+M113 -> 503344.9 | I113: =I117 -> 43754.3 | K113: =K117 -> 387989.7 | M113: =M117 -> 71600.9 | N113: =N107 -> 토목6-3-1
B114: 배 관 공 | C114: 수도 | D114: 3 | E114: 인 | F114: =H114+J114+L114 -> 262580 | G114: =I114+K114+M114 -> 787740 | H114: 0 | J114: =노임!$D$10 -> 262580 | K114: =TRUNC(J114*D114,1) -> 787740 | L114: 0
B115: 보통인부 | D115: 1 | E115: 인 | F115: =H115+J115+L115 -> 172068 | G115: =I115+K115+M115 -> 172068 | H115: 0 | J115: =노임!$D$3 -> 172068 | K115: =TRUNC(J115*D115,1) -> 172068 | L115: 0
B116: 트럭탑제형 크레인 | C116: 15 TON | D116: 8 | E116: hr | F116: =H116+J116+L116 -> 100248.48 | G116: =I116+K116+M116 -> 801987.8 | H116: =중기사용료목록!$E$10 -> 19143.48 | I116: =TRUNC(H116*D116,1) -> 153147.8 | J116: =중기사용료목록!$F$10 -> 49778 | K116: =TRUNC(J116*D116,1) -> 398224 | L116: =중기사용료목록!$G$10 -> 31327 | M116: =TRUNC(L116*D116,1) -> 250616
B117: 일 시공량 | C117: 3.5 | D117: =ROUND(1/C117,4) -> 0.2857 | E117: 일/본 | G117: =I117+K117+M117 -> 503344.9 | I117: =TRUNC(SUM(I114:I116)*$D117,1) -> 43754.3 | K117: =TRUNC(SUM(K114:K116)*$D117,1) -> 387989.7 | M117: =TRUNC(SUM(M114:M116)*$D117,1) -> 71600.9
A119: =A113+1 -> 20 | B119: 강관부설(기계) | C119: D1100㎜ | D119: 1 | E119: nr | G119: =I119+K119+M119 -> 587206.4 | I119: =I123 -> 51044.1 | K119: =K123 -> 452632 | M119: =M123 -> 83530.3 | N119: =N113 -> 토목6-3-1
B120: 배 관 공 | C120: 수도 | D120: 3 | E120: 인 | F120: =H120+J120+L120 -> 262580 | G120: =I120+K120+M120 -> 787740 | H120: 0 | J120: =노임!$D$10 -> 262580 | K120: =TRUNC(J120*D120,1) -> 787740 | L120: 0
...

Sheet 강관용접
A1: 일위대가_호표_강관용접(용접봉-2010년 표준품셈 기준)
A2: 공 종 명 | C2: 규 격 | D2: 수량 | E2: 단위 | F2: 합 계 | H2: 재 료 비 | J2: 노 무 비 | L2: 경 비 | N2: 비 고
F3: 단 가 | G3: 금 액 | H3: 단 가 | I3: 금 액 | J3: 단 가 | K3: 금 액 | L3: 단 가 | M3: 금 액
A5: ='강관부설 및 철거'!A167 -> 28 | B5: 강관접합(A종) | C5: D80㎜ | D5: 1 | E5: 개소 | G5: =I5+K5+M5 -> 27713.4 | I5: =I8+I9 -> 490 | K5: =K8+K9 -> 25682.5 | M5: =M8+M9 -> 1540.9
B6: 용 접 공(일 반) | D6: 1 | E6: 인 | F6: =H6+J6+L6 -> 282536 | G6: =I6+K6+M6 -> 282536 | H6: 0 | J6: =노임!$D$7 -> 282536 | K6: =TRUNC(J6*D6,1) -> 282536 | L6: 0
B7: 공구손료 및 경장비 | C7: 인력품의 | D7: 6 | E7: % | F7: =H7+J7+L7 -> 282536 | G7: =I7+K7+M7 -> 16952.1 | I7: =TRUNC(H7*D7,1) -> 0 | K7: =TRUNC(J7*D7,1) -> 0 | L7: =K6 -> 282536 | M7: =TRUNC(L7*D7/100,1) -> 16952.1
B8: 일 시공량 | C8: 11 | D8: =ROUND(1/C8,4) -> 0.0909 | E8: 일/개소 | G8: =I8+K8+M8 -> 27223.4 | I8: =TRUNC(SUM(I6:I7)*$D8,1) -> 0 | K8: =TRUNC(SUM(K6:K7)*$D8,1) -> 25682.5 | M8: =TRUNC(SUM(M6:M7)*$D8,1) -> 1540.9
B9: 용접봉(고장력강용) | C9: 4.0㎜ KSD5316 | D9: 0.1 | E9: kg | F9: =H9+J9+L9 -> 4900 | G9: =I9+K9+M9 -> 490 | H9: =자재조서!$D$4 -> 4900 | I9: =TRUNC(H9*D9,1) -> 490 | J9: 0 | L9: 0
A11: =A5+1 -> 29 | B11: 강관접합(A종) | C11: D100㎜ 이하, 외부용접 | D11: 1 | E11: 개소 | G11: =I11+K11+M11 -> 27909.4 | I11: =I14+I15 -> 686 | K11: =K14+K15 -> 25682.5 | M11: =M14+M15 -> 1540.9 | N11: 토목6-3-2
B12: 용 접 공(일 반) | D12: 1 | E12: 인 | F12: =H12+J12+L12 -> 282536 | G12: =I12+K12+M12 -> 282536 | H12: 0 | J12: =노임!$D$7 -> 282536 | K12: =TRUNC(J12*D12,1) -> 282536 | L12: 0
B13: 공구손료 및 경장비 | C13: 인력품의 | D13: 6 | E13: % | F13: =H13+J13+L13 -> 282536 | G13: =I13+K13+M13 -> 16952.1 | I13: =TRUNC(H13*D13,1) -> 0 | K13: =TRUNC(J13*D13,1) -> 0 | L13: =K12 -> 282536 | M13: =TRUNC(L13*D13/100,1) -> 16952.1
B14: 일 시공량 | C14: 11 | D14: =ROUND(1/C14,4) -> 0.0909 | E14: 일/개소 | G14: =I14+K14+M14 -> 27223.4 | I14: =TRUNC(SUM(I12:I13)*$D14,1) -> 0 | K14: =TRUNC(SUM(K12:K13)*$D14,1) -> 25682.5 | M14: =TRUNC(SUM(M12:M13)*$D14,1) -> 1540.9
B15: 용접봉(고장력강용) | C15: 4.0㎜ KSD5316 | D15: 0.14 | E15: kg | F15: =H15+J15+L15 -> 4900 | G15: =I15+K15+M15 -> 686 | H15: =자재조서!$D$4 -> 4900 | I15: =TRUNC(H15*D15,1) -> 686 | J15: 0 | L15: 0
A17: =A11+1 -> 30 | B17: 강관접합(A종) | C17: D125㎜, 외부용접 | D17: 1 | E17: 개소 | G17: =I17+K17+M17 -> 28448.4 | I17: =I20+I21 -> 1225 | K17: =K20+K21 -> 25682.5 | M17: =M20+M21 -> 1540.9 | N17: =N11 -> 토목6-3-2
B18: 용 접 공(일 반) | D18: 1 | E18: 인 | F18: =H18+J18+L18 -> 282536 | G18: =I18+K18+M18 -> 282536 | H18: 0 | J18: =노임!$D$7 -> 282536 | K18: =TRUNC(J18*D18,1) -> 282536 | L18: 0
B19: 공구손료 및 경장비 | C19: 인력품의 | D19: 6 | E19: % | F19: =H19+J19+L19 -> 282536 | G19: =I19+K19+M19 -> 16952.1 | I19: =TRUNC(H19*D19,1) -> 0 | K19: =TRUNC(J19*D19,1) -> 0 | L19: =K18 -> 282536 | M19: =TRUNC(L19*D19/100,1) -> 16952.1
B20: 일 시공량 | C20: 11 | D20: =ROUND(1/C20,4) -> 0.0909 | E20: 일/개소 | G20: =I20+K20+M20 -> 27223.4 | I20: =TRUNC(SUM(I18:I19)*$D20,1) -> 0 | K20: =TRUNC(SUM(K18:K19)*$D20,1) -> 25682.5 | M20: =TRUNC(SUM(M18:M19)*$D20,1) -> 1540.9
B21: 용접봉(고장력강용) | C21: 4.0㎜ KSD5316 | D21: 0.25 | E21: kg | F21: =H21+J21+L21 -> 4900 | G21: =I21+K21+M21 -> 1225 | H21: =자재조서!$D$4 -> 4900 | I21: =TRUNC(H21*D21,1) -> 1225 | J21: 0 | L21: 0
A23: =A17+1 -> 31 | B23: 강관접합(A종) | C23: D150㎜, 외부용접 | D23: 1 | E23: 개소 | G23: =I23+K23+M23 -> 31761.8 | I23: =I26+I27 -> 1813 | K23: =K26+K27 -> 28253.6 | M23: =M26+M27 -> 1695.2 | N23: =N17 -> 토목6-3-2
B24: 용 접 공(일 반) | D24: 1 | E24: 인 | F24: =H24+J24+L24 -> 282536 | G24: =I24+K24+M24 -> 282536 | H24: 0 | J24: =노임!$D$7 -> 282536 | K24: =TRUNC(J24*D24,1) -> 282536 | L24: 0
B25: 공구손료 및 경장비 | C25: 인력품의 | D25: 6 | E25: % | F25: =H25+J25+L25 -> 282536 | G25: =I25+K25+M25 -> 16952.1 | I25: =TRUNC(H25*D25,1) -> 0 | K25: =TRUNC(J25*D25,1) -> 0 | L25: =K24 -> 282536 | M25: =TRUNC(L25*D25/100,1) -> 16952.1
B26: 일 시공량 | C26: 10 | D26: =ROUND(1/C26,4) -> 0.1 | E26: 일/개소 | G26: =I26+K26+M26 -> 29948.8 | I26: =TRUNC(SUM(I24:I25)*$D26,1) -> 0 | K26: =TRUNC(SUM(K24:K25)*$D26,1) -> 28253.6 | M26: =TRUNC(SUM(M24:M25)*$D26,1) -> 1695.2
B27: 용접봉(고장력강용) | C27: 4.0㎜ KSD5316 | D27: 0.37 | E27: kg | F27: =H27+J27+L27 -> 4900 | G27: =I27+K27+M27 -> 1813 | H27: =자재조서!$D$4 -> 4900 | I27: =TRUNC(H27*D27,1) -> 1813 | J27: 0 | L27: 0
A29: =A23+1 -> 32 | B29: 강관접합(A종) | C29: D200㎜, 외부용접 | D29: 1 | E29: 개소 | G29: =I29+K29+M29 -> 35919 | I29: =I32+I33 -> 2646 | K29: =K32+K33 -> 31389.7 | M29: =M32+M33 -> 1883.3 | N29: =N23 -> 토목6-3-2
B30: 용 접 공(일 반) | D30: 1 | E30: 인 | F30: =H30+J30+L30 -> 282536 | G30: =I30+K30+M30 -> 282536 | H30: 0 | J30: =노임!$D$7 -> 282536 | K30: =TRUNC(J30*D30,1) -> 282536 | L30: 0
B31: 공구손료 및 경장비 | C31: 인력품의 | D31: 6 | E31: % | F31: =H31+J31+L31 -> 282536 | G31: =I31+K31+M31 -> 16952.1 | I31: =TRUNC(H31*D31,1) -> 0 | K31: =TRUNC(J31*D31,1) -> 0 | L31: =K30 -> 282536 | M31: =TRUNC(L31*D31/100,1) -> 16952.1
B32: 일 시공량 | C32: 9 | D32: =ROUND(1/C32,4) -> 0.1111 | E32: 일/개소 | G32: =I32+K32+M32 -> 33273 | I32: =TRUNC(SUM(I30:I31)*$D32,1) -> 0 | K32: =TRUNC(SUM(K30:K31)*$D32,1) -> 31389.7 | M32: =TRUNC(SUM(M30:M31)*$D32,1) -> 1883.3
B33: 용접봉(고장력강용) | C33: 4.0㎜ KSD5316 | D33: 0.54 | E33: kg | F33: =H33+J33+L33 -> 4900 | G33: =I33+K33+M33 -> 2646 | H33: =자재조서!$D$4 -> 4900 | I33: =TRUNC(H33*D33,1) -> 2646 | J33: 0 | L33: 0
A35: =A29+1 -> 33 | B35: 강관접합(A종) | C35: D250㎜, 외부용접 | D35: 1 | E35: 개소 | G35: =I35+K35+M35 -> 42567.7 | I35: =I38+I39 -> 2646 | K35: =K38+K39 -> 37662 | M35: =M38+M39 -> 2259.7 | N35: =N29 -> 토목6-3-2
B36: 용 접 공(일 반) | D36: 1 | E36: 인 | F36: =H36+J36+L36 -> 282536 | G36: =I36+K36+M36 -> 282536 | H36: 0 | J36: =노임!$D$7 -> 282536 | K36: =TRUNC(J36*D36,1) -> 282536 | L36: 0
B37: 공구손료 및 경장비 | C37: 인력품의 | D37: 6 | E37: % | F37: =H37+J37+L37 -> 282536 | G37: =I37+K37+M37 -> 16952.1 | I37: =TRUNC(H37*D37,1) -> 0 | K37: =TRUNC(J37*D37,1) -> 0 | L37: =K36 -> 282536 | M37: =TRUNC(L37*D37/100,1) -> 16952.1
B38: 일 시공량 | C38: 7.5 | D38: =ROUND(1/C38,4) -> 0.1333 | E38: 일/개소 | G38: =I38+K38+M38 -> 39921.7 | I38: =TRUNC(SUM(I36:I37)*$D38,1) -> 0 | K38: =TRUNC(SUM(K36:K37)*$D38,1) -> 37662 | M38: =TRUNC(SUM(M36:M37)*$D38,1) -> 2259.7
B39: 용접봉(고장력강용) | C39: 4.0㎜ KSD5316 | D39: 0.54 | E39: kg | F39: =H39+J39+L39 -> 4900 | G39: =I39+K39+M39 -> 2646 | H39: =자재조서!$D$4 -> 4900 | I39: =TRUNC(H39*D39,1) -> 2646 | J39: 0 | L39: 0
A41: =A35+1 -> 34 | B41: 강관접합(A종) | C41: D300㎜, 외부용접 | D41: 1 | E41: 개소 | G41: =I41+K41+M41 -> 48903.2 | I41: =I44+I45 -> 2842 | K41: =K44+K45 -> 43454 | M41: =M44+M45 -> 2607.2 | N41: =N35 -> 토목6-3-2
B42: 용 접 공(일 반) | D42: 1 | E42: 인 | F42: =H42+J42+L42 -> 282536 | G42: =I42+K42+M42 -> 282536 | H42: 0 | J42: =노임!$D$7 -> 282536 | K42: =TRUNC(J42*D42,1) -> 282536 | L42: 0
B43: 공구손료 및 경장비 | C43: 인력품의 | D43: 6 | E43: % | F43: =H43+J43+L43 -> 282536 | G43: =I43+K43+M43 -> 16952.1 | I43: =TRUNC(H43*D43,1) -> 0 | K43: =TRUNC(J43*D43,1) -> 0 | L43: =K42 -> 282536 | M43: =TRUNC(L43*D43/100,1) -> 16952.1
B44: 일 시공량 | C44: 6.5 | D44: =ROUND(1/C44,4) -> 0.1538 | E44: 일/개소 | G44: =I44+K44+M44 -> 46061.2 | I44: =TRUNC(SUM(I42:I43)*$D44,1) -> 0 | K44: =TRUNC(SUM(K42:K43)*$D44,1) -> 43454 | M44: =TRUNC(SUM(M42:M43)*$D44,1) -> 2607.2
B45: 용접봉(고장력강용) | C45: 4.0㎜ KSD5316 | D45: 0.58 | E45: kg | F45: =H45+J45+L45 -> 4900 | G45: =I45+K45+M45 -> 2842 | H45: =자재조서!$D$4 -> 4900 | I45: =TRUNC(H45*D45,1) -> 2842 | J45: 0 | L45: 0
A47: =A41+1 -> 35 | B47: 강관접합(A종) | C47: D350㎜, 외부용접 | D47: 1 | E47: 개소 | G47: =I47+K47+M47 -> 57484.8 | I47: =I50+I51 -> 3038 | K47: =K50+K51 -> 51365 | M47: =M50+M51 -> 3081.8 | N47: =N41 -> 토목6-3-2
B48: 용 접 공(일 반) | D48: 1 | E48: 인 | F48: =H48+J48+L48 -> 282536 | G48: =I48+K48+M48 -> 282536 | H48: 0 | J48: =노임!$D$7 -> 282536 | K48: =TRUNC(J48*D48,1) -> 282536 | L48: 0
B49: 공구손료 및 경장비 | C49: 인력품의 | D49: 6 | E49: % | F49: =H49+J49+L49 -> 282536 | G49: =I49+K49+M49 -> 16952.1 | I49: =TRUNC(H49*D49,1) -> 0 | K49: =TRUNC(J49*D49,1) -> 0 | L49: =K48 -> 282536 | M49: =TRUNC(L49*D49/100,1) -> 16952.1
B50: 일 시공량 | C50: 5.5 | D50: =ROUND(1/C50,4) -> 0.1818 | E50: 일/개소 | G50: =I50+K50+M50 -> 54446.8 | I50: =TRUNC(SUM(I48:I49)*$D50,1) -> 0 | K50: =TRUNC(SUM(K48:K49)*$D50,1) -> 51365 | M50: =TRUNC(SUM(M48:M49)*$D50,1) -> 3081.8
B51: 용접봉(고장력강용) | C51: 4.0㎜ KSD5316 | D51: 0.62 | E51: kg | F51: =H51+J51+L51 -> 4900 | G51: =I51+K51+M51 -> 3038 | H51: =자재조서!$D$4 -> 4900 | I51: =TRUNC(H51*D51,1) -> 3038 | J51: 0 | L51: 0
A53: =A47+1 -> 36 | B53: 강관접합(A종) | C53: D400㎜, 외부용접 | D53: 1 | E53: 개소 | G53: =I53+K53+M53 -> 66551.1 | I53: =I56+I57 -> 3479 | K53: =K56+K57 -> 59502 | M53: =M56+M57 -> 3570.1 | N53: =N47 -> 토목6-3-2
B54: 용 접 공(일 반) | D54: 2 | E54: 인 | F54: =H54+J54+L54 -> 282536 | G54: =I54+K54+M54 -> 565072 | H54: 0 | J54: =노임!$D$7 -> 282536 | K54: =TRUNC(J54*D54,1) -> 565072 | L54: 0
B55: 공구손료 및 경장비 | C55: 인력품의 | D55: 6 | E55: % | F55: =H55+J55+L55 -> 565072 | G55: =I55+K55+M55 -> 33904.3 | I55: =TRUNC(H55*D55,1) -> 0 | K55: =TRUNC(J55*D55,1) -> 0 | L55: =K54 -> 565072 | M55: =TRUNC(L55*D55/100,1) -> 33904.3
B56: 일 시공량 | C56: 9.5 | D56: =ROUND(1/C56,4) -> 0.1053 | E56: 일/개소 | G56: =I56+K56+M56 -> 63072.1 | I56: =TRUNC(SUM(I54:I55)*$D56,1) -> 0 | K56: =TRUNC(SUM(K54:K55)*$D56,1) -> 59502 | M56: =TRUNC(SUM(M54:M55)*$D56,1) -> 3570.1
B57: 용접봉(고장력강용) | C57: 4.0㎜ KSD5316 | D57: 0.71 | E57: kg | F57: =H57+J57+L57 -> 4900 | G57: =I57+K57+M57 -> 3479 | H57: =자재조서!$D$4 -> 4900 | I57: =TRUNC(H57*D57,1) -> 3479 | J57: 0 | L57: 0
A59: =A53+1 -> 37 | B59: 강관접합(A종) | C59: D450㎜, 외부용접 | D59: 1 | E59: 개소 | G59: =I59+K59+M59 -> 78792 | I59: =I62+I63 -> 3920 | K59: =K62+K63 -> 70634 | M59: =M62+M63 -> 4238 | N59: =N53 -> 토목6-3-2
B60: 용 접 공(일 반) | D60: 2 | E60: 인 | F60: =H60+J60+L60 -> 282536 | G60: =I60+K60+M60 -> 565072 | H60: 0 | J60: =노임!$D$7 -> 282536 | K60: =TRUNC(J60*D60,1) -> 565072 | L60: 0
B61: 공구손료 및 경장비 | C61: 인력품의 | D61: 6 | E61: % | F61: =H61+J61+L61 -> 565072 | G61: =I61+K61+M61 -> 33904.3 | I61: =TRUNC(H61*D61,1) -> 0 | K61: =TRUNC(J61*D61,1) -> 0 | L61: =K60 -> 565072 | M61: =TRUNC(L61*D61/100,1) -> 33904.3
B62: 일 시공량 | C62: 8 | D62: =ROUND(1/C62,4) -> 0.125 | E62: 일/개소 | G62: =I62+K62+M62 -> 74872 | I62: =TRUNC(SUM(I60:I61)*$D62,1) -> 0 | K62: =TRUNC(SUM(K60:K61)*$D62,1) -> 70634 | M62: =TRUNC(SUM(M60:M61)*$D62,1) -> 4238
B63: 용접봉(고장력강용) | C63: 4.0㎜ KSD5316 | D63: 0.8 | E63: kg | F63: =H63+J63+L63 -> 4900 | G63: =I63+K63+M63 -> 3920 | H63: =자재조서!$D$4 -> 4900 | I63: =TRUNC(H63*D63,1) -> 3920 | J63: 0 | L63: 0
A65: =A59+1 -> 38 | B65: 강관접합(A종) | C65: D500㎜, 외부용접 | D65: 1 | E65: 개소 | G65: =I65+K65+M65 -> 96434.4 | I65: =I68+I69 -> 4312 | K65: =K68+K69 -> 86908 | M65: =M68+M69 -> 5214.4 | N65: =N59 -> 토목6-3-2
B66: 용 접 공(일 반) | D66: 2 | E66: 인 | F66: =H66+J66+L66 -> 282536 | G66: =I66+K66+M66 -> 565072 | H66: 0 | J66: =노임!$D$7 -> 282536 | K66: =TRUNC(J66*D66,1) -> 565072 | L66: 0
B67: 공구손료 및 경장비 | C67: 인력품의 | D67: 6 | E67: % | F67: =H67+J67+L67 -> 565072 | G67: =I67+K67+M67 -> 33904.3 | I67: =TRUNC(H67*D67,1) -> 0 | K67: =TRUNC(J67*D67,1) -> 0 | L67: =K66 -> 565072 | M67: =TRUNC(L67*D67/100,1) -> 33904.3
B68: 일 시공량 | C68: 6.5 | D68: =ROUND(1/C68,4) -> 0.1538 | E68: 일/개소 | G68: =I68+K68+M68 -> 92122.4 | I68: =TRUNC(SUM(I66:I67)*$D68,1) -> 0 | K68: =TRUNC(SUM(K66:K67)*$D68,1) -> 86908 | M68: =TRUNC(SUM(M66:M67)*$D68,1) -> 5214.4
B69: 용접봉(고장력강용) | C69: 4.0㎜ KSD5316 | D69: 0.88 | E69: kg | F69: =H69+J69+L69 -> 4900 | G69: =I69+K69+M69 -> 4312 | H69: =자재조서!$D$4 -> 4900 | I69: =TRUNC(H69*D69,1) -> 4312 | J69: 0 | L69: 0
A71: =A65+1 -> 39 | B71: 강관접합(A종) | C71: D600㎜, 외부용접 | D71: 1 | E71: 개소 | G71: =I71+K71+M71 -> 124989.2 | I71: =I74+I75 -> 5194 | K71: =K74+K75 -> 113014.4 | M71: =M74+M75 -> 6780.8 | N71: =N65 -> 토목6-3-2
B72: 용 접 공(일 반) | D72: 2 | E72: 인 | F72: =H72+J72+L72 -> 282536 | G72: =I72+K72+M72 -> 565072 | H72: 0 | J72: =노임!$D$7 -> 282536 | K72: =TRUNC(J72*D72,1) -> 565072 | L72: 0
B73: 공구손료 및 경장비 | C73: 인력품의 | D73: 6 | E73: % | F73: =H73+J73+L73 -> 565072 | G73: =I73+K73+M73 -> 33904.3 | I73: =TRUNC(H73*D73,1) -> 0 | K73: =TRUNC(J73*D73,1) -> 0 | L73: =K72 -> 565072 | M73: =TRUNC(L73*D73/100,1) -> 33904.3
B74: 일 시공량 | C74: 5 | D74: =ROUND(1/C74,4) -> 0.2 | E74: 일/개소 | G74: =I74+K74+M74 -> 119795.2 | I74: =TRUNC(SUM(I72:I73)*$D74,1) -> 0 | K74: =TRUNC(SUM(K72:K73)*$D74,1) -> 113014.4 | M74: =TRUNC(SUM(M72:M73)*$D74,1) -> 6780.8
B75: 용접봉(고장력강용) | C75: 4.0㎜ KSD5316 | D75: 1.06 | E75: kg | F75: =H75+J75+L75 -> 4900 | G75: =I75+K75+M75 -> 5194 | H75: =자재조서!$D$4 -> 4900 | I75: =TRUNC(H75*D75,1) -> 5194 | J75: 0 | L75: 0
A77: =A71+1 -> 40 | B77: 강관접합(A종) | C77: D700㎜, 외부용접 | D77: 1 | E77: 개소 | G77: =I77+K77+M77 -> 178967.4 | I77: =I80+I81 -> 7840 | K77: =K80+K81 -> 161441 | M77: =M80+M81 -> 9686.4 | N77: =N71 -> 토목6-3-2
B78: 용 접 공(일 반) | D78: 2 | E78: 인 | F78: =H78+J78+L78 -> 282536 | G78: =I78+K78+M78 -> 565072 | H78: 0 | J78: =노임!$D$7 -> 282536 | K78: =TRUNC(J78*D78,1) -> 565072 | L78: 0
B79: 공구손료 및 경장비 | C79: 인력품의 | D79: 6 | E79: % | F79: =H79+J79+L79 -> 565072 | G79: =I79+K79+M79 -> 33904.3 | I79: =TRUNC(H79*D79,1) -> 0 | K79: =TRUNC(J79*D79,1) -> 0 | L79: =K78 -> 565072 | M79: =TRUNC(L79*D79/100,1) -> 33904.3
B80: 일 시공량 | C80: 3.5 | D80: =ROUND(1/C80,4) -> 0.2857 | E80: 일/개소 | G80: =I80+K80+M80 -> 171127.4 | I80: =TRUNC(SUM(I78:I79)*$D80,1) -> 0 | K80: =TRUNC(SUM(K78:K79)*$D80,1) -> 161441 | M80: =TRUNC(SUM(M78:M79)*$D80,1) -> 9686.4
B81: 용접봉(고장력강용) | C81: 4.0㎜ KSD5316 | D81: 1.6 | E81: kg | F81: =H81+J81+L81 -> 4900 | G81: =I81+K81+M81 -> 7840 | H81: =자재조서!$D$4 -> 4900 | I81: =TRUNC(H81*D81,1) -> 7840 | J81: 0 | L81: 0
A83: =A77+1 -> 41 | B83: 강관접합(B종) | C83: D700㎜, 외부용접 | D83: 1 | E83: 개소 | G83: =I83+K83+M83 -> 0 | I83: =I86+I87 -> 0 | K83: =K86+K87 -> 0 | M83: =M86+M87 -> 0 | N83: 삭제
B84: 용 접 공(일 반) | E84: 인 | F84: =H84+J84+L84 -> 282536 | G84: =I84+K84+M84 -> 0 | H84: 0 | J84: =노임!$D$7 -> 282536 | K84: =TRUNC(J84*D84,1) -> 0 | L84: 0
B85: 공구손료 및 경장비 | C85: 인력품의 | D85: 6 | E85: % | F85: =H85+J85+L85 -> 0 | G85: =I85+K85+M85 -> 0 | I85: =TRUNC(H85*D85,1) -> 0 | K85: =TRUNC(J85*D85,1) -> 0 | L85: =K84 -> 0 | M85: =TRUNC(L85*D85/100,1) -> 0
B86: 일 시공량 | C86: 3.5 | D86: =ROUND(1/C86,4) -> 0.2857 | E86: 일/개소 | G86: =I86+K86+M86 -> 0 | I86: =TRUNC(SUM(I84:I85)*$D86,1) -> 0 | K86: =TRUNC(SUM(K84:K85)*$D86,1) -> 0 | M86: =TRUNC(SUM(M84:M85)*$D86,1) -> 0
B87: 용접봉(고장력강용) | C87: 4.0㎜ KSD5316 | E87: kg | F87: =H87+J87+L87 -> 4900 | G87: =I87+K87+M87 -> 0 | H87: =자재조서!$D$4 -> 4900 | I87: =TRUNC(H87*D87,1) -> 0 | J87: 0 | L87: 0
A89: =A83+1 -> 42 | B89: 강관접합(A종) | C89: D800㎜, 내·외부용접 | D89: 1 | E89: 개소 | G89: =I89+K89+M89 -> 370655.7 | I89: =I92+I93 -> 11270 | K89: =K92+K93 -> 339043.2 | M89: =M92+M93 -> 20342.5 | N89: =N77 -> 토목6-3-2
B90: 용 접 공(일 반) | D90: 3 | E90: 인 | F90: =H90+J90+L90 -> 282536 | G90: =I90+K90+M90 -> 847608 | H90: 0 | J90: =노임!$D$7 -> 282536 | K90: =TRUNC(J90*D90,1) -> 847608 | L90: 0
B91: 공구손료 및 경장비 | C91: 인력품의 | D91: 6 | E91: % | F91: =H91+J91+L91 -> 847608 | G91: =I91+K91+M91 -> 50856.4 | I91: =TRUNC(H91*D91,1) -> 0 | K91: =TRUNC(J91*D91,1) -> 0 | L91: =K90 -> 847608 | M91: =TRUNC(L91*D91/100,1) -> 50856.4
B92: 일 시공량 | C92: 2.5 | D92: =ROUND(1/C92,4) -> 0.4 | E92: 일/개소 | G92: =I92+K92+M92 -> 359385.7 | I92: =TRUNC(SUM(I90:I91)*$D92,1) -> 0 | K92: =TRUNC(SUM(K90:K91)*$D92,1) -> 339043.2 | M92: =TRUNC(SUM(M90:M91)*$D92,1) -> 20342.5
B93: 용접봉(고장력강용) | C93: 4.0㎜ KSD5316 | D93: 2.3 | E93: kg | F93: =H93+J93+L93 -> 4900 | G93: =I93+K93+M93 -> 11270 | H93: =자재조서!$D$4 -> 4900 | I93: =TRUNC(H93*D93,1) -> 11270 | J93: 0 | L93: 0
A95: =A89+1 -> 43 | B95: 강관접합(B종) | C95: D800㎜, 내·외부용접 | D95: 1 | E95: 개소 | G95: =I95+K95+M95 -> 233926.1 | I95: =I98+I99 -> 9310 | K95: =K98+K99 -> 211902 | M95: =M98+M99 -> 12714.1 | N95: =N89 -> 토목6-3-2
B96: 용 접 공(일 반) | D96: 3 | E96: 인 | F96: =H96+J96+L96 -> 282536 | G96: =I96+K96+M96 -> 847608 | H96: 0 | J96: =노임!$D$7 -> 282536 | K96: =TRUNC(J96*D96,1) -> 847608 | L96: 0
B97: 공구손료 및 경장비 | C97: 인력품의 | D97: 6 | E97: % | F97: =H97+J97+L97 -> 847608 | G97: =I97+K97+M97 -> 50856.4 | I97: =TRUNC(H97*D97,1) -> 0 | K97: =TRUNC(J97*D97,1) -> 0 | L97: =K96 -> 847608 | M97: =TRUNC(L97*D97/100,1) -> 50856.4
B98: 일 시공량 | C98: 4 | D98: =ROUND(1/C98,4) -> 0.25 | E98: 일/개소 | G98: =I98+K98+M98 -> 224616.1 | I98: =TRUNC(SUM(I96:I97)*$D98,1) -> 0 | K98: =TRUNC(SUM(K96:K97)*$D98,1) -> 211902 | M98: =TRUNC(SUM(M96:M97)*$D98,1) -> 12714.1
B99: 용접봉(고장력강용) | C99: 4.0㎜ KSD5316 | D99: 1.9 | E99: kg | F99: =H99+J99+L99 -> 4900 | G99: =I99+K99+M99 -> 9310 | H99: =자재조서!$D$4 -> 4900 | I99: =TRUNC(H99*D99,1) -> 9310 | J99: 0 | L99: 0
A101: =A95+1 -> 44 | B101: 강관접합(A종) | C101: D900㎜, 내·외부용접 | D101: 1 | E101: 개소 | G101: =I101+K101+M101 -> 461972.2 | I101: =I104+I105 -> 12740 | K101: =K104+K105 -> 423804 | M101: =M104+M105 -> 25428.2 | N101: =N95 -> 토목6-3-2
B102: 용 접 공(일 반) | D102: 3 | E102: 인 | F102: =H102+J102+L102 -> 282536 | G102: =I102+K102+M102 -> 847608 | H102: 0 | J102: =노임!$D$7 -> 282536 | K102: =TRUNC(J102*D102,1) -> 847608 | L102: 0
B103: 공구손료 및 경장비 | C103: 인력품의 | D103: 6 | E103: % | F103: =H103+J103+L103 -> 847608 | G103: =I103+K103+M103 -> 50856.4 | I103: =TRUNC(H103*D103,1) -> 0 | K103: =TRUNC(J103*D103,1) -> 0 | L103: =K102 -> 847608 | M103: =TRUNC(L103*D103/100,1) -> 50856.4
B104: 일 시공량 | C104: 2 | D104: =ROUND(1/C104,4) -> 0.5 | E104: 일/개소 | G104: =I104+K104+M104 -> 449232.2 | I104: =TRUNC(SUM(I102:I103)*$D104,1) -> 0 | K104: =TRUNC(SUM(K102:K103)*$D104,1) -> 423804 | M104: =TRUNC(SUM(M102:M103)*$D104,1) -> 25428.2
B105: 용접봉(고장력강용) | C105: 4.0㎜ KSD5316 | D105: 2.6 | E105: kg | F105: =H105+J105+L105 -> 4900 | G105: =I105+K105+M105 -> 12740 | H105: =자재조서!$D$4 -> 4900 | I105: =TRUNC(H105*D105,1) -> 12740 | J105: 0 | L105: 0
A107: =A101+1 -> 45 | B107: 강관접합(B종) | C107: D900㎜, 내·외부용접 | D107: 1 | E107: 개소 | G107: =I107+K107+M107 -> 309748.1 | I107: =I110+I111 -> 10290 | K107: =K110+K111 -> 282507.7 | M107: =M110+M111 -> 16950.4 | N107: =N101 -> 토목6-3-2
B108: 용 접 공(일 반) | D108: 3 | E108: 인 | F108: =H108+J108+L108 -> 282536 | G108: =I108+K108+M108 -> 847608 | H108: 0 | J108: =노임!$D$7 -> 282536 | K108: =TRUNC(J108*D108,1) -> 847608 | L108: 0
B109: 공구손료 및 경장비 | C109: 인력품의 | D109: 6 | E109: % | F109: =H109+J109+L109 -> 847608 | G109: =I109+K109+M109 -> 50856.4 | I109: =TRUNC(H109*D109,1) -> 0 | K109: =TRUNC(J109*D109,1) -> 0 | L109: =K108 -> 847608 | M109: =TRUNC(L109*D109/100,1) -> 50856.4
B110: 일 시공량 | C110: 3 | D110: =ROUND(1/C110,4) -> 0.3333 | E110: 일/개소 | G110: =I110+K110+M110 -> 299458.1 | I110: =TRUNC(SUM(I108:I109)*$D110,1) -> 0 | K110: =TRUNC(SUM(K108:K109)*$D110,1) -> 282507.7 | M110: =TRUNC(SUM(M108:M109)*$D110,1) -> 16950.4
B111: 용접봉(고장력강용) | C111: 4.0㎜ KSD5316 | D111: 2.1 | E111: kg | F111: =H111+J111+L111 -> 4900 | G111: =I111+K111+M111 -> 10290 | H111: =자재조서!$D$4 -> 4900 | I111: =TRUNC(H111*D111,1) -> 10290 | J111: 0 | L111: 0
A113: =A107+1 -> 46 | B113: 강관접합(A종) | C113: D1000㎜, 내·외부용접 | D113: 1 | E113: 개소 | G113: =I113+K113+M113 -> 616156.1 | I113: =I116+I117 -> 17150 | K113: =K116+K117 -> 565100.2 | M113: =M116+M117 -> 33905.9 | N113: =N107 -> 토목6-3-2
B114: 용 접 공(일 반) | D114: 3 | E114: 인 | F114: =H114+J114+L114 -> 282536 | G114: =I114+K114+M114 -> 847608 | H114: 0 | J114: =노임!$D$7 -> 282536 | K114: =TRUNC(J114*D114,1) -> 847608 | L114: 0
B115: 공구손료 및 경장비 | C115: 인력품의 | D115: 6 | E115: % | F115: =H115+J115+L115 -> 847608 | G115: =I115+K115+M115 -> 50856.4 | I115: =TRUNC(H115*D115,1) -> 0 | K115: =TRUNC(J115*D115,1) -> 0 | L115: =K114 -> 847608 | M115: =TRUNC(L115*D115/100,1) -> 50856.4
B116: 일 시공량 | C116: 1.5 | D116: =ROUND(1/C116,4) -> 0.6667 | E116: 일/개소 | G116: =I116+K116+M116 -> 599006.1 | I116: =TRUNC(SUM(I114:I115)*$D116,1) -> 0 | K116: =TRUNC(SUM(K114:K115)*$D116,1) -> 565100.2 | M116: =TRUNC(SUM(M114:M115)*$D116,1) -> 33905.9
B117: 용접봉(고장력강용) | C117: 4.0㎜ KSD5316 | D117: 3.5 | E117: kg | F117: =H117+J117+L117 -> 4900 | G117: =I117+K117+M117 -> 17150 | H117: =자재조서!$D$4 -> 4900 | I117: =TRUNC(H117*D117,1) -> 17150 | J117: 0 | L117: 0
A119: =A113+1 -> 47 | B119: 강관접합(B종) | C119: D1000㎜, 내·외부용접 | D119: 1 | E119: 개소 | G119: =I119+K119+M119 -> 373595.7 | I119: =I122+I123 -> 14210 | K119: =K122+K123 -> 339043.2 | M119: =M122+M123 -> 20342.5 | N119: =N113 -> 토목6-3-2
B120: 용 접 공(일 반) | D120: 3 | E120: 인 | F120: =H120+J120+L120 -> 282536 | G120: =I120+K120+M120 -> 847608 | H120: 0 | J120: =노임!$D$7 -> 282536 | K120: =TRUNC(J120*D120,1) -> 847608 | L120: 0
...

Sheet 강관도장
A1: 일위대가_호표_강관도장(재료비-2010년 표준품셈 기준)
A2: 공 종 명 | C2: 규 격 | D2: 수량 | E2: 단위 | F2: 합 계 | H2: 재 료 비 | J2: 노 무 비 | L2: 경 비 | N2: 비 고
F3: 단 가 | G3: 금 액 | H3: 단 가 | I3: 금 액 | J3: 단 가 | K3: 금 액 | L3: 단 가 | M3: 금 액
A5: =강관용접!A245+1 -> 69 | B5: 강관도장(외부) | C5: D80㎜ | D5: 1 | E5: 개소 | G5: =I5+K5+M5 -> 25398 | I5: =TRUNC(I6,0) -> 10938 | K5: =TRUNC(K6,0) -> 14460 | M5: =TRUNC(M6,0) -> 0
B6: 강관도장(외부) | C6: D300㎜적용(80/300=0.2667) | D6: =80/300 -> 0.26666667 | E6: 개소 | F6: =H6+J6+L6 -> 95245 | G6: =I6+K6+M6 -> 25398.6 | H6: ='목록(강관)'!$I$78 -> 41020 | I6: =TRUNC(H6*D6,1) -> 10938.6 | J6: ='목록(강관)'!$K$78 -> 54225 | K6: =TRUNC(J6*D6,1) -> 14460 | L6: ='목록(강관)'!$M$78 -> 0 | M6: =TRUNC(L6*D6,1) -> 0
A8: =A5+1 -> 70 | B8: 강관도장(외부) | C8: D100㎜ | D8: 1 | E8: 개소 | G8: =I8+K8+M8 -> 31748 | I8: =TRUNC(I9,0) -> 13673 | K8: =TRUNC(K9,0) -> 18075 | M8: =TRUNC(M9,0) -> 0
B9: 강관도장(외부) | C9: D300㎜적용(100/300=0.3333) | D9: =100/300 -> 0.33333333 | E9: 개소 | F9: =H9+J9+L9 -> 95245 | G9: =I9+K9+M9 -> 31748.3 | H9: ='목록(강관)'!$I$78 -> 41020 | I9: =TRUNC(H9*D9,1) -> 13673.3 | J9: ='목록(강관)'!$K$78 -> 54225 | K9: =TRUNC(J9*D9,1) -> 18075 | L9: ='목록(강관)'!$M$78 -> 0 | M9: =TRUNC(L9*D9,1) -> 0
A11: =A8+1 -> 71 | B11: 강관도장(외부) | C11: D150㎜ | D11: 1 | E11: 개소 | G11: =I11+K11+M11 -> 47622 | I11: =TRUNC(I12,0) -> 20510 | K11: =TRUNC(K12,0) -> 27112 | M11: =TRUNC(M12,0) -> 0
B12: 강관도장(외부) | C12: D300㎜적용(150/300=0.5000) | D12: =150/300 -> 0.5 | E12: 개소 | F12: =H12+J12+L12 -> 95245 | G12: =I12+K12+M12 -> 47622.5 | H12: ='목록(강관)'!$I$78 -> 41020 | I12: =TRUNC(H12*D12,1) -> 20510 | J12: ='목록(강관)'!$K$78 -> 54225 | K12: =TRUNC(J12*D12,1) -> 27112.5 | L12: ='목록(강관)'!$M$78 -> 0 | M12: =TRUNC(L12*D12,1) -> 0
A14: =A11+1 -> 72 | B14: 강관도장(외부) | C14: D200㎜ | D14: 1 | E14: 개소 | G14: =I14+K14+M14 -> 63496 | I14: =TRUNC(I15,0) -> 27346 | K14: =TRUNC(K15,0) -> 36150 | M14: =TRUNC(M15,0) -> 0
B15: 강관도장(외부) | C15: D300㎜적용(200/300=0.6667) | D15: =200/300 -> 0.66666667 | E15: 개소 | F15: =H15+J15+L15 -> 95245 | G15: =I15+K15+M15 -> 63496.6 | H15: ='목록(강관)'!$I$78 -> 41020 | I15: =TRUNC(H15*D15,1) -> 27346.6 | J15: ='목록(강관)'!$K$78 -> 54225 | K15: =TRUNC(J15*D15,1) -> 36150 | L15: ='목록(강관)'!$M$78 -> 0 | M15: =TRUNC(L15*D15,1) -> 0
A17: =A14+1 -> 73 | B17: 강관도장(외부) | C17: D250㎜ | D17: 1 | E17: 개소 | G17: =I17+K17+M17 -> 79370 | I17: =TRUNC(I18,0) -> 34183 | K17: =TRUNC(K18,0) -> 45187 | M17: =TRUNC(M18,0) -> 0 | N17: 토목6-3-3
B18: 강관도장(외부) | C18: D300㎜적용(250/300=0.8333) | D18: =250/300 -> 0.83333333 | E18: 개소 | F18: =H18+J18+L18 -> 95245 | G18: =I18+K18+M18 -> 79370.8 | H18: ='목록(강관)'!$I$78 -> 41020 | I18: =TRUNC(H18*D18,1) -> 34183.3 | J18: ='목록(강관)'!$K$78 -> 54225 | K18: =TRUNC(J18*D18,1) -> 45187.5 | L18: ='목록(강관)'!$M$78 -> 0 | M18: =TRUNC(L18*D18,1) -> 0
A20: =A17+1 -> 74 | B20: 강관도장(외부) | C20: D300㎜ | D20: 1 | E20: 개소 | G20: =I20+K20+M20 -> 95245 | I20: =TRUNC(I21+I22+I23+I24+I25+I26,0) -> 41020 | K20: =TRUNC(K21+K22+K23+K24+K25+K26,0) -> 54225 | M20: =TRUNC(M21+M22+M23+M24+M25+M26,0) -> 0 | N20: =N17 -> 토목6-3-3
B21: 액상접착재 | C21: 15kg(18ℓ)/can | D21: 0.1 | E21: kg | F21: =H21+J21+L21 -> 20747 | G21: =I21+K21+M21 -> 2074.7 | H21: =자재조서!$D$8 -> 20747 | I21: =TRUNC(H21*D21,1) -> 2074.7 | J21: 0 | L21: 0
B22: 매스틱 | C22: 3T x 40 x 6m | D22: 1.1 | E22: m | F22: =H22+J22+L22 -> 2800 | G22: =I22+K22+M22 -> 3080 | H22: =자재조서!$D$9 -> 2800 | I22: =TRUNC(H22*D22,1) -> 3080 | J22: 0 | L22: 0
B23: 안쪽층테이프 | C23: 0.508mm x 100mm x 30m | D23: 0.79 | E23: ㎡ | F23: =H23+J23+L23 -> 23200 | G23: =I23+K23+M23 -> 18328 | H23: =자재조서!$D$10 -> 23200 | I23: =TRUNC(H23*D23,1) -> 18328 | J23: 0 | L23: 0
B24: 바깥층테이프 | C24: 0.381mm x 100mm x 30m | D24: 0.79 | E24: ㎡ | F24: =H24+J24+L24 -> 22200 | G24: =I24+K24+M24 -> 17538 | H24: =자재조서!$D$11 -> 22200 | I24: =TRUNC(H24*D24,1) -> 17538 | J24: 0 | L24: 0
B25: 도 장 공 | D25: 0.18 | E25: 인 | F25: =H25+J25+L25 -> 263017 | G25: =I25+K25+M25 -> 47343 | H25: 0 | J25: =노임!$D$9 -> 263017 | K25: =TRUNC(J25*D25,1) -> 47343 | L25: 0
B26: 보통인부 | D26: 0.04 | E26: 인 | F26: =H26+J26+L26 -> 172068 | G26: =I26+K26+M26 -> 6882.7 | H26: 0 | J26: =노임!$D$3 -> 172068 | K26: =TRUNC(J26*D26,1) -> 6882.7 | L26: 0
A28: =A20+1 -> 75 | B28: 강관도장(외부) | C28: D350㎜ | D28: 1 | E28: 개소 | G28: =I28+K28+M28 -> 111330 | I28: =TRUNC(I29+I30+I31+I32+I33+I34,0) -> 47494 | K28: =TRUNC(K29+K30+K31+K32+K33+K34,0) -> 63836 | M28: =TRUNC(M29+M30+M31+M32+M33+M34,0) -> 0 | N28: =N20 -> 토목6-3-3
B29: 액상접착재 | C29: 15kg(18ℓ)/can | D29: 0.11 | E29: kg | F29: =H29+J29+L29 -> 20747 | G29: =I29+K29+M29 -> 2282.1 | H29: =자재조서!$D$8 -> 20747 | I29: =TRUNC(H29*D29,1) -> 2282.1 | J29: 0 | L29: 0
B30: 매스틱 | C30: 3T x 40 x 6m | D30: 1.23 | E30: m | F30: =H30+J30+L30 -> 2800 | G30: =I30+K30+M30 -> 3444 | H30: =자재조서!$D$9 -> 2800 | I30: =TRUNC(H30*D30,1) -> 3444 | J30: 0 | L30: 0
B31: 안쪽층테이프 | C31: 0.508mm x 100mm x 30m | D31: 0.92 | E31: ㎡ | F31: =H31+J31+L31 -> 23200 | G31: =I31+K31+M31 -> 21344 | H31: =자재조서!$D$10 -> 23200 | I31: =TRUNC(H31*D31,1) -> 21344 | J31: 0 | L31: 0
B32: 바깥층테이프 | C32: 0.381mm x 100mm x 30m | D32: 0.92 | E32: ㎡ | F32: =H32+J32+L32 -> 22200 | G32: =I32+K32+M32 -> 20424 | H32: =자재조서!$D$11 -> 22200 | I32: =TRUNC(H32*D32,1) -> 20424 | J32: 0 | L32: 0
B33: 도 장 공 | D33: 0.21 | E33: 인 | F33: =H33+J33+L33 -> 263017 | G33: =I33+K33+M33 -> 55233.5 | H33: 0 | J33: =노임!$D$9 -> 263017 | K33: =TRUNC(J33*D33,1) -> 55233.5 | L33: 0
B34: 보통인부 | D34: 0.05 | E34: 인 | F34: =H34+J34+L34 -> 172068 | G34: =I34+K34+M34 -> 8603.4 | H34: 0 | J34: =노임!$D$3 -> 172068 | K34: =TRUNC(J34*D34,1) -> 8603.4 | L34: 0
A36: =A28+1 -> 76 | B36: 강관도장(외부) | C36: D400㎜ | D36: 1 | E36: 개소 | G36: =I36+K36+M36 -> 125104 | I36: =TRUNC(I37+I38+I39+I40+I41+I42,0) -> 54287 | K36: =TRUNC(K37+K38+K39+K40+K41+K42,0) -> 70817 | M36: =TRUNC(M37+M38+M39+M40+M41+M42,0) -> 0 | N36: =N28 -> 토목6-3-3
B37: 액상접착재 | C37: 15kg(18ℓ)/can | D37: 0.13 | E37: kg | F37: =H37+J37+L37 -> 20747 | G37: =I37+K37+M37 -> 2697.1 | H37: =자재조서!$D$8 -> 20747 | I37: =TRUNC(H37*D37,1) -> 2697.1 | J37: 0 | L37: 0
B38: 매스틱 | C38: 3T x 40 x 6m | D38: 1.4 | E38: m | F38: =H38+J38+L38 -> 2800 | G38: =I38+K38+M38 -> 3920 | H38: =자재조서!$D$9 -> 2800 | I38: =TRUNC(H38*D38,1) -> 3920 | J38: 0 | L38: 0
B39: 안쪽층테이프 | C39: 0.508mm x 100mm x 30m | D39: 1.05 | E39: ㎡ | F39: =H39+J39+L39 -> 23200 | G39: =I39+K39+M39 -> 24360 | H39: =자재조서!$D$10 -> 23200 | I39: =TRUNC(H39*D39,1) -> 24360 | J39: 0 | L39: 0
B40: 바깥층테이프 | C40: 0.381mm x 100mm x 30m | D40: 1.05 | E40: ㎡ | F40: =H40+J40+L40 -> 22200 | G40: =I40+K40+M40 -> 23310 | H40: =자재조서!$D$11 -> 22200 | I40: =TRUNC(H40*D40,1) -> 23310 | J40: 0 | L40: 0
B41: 도 장 공 | D41: 0.23 | E41: 인 | F41: =H41+J41+L41 -> 263017 | G41: =I41+K41+M41 -> 60493.9 | H41: 0 | J41: =노임!$D$9 -> 263017 | K41: =TRUNC(J41*D41,1) -> 60493.9 | L41: 0
B42: 보통인부 | D42: 0.06 | E42: 인 | F42: =H42+J42+L42 -> 172068 | G42: =I42+K42+M42 -> 10324 | H42: 0 | J42: =노임!$D$3 -> 172068 | K42: =TRUNC(J42*D42,1) -> 10324 | L42: 0
A44: =A36+1 -> 77 | B44: 강관도장(외부) | C44: D450㎜ | D44: 1 | E44: 개소 | G44: =I44+K44+M44 -> 136978 | I44: =TRUNC(I45+I46+I47+I48+I49+I50,0) -> 60900 | K44: =TRUNC(K45+K46+K47+K48+K49+K50,0) -> 76078 | M44: =TRUNC(M45+M46+M47+M48+M49+M50,0) -> 0 | N44: =N36 -> 토목6-3-3
B45: 액상접착재 | C45: 15kg(18ℓ)/can | D45: 0.14 | E45: kg | F45: =H45+J45+L45 -> 20747 | G45: =I45+K45+M45 -> 2904.5 | H45: =자재조서!$D$8 -> 20747 | I45: =TRUNC(H45*D45,1) -> 2904.5 | J45: 0 | L45: 0
B46: 매스틱 | C46: 3T x 40 x 6m | D46: 1.58 | E46: m | F46: =H46+J46+L46 -> 2800 | G46: =I46+K46+M46 -> 4424 | H46: =자재조서!$D$9 -> 2800 | I46: =TRUNC(H46*D46,1) -> 4424 | J46: 0 | L46: 0
B47: 안쪽층테이프 | C47: 0.508mm x 100mm x 30m | D47: 1.18 | E47: ㎡ | F47: =H47+J47+L47 -> 23200 | G47: =I47+K47+M47 -> 27376 | H47: =자재조서!$D$10 -> 23200 | I47: =TRUNC(H47*D47,1) -> 27376 | J47: 0 | L47: 0
B48: 바깥층테이프 | C48: 0.381mm x 100mm x 30m | D48: 1.18 | E48: ㎡ | F48: =H48+J48+L48 -> 22200 | G48: =I48+K48+M48 -> 26196 | H48: =자재조서!$D$11 -> 22200 | I48: =TRUNC(H48*D48,1) -> 26196 | J48: 0 | L48: 0
B49: 도 장 공 | D49: 0.25 | E49: 인 | F49: =H49+J49+L49 -> 263017 | G49: =I49+K49+M49 -> 65754.2 | H49: 0 | J49: =노임!$D$9 -> 263017 | K49: =TRUNC(J49*D49,1) -> 65754.2 | L49: 0
B50: 보통인부 | D50: 0.06 | E50: 인 | F50: =H50+J50+L50 -> 172068 | G50: =I50+K50+M50 -> 10324 | H50: 0 | J50: =노임!$D$3 -> 172068 | K50: =TRUNC(J50*D50,1) -> 10324 | L50: 0
A52: =A44+1 -> 78 | B52: 강관도장(외부) | C52: D500㎜ | D52: 1 | E52: 개소 | G52: =I52+K52+M52 -> 151206 | I52: =TRUNC(I53+I54+I55+I56+I57+I58,0) -> 68147 | K52: =TRUNC(K53+K54+K55+K56+K57+K58,0) -> 83059 | M52: =TRUNC(M53+M54+M55+M56+M57+M58,0) -> 0 | N52: =N44 -> 토목6-3-3
B53: 액상접착재 | C53: 15kg(18ℓ)/can | D53: 0.16 | E53: kg | F53: =H53+J53+L53 -> 20747 | G53: =I53+K53+M53 -> 3319.5 | H53: =자재조서!$D$8 -> 20747 | I53: =TRUNC(H53*D53,1) -> 3319.5 | J53: 0 | L53: 0
B54: 매스틱 | C54: 3T x 40 x 6m | D54: 1.75 | E54: m | F54: =H54+J54+L54 -> 2800 | G54: =I54+K54+M54 -> 4900 | H54: =자재조서!$D$9 -> 2800 | I54: =TRUNC(H54*D54,1) -> 4900 | J54: 0 | L54: 0
B55: 안쪽층테이프 | C55: 0.508mm x 100mm x 30m | D55: 1.32 | E55: ㎡ | F55: =H55+J55+L55 -> 23200 | G55: =I55+K55+M55 -> 30624 | H55: =자재조서!$D$10 -> 23200 | I55: =TRUNC(H55*D55,1) -> 30624 | J55: 0 | L55: 0
B56: 바깥층테이프 | C56: 0.381mm x 100mm x 30m | D56: 1.32 | E56: ㎡ | F56: =H56+J56+L56 -> 22200 | G56: =I56+K56+M56 -> 29304 | H56: =자재조서!$D$11 -> 22200 | I56: =TRUNC(H56*D56,1) -> 29304 | J56: 0 | L56: 0
B57: 도 장 공 | D57: 0.27 | E57: 인 | F57: =H57+J57+L57 -> 263017 | G57: =I57+K57+M57 -> 71014.5 | H57: 0 | J57: =노임!$D$9 -> 263017 | K57: =TRUNC(J57*D57,1) -> 71014.5 | L57: 0
B58: 보통인부 | D58: 0.07 | E58: 인 | F58: =H58+J58+L58 -> 172068 | G58: =I58+K58+M58 -> 12044.7 | H58: 0 | J58: =노임!$D$3 -> 172068 | K58: =TRUNC(J58*D58,1) -> 12044.7 | L58: 0
A60: =A52+1 -> 79 | B60: 강관도장(외부) | C60: D600㎜ | D60: 1 | E60: 개소 | G60: =I60+K60+M60 -> 172530 | I60: =TRUNC(I61+I62+I63+I64+I65+I66,0) -> 81581 | K60: =TRUNC(K61+K62+K63+K64+K65+K66,0) -> 90949 | M60: =TRUNC(M61+M62+M63+M64+M65+M66,0) -> 0 | N60: =N52 -> 토목6-3-3
B61: 액상접착재 | C61: 15kg(18ℓ)/can | D61: 0.19 | E61: kg | F61: =H61+J61+L61 -> 20747 | G61: =I61+K61+M61 -> 3941.9 | H61: =자재조서!$D$8 -> 20747 | I61: =TRUNC(H61*D61,1) -> 3941.9 | J61: 0 | L61: 0
B62: 매스틱 | C62: 3T x 40 x 6m | D62: 2.11 | E62: m | F62: =H62+J62+L62 -> 2800 | G62: =I62+K62+M62 -> 5908 | H62: =자재조서!$D$9 -> 2800 | I62: =TRUNC(H62*D62,1) -> 5908 | J62: 0 | L62: 0
B63: 안쪽층테이프 | C63: 0.508mm x 100mm x 30m | D63: 1.58 | E63: ㎡ | F63: =H63+J63+L63 -> 23200 | G63: =I63+K63+M63 -> 36656 | H63: =자재조서!$D$10 -> 23200 | I63: =TRUNC(H63*D63,1) -> 36656 | J63: 0 | L63: 0
B64: 바깥층테이프 | C64: 0.381mm x 100mm x 30m | D64: 1.58 | E64: ㎡ | F64: =H64+J64+L64 -> 22200 | G64: =I64+K64+M64 -> 35076 | H64: =자재조서!$D$11 -> 22200 | I64: =TRUNC(H64*D64,1) -> 35076 | J64: 0 | L64: 0
B65: 도 장 공 | D65: 0.3 | E65: 인 | F65: =H65+J65+L65 -> 263017 | G65: =I65+K65+M65 -> 78905.1 | H65: 0 | J65: =노임!$D$9 -> 263017 | K65: =TRUNC(J65*D65,1) -> 78905.1 | L65: 0
B66: 보통인부 | D66: 0.07 | E66: 인 | F66: =H66+J66+L66 -> 172068 | G66: =I66+K66+M66 -> 12044.7 | H66: 0 | J66: =노임!$D$3 -> 172068 | K66: =TRUNC(J66*D66,1) -> 12044.7 | L66: 0
A68: =A60+1 -> 80 | B68: 강관도장(외부) | C68: D700㎜ | D68: 1 | E68: 개소 | G68: =I68+K68+M68 -> 192918 | I68: =TRUNC(I69+I70+I71+I72+I73+I74+I75+I76+I77+I78+I79,0) -> 94988 | K68: =TRUNC(K69+K70+K71+K72+K73+K74+K75+K76+K77+K78+K79,0) -> 97930 | M68: =TRUNC(M69+M70+M71+M72+M73+M74+M75+M76+M77+M78+M79,0) -> 0 | N68: =N60 -> 토목6-3-3
B69: 프라이머 | E69: kg | F69: =H69+J69+L69 -> 5300 | G69: =I69+K69+M69 -> 0 | H69: =자재조서!$D$5 -> 5300 | I69: =TRUNC(H69*D69,1) -> 0 | J69: 0 | L69: 0
B70: 에폭시 | E70: kg | F70: =H70+J70+L70 -> 7500 | G70: =I70+K70+M70 -> 0 | H70: =자재조서!$D$6 -> 7500 | I70: =TRUNC(H70*D70,1) -> 0 | J70: 0 | L70: 0
B71: 신너 | C71: 조합페인트용 | E71: ℓ | F71: =H71+J71+L71 -> 3888 | G71: =I71+K71+M71 -> 0 | H71: =자재조서!$D$7 -> 3888 | I71: =TRUNC(H71*D71,1) -> 0 | J71: 0 | L71: 0
B72: 도 장 공 | E72: 인 | F72: =H72+J72+L72 -> 263017 | G72: =I72+K72+M72 -> 0 | H72: 0 | J72: =노임!$D$9 -> 263017 | K72: =TRUNC(J72*D72,1) -> 0 | L72: 0
B73: 보통인부 | E73: 인 | F73: =H73+J73+L73 -> 172068 | G73: =I73+K73+M73 -> 0 | H73: 0 | J73: =노임!$D$3 -> 172068 | K73: =TRUNC(J73*D73,1) -> 0 | L73: 0
B74: 액상접착재 | C74: 15kg(18ℓ)/can | D74: 0.22 | E74: kg | F74: =H74+J74+L74 -> 20747 | G74: =I74+K74+M74 -> 4564.3 | H74: =자재조서!$D$8 -> 20747 | I74: =TRUNC(H74*D74,1) -> 4564.3 | J74: 0 | L74: 0
B75: 매스틱 | C75: 3T x 40 x 6m | D75: 2.46 | E75: m | F75: =H75+J75+L75 -> 2800 | G75: =I75+K75+M75 -> 6888 | H75: =자재조서!$D$9 -> 2800 | I75: =TRUNC(H75*D75,1) -> 6888 | J75: 0 | L75: 0
B76: 안쪽층테이프 | C76: 0.508mm x 100mm x 30m | D76: 1.84 | E76: ㎡ | F76: =H76+J76+L76 -> 23200 | G76: =I76+K76+M76 -> 42688 | H76: =자재조서!$D$10 -> 23200 | I76: =TRUNC(H76*D76,1) -> 42688 | J76: 0 | L76: 0
B77: 바깥층테이프 | C77: 0.381mm x 100mm x 30m | D77: 1.84 | E77: ㎡ | F77: =H77+J77+L77 -> 22200 | G77: =I77+K77+M77 -> 40848 | H77: =자재조서!$D$11 -> 22200 | I77: =TRUNC(H77*D77,1) -> 40848 | J77: 0 | L77: 0
B78: 도 장 공 | D78: 0.32 | E78: 인 | F78: =H78+J78+L78 -> 263017 | G78: =I78+K78+M78 -> 84165.4 | H78: 0 | J78: =노임!$D$9 -> 263017 | K78: =TRUNC(J78*D78,1) -> 84165.4 | L78: 0
B79: 보통인부 | D79: 0.08 | E79: 인 | F79: =H79+J79+L79 -> 172068 | G79: =I79+K79+M79 -> 13765.4 | H79: 0 | J79: =노임!$D$3 -> 172068 | K79: =TRUNC(J79*D79,1) -> 13765.4 | L79: 0
A81: =A68+1 -> 81 | B81: 강관도장(내,외부) | C81: D800㎜ | D81: 1 | E81: 개소 | G81: =I81+K81+M81 -> 318387 | I81: =TRUNC(I82+I83+I84+I85+I86+I87+I88+I89+I90+I91+I92,0) -> 132137 | K81: =TRUNC(K82+K83+K84+K85+K86+K87+K88+K89+K90+K91+K92,0) -> 186250 | M81: =TRUNC(M82+M83+M84+M85+M86+M87+M88+M89+M90+M91+M92,0) -> 0 | N81: =N68 -> 토목6-3-3
B82: 프라이머 | D82: 0.25 | E82: kg | F82: =H82+J82+L82 -> 5300 | G82: =I82+K82+M82 -> 1325 | H82: =자재조서!$D$5 -> 5300 | I82: =TRUNC(H82*D82,1) -> 1325 | J82: 0 | L82: 0
B83: 에폭시 | D83: 1.27 | E83: kg | F83: =H83+J83+L83 -> 7500 | G83: =I83+K83+M83 -> 9525 | H83: =자재조서!$D$6 -> 7500 | I83: =TRUNC(H83*D83,1) -> 9525 | J83: 0 | L83: 0
B84: 신너 | C84: 조합페인트용 | D84: 0.11 | E84: ℓ | F84: =H84+J84+L84 -> 3888 | G84: =I84+K84+M84 -> 427.6 | H84: =자재조서!$D$7 -> 3888 | I84: =TRUNC(H84*D84,1) -> 427.6 | J84: 0 | L84: 0
B85: 도 장 공 | D85: 0.27 | E85: 인 | F85: =H85+J85+L85 -> 263017 | G85: =I85+K85+M85 -> 71014.5 | H85: 0 | J85: =노임!$D$9 -> 263017 | K85: =TRUNC(J85*D85,1) -> 71014.5 | L85: 0
B86: 보통인부 | D86: 0.07 | E86: 인 | F86: =H86+J86+L86 -> 172068 | G86: =I86+K86+M86 -> 12044.7 | H86: 0 | J86: =노임!$D$3 -> 172068 | K86: =TRUNC(J86*D86,1) -> 12044.7 | L86: 0
B87: 액상접착재 | C87: 15kg(18ℓ)/can | D87: 0.26 | E87: kg | F87: =H87+J87+L87 -> 20747 | G87: =I87+K87+M87 -> 5394.2 | H87: =자재조서!$D$8 -> 20747 | I87: =TRUNC(H87*D87,1) -> 5394.2 | J87: 0 | L87: 0
B88: 매스틱 | C88: 3T x 40 x 6m | D88: 2.81 | E88: m | F88: =H88+J88+L88 -> 2800 | G88: =I88+K88+M88 -> 7868 | H88: =자재조서!$D$9 -> 2800 | I88: =TRUNC(H88*D88,1) -> 7868 | J88: 0 | L88: 0
B89: 안쪽층테이프 | C89: 0.508mm x 100mm x 30m | D89: 2.37 | E89: ㎡ | F89: =H89+J89+L89 -> 23200 | G89: =I89+K89+M89 -> 54984 | H89: =자재조서!$D$10 -> 23200 | I89: =TRUNC(H89*D89,1) -> 54984 | J89: 0 | L89: 0
B90: 바깥층테이프 | C90: 0.381mm x 100mm x 30m | D90: 2.37 | E90: ㎡ | F90: =H90+J90+L90 -> 22200 | G90: =I90+K90+M90 -> 52614 | H90: =자재조서!$D$11 -> 22200 | I90: =TRUNC(H90*D90,1) -> 52614 | J90: 0 | L90: 0
B91: 도 장 공 | D91: 0.34 | E91: 인 | F91: =H91+J91+L91 -> 263017 | G91: =I91+K91+M91 -> 89425.7 | H91: 0 | J91: =노임!$D$9 -> 263017 | K91: =TRUNC(J91*D91,1) -> 89425.7 | L91: 0
B92: 보통인부 | D92: 0.08 | E92: 인 | F92: =H92+J92+L92 -> 172068 | G92: =I92+K92+M92 -> 13765.4 | H92: 0 | J92: =노임!$D$3 -> 172068 | K92: =TRUNC(J92*D92,1) -> 13765.4 | L92: 0
A94: =A81+1 -> 82 | B94: 강관도장(내,외부) | C94: D900㎜ | D94: 1 | E94: 개소 | G94: =I94+K94+M94 -> 344165 | I94: =TRUNC(I95+I96+I97+I98+I99+I100+I101+I102+I103+I104+I105,0) -> 148304 | K94: =TRUNC(K95+K96+K97+K98+K99+K100+K101+K102+K103+K104+K105,0) -> 195861 | M94: =TRUNC(M95+M96+M97+M98+M99+M100+M101+M102+M103+M104+M105,0) -> 0 | N94: =N81 -> 토목6-3-3
B95: 프라이머 | D95: 0.28 | E95: kg | F95: =H95+J95+L95 -> 5300 | G95: =I95+K95+M95 -> 1484 | H95: =자재조서!$D$5 -> 5300 | I95: =TRUNC(H95*D95,1) -> 1484 | J95: 0 | L95: 0
B96: 에폭시 | D96: 1.43 | E96: kg | F96: =H96+J96+L96 -> 7500 | G96: =I96+K96+M96 -> 10725 | H96: =자재조서!$D$6 -> 7500 | I96: =TRUNC(H96*D96,1) -> 10725 | J96: 0 | L96: 0
B97: 신너 | C97: 조합페인트용 | D97: 0.12 | E97: ℓ | F97: =H97+J97+L97 -> 3888 | G97: =I97+K97+M97 -> 466.5 | H97: =자재조서!$D$7 -> 3888 | I97: =TRUNC(H97*D97,1) -> 466.5 | J97: 0 | L97: 0
B98: 도 장 공 | D98: 0.28 | E98: 인 | F98: =H98+J98+L98 -> 263017 | G98: =I98+K98+M98 -> 73644.7 | H98: 0 | J98: =노임!$D$9 -> 263017 | K98: =TRUNC(J98*D98,1) -> 73644.7 | L98: 0
B99: 보통인부 | D99: 0.07 | E99: 인 | F99: =H99+J99+L99 -> 172068 | G99: =I99+K99+M99 -> 12044.7 | H99: 0 | J99: =노임!$D$3 -> 172068 | K99: =TRUNC(J99*D99,1) -> 12044.7 | L99: 0
B100: 액상접착재 | C100: 15kg(18ℓ)/can | D100: 0.29 | E100: kg | F100: =H100+J100+L100 -> 20747 | G100: =I100+K100+M100 -> 6016.6 | H100: =자재조서!$D$8 -> 20747 | I100: =TRUNC(H100*D100,1) -> 6016.6 | J100: 0 | L100: 0
B101: 매스틱 | C101: 3T x 40 x 6m | D101: 3.16 | E101: m | F101: =H101+J101+L101 -> 2800 | G101: =I101+K101+M101 -> 8848 | H101: =자재조서!$D$9 -> 2800 | I101: =TRUNC(H101*D101,1) -> 8848 | J101: 0 | L101: 0
B102: 안쪽층테이프 | C102: 0.508mm x 100mm x 30m | D102: 2.66 | E102: ㎡ | F102: =H102+J102+L102 -> 23200 | G102: =I102+K102+M102 -> 61712 | H102: =자재조서!$D$10 -> 23200 | I102: =TRUNC(H102*D102,1) -> 61712 | J102: 0 | L102: 0
B103: 바깥층테이프 | C103: 0.381mm x 100mm x 30m | D103: 2.66 | E103: ㎡ | F103: =H103+J103+L103 -> 22200 | G103: =I103+K103+M103 -> 59052 | H103: =자재조서!$D$11 -> 22200 | I103: =TRUNC(H103*D103,1) -> 59052 | J103: 0 | L103: 0
B104: 도 장 공 | D104: 0.36 | E104: 인 | F104: =H104+J104+L104 -> 263017 | G104: =I104+K104+M104 -> 94686.1 | H104: 0 | J104: =노임!$D$9 -> 263017 | K104: =TRUNC(J104*D104,1) -> 94686.1 | L104: 0
B105: 보통인부 | D105: 0.09 | E105: 인 | F105: =H105+J105+L105 -> 172068 | G105: =I105+K105+M105 -> 15486.1 | H105: 0 | J105: =노임!$D$3 -> 172068 | K105: =TRUNC(J105*D105,1) -> 15486.1 | L105: 0
A107: =A94+1 -> 83 | B107: 강관도장(내,외부) | C107: D1000㎜ | D107: 1 | E107: 개소 | G107: =I107+K107+M107 -> 371852 | I107: =TRUNC(I108+I109+I110+I111+I112+I113+I114+I115+I116+I117+I118,0) -> 165470 | K107: =TRUNC(K108+K109+K110+K111+K112+K113+K114+K115+K116+K117+K118,0) -> 206382 | M107: =TRUNC(M108+M109+M110+M111+M112+M113+M114+M115+M116+M117+M118,0) -> 0 | N107: =N94 -> 토목6-3-3
B108: 프라이머 | D108: 0.32 | E108: kg | F108: =H108+J108+L108 -> 5300 | G108: =I108+K108+M108 -> 1696 | H108: =자재조서!$D$5 -> 5300 | I108: =TRUNC(H108*D108,1) -> 1696 | J108: 0 | L108: 0
B109: 에폭시 | D109: 1.59 | E109: kg | F109: =H109+J109+L109 -> 7500 | G109: =I109+K109+M109 -> 11925 | H109: =자재조서!$D$6 -> 7500 | I109: =TRUNC(H109*D109,1) -> 11925 | J109: 0 | L109: 0
B110: 신너 | C110: 조합페인트용 | D110: 0.14 | E110: ℓ | F110: =H110+J110+L110 -> 3888 | G110: =I110+K110+M110 -> 544.3 | H110: =자재조서!$D$7 -> 3888 | I110: =TRUNC(H110*D110,1) -> 544.3 | J110: 0 | L110: 0
B111: 도 장 공 | D111: 0.3 | E111: 인 | F111: =H111+J111+L111 -> 263017 | G111: =I111+K111+M111 -> 78905.1 | H111: 0 | J111: =노임!$D$9 -> 263017 | K111: =TRUNC(J111*D111,1) -> 78905.1 | L111: 0
B112: 보통인부 | D112: 0.07 | E112: 인 | F112: =H112+J112+L112 -> 172068 | G112: =I112+K112+M112 -> 12044.7 | H112: 0 | J112: =노임!$D$3 -> 172068 | K112: =TRUNC(J112*D112,1) -> 12044.7 | L112: 0
B113: 액상접착재 | C113: 15kg(18ℓ)/can | D113: 0.32 | E113: kg | F113: =H113+J113+L113 -> 20747 | G113: =I113+K113+M113 -> 6639 | H113: =자재조서!$D$8 -> 20747 | I113: =TRUNC(H113*D113,1) -> 6639 | J113: 0 | L113: 0
B114: 매스틱 | C114: 3T x 40 x 6m | D114: 3.51 | E114: m | F114: =H114+J114+L114 -> 2800 | G114: =I114+K114+M114 -> 9828 | H114: =자재조서!$D$9 -> 2800 | I114: =TRUNC(H114*D114,1) -> 9828 | J114: 0 | L114: 0
B115: 안쪽층테이프 | C115: 0.508mm x 100mm x 30m | D115: 2.97 | E115: ㎡ | F115: =H115+J115+L115 -> 23200 | G115: =I115+K115+M115 -> 68904 | H115: =자재조서!$D$10 -> 23200 | I115: =TRUNC(H115*D115,1) -> 68904 | J115: 0 | L115: 0
...

Sheet 강관절단 및 절단(철거)
A1: 일위대가_호표_강관절단(재료비-2010년 표준품셈 기준)
A2: 공 종 명 | C2: 규 격 | D2: 수량 | E2: 단위 | F2: 합 계 | H2: 재 료 비 | J2: 노 무 비 | L2: 경 비 | N2: 비 고
F3: 단 가 | G3: 금 액 | H3: 단 가 | I3: 금 액 | J3: 단 가 | K3: 금 액 | L3: 단 가 | M3: 금 액
A5: =강관도장!A224+1 -> 93 | B5: 강관절단(A종) | C5: D80㎜ | D5: 1 | E5: 개소 | G5: =I5+K5+M5 -> 25498 | I5: =TRUNC(I6+I7+I8+I9+I10,0) -> 2896 | K5: =TRUNC(K6+K7+K8+K9+K10,0) -> 22602 | M5: =TRUNC(M6+M7+M8+M9+M10,0) -> 0 | N5: 토목6-3-4
B6: 용 접 공(일 반) | D6: 0.08 | E6: 인 | F6: =H6+J6+L6 -> 282536 | G6: =I6+K6+M6 -> 22602.8 | H6: 0 | J6: =노임!$D$7 -> 282536 | K6: =TRUNC(J6*D6,1) -> 22602.8 | L6: 0
B7: 산소 | C7: 99% 6000ℓ(기체) 40ℓ | D7: 160 | E7: L | F7: =H7+J7+L7 -> 3.033 | G7: =I7+K7+M7 -> 485.2 | H7: =자재조서!$D$12 -> 3.033 | I7: =TRUNC(H7*D7,1) -> 485.2 | J7: 0 | L7: 0
B8: 아세칠렌 | C8: 98% (용접용) 1kg=853ℓ | D8: 0.08 | E8: KG | F8: =H8+J8+L8 -> 22200 | G8: =I8+K8+M8 -> 1776 | H8: =자재조서!$D$15 -> 22200 | I8: =TRUNC(H8*D8,1) -> 1776 | J8: 0 | L8: 0
B9: 연마숫돌 | C9: 355x3.5mm | D9: 0.11 | E9: 개 | F9: =H9+J9+L9 -> 1669 | G9: =I9+K9+M9 -> 183.5 | H9: =자재조서!$D$16 -> 1669 | I9: =TRUNC(H9*D9,1) -> 183.5 | J9: 0 | L9: 0
B10: 공구손료 및 경장비 | C10: 인력품의 | D10: 2 | E10: % | F10: =H10+J10+L10 -> 0 | G10: =I10+K10+M10 -> 452 | I10: =TRUNC((K6*0.02),1) -> 452 | K10: 0 | M10: 0
A12: =A5+1 -> 94 | B12: 강관절단(A종) | C12: D100㎜ | D12: 1 | E12: 개소 | G12: =I12+K12+M12 -> 25864 | I12: =TRUNC(I13+I14+I15+I16+I17,0) -> 3262 | K12: =TRUNC(K13+K14+K15+K16+K17,0) -> 22602 | M12: =TRUNC(M13+M14+M15+M16+M17,0) -> 0 | N12: =N5 -> 토목6-3-4
B13: 용 접 공(일 반) | D13: 0.08 | E13: 인 | F13: =H13+J13+L13 -> 282536 | G13: =I13+K13+M13 -> 22602.8 | J13: =노임!$D$7 -> 282536 | K13: =TRUNC(J13*D13,1) -> 22602.8 | L13: 0
B14: 산소 | C14: 99% 6000ℓ(기체) 40ℓ | D14: 180 | E14: L | F14: =H14+J14+L14 -> 3.033 | G14: =I14+K14+M14 -> 545.9 | H14: =자재조서!$D$12 -> 3.033 | I14: =TRUNC(H14*D14,1) -> 545.9 | J14: 0 | L14: 0
B15: 아세칠렌 | C15: 98% (용접용) 1kg=853ℓ | D15: 0.09 | E15: KG | F15: =H15+J15+L15 -> 22200 | G15: =I15+K15+M15 -> 1998 | H15: =자재조서!$D$15 -> 22200 | I15: =TRUNC(H15*D15,1) -> 1998 | J15: 0 | L15: 0
B16: 연마숫돌 | C16: 355x3.5mm | D16: 0.16 | E16: 개 | F16: =H16+J16+L16 -> 1669 | G16: =I16+K16+M16 -> 267 | H16: =자재조서!$D$16 -> 1669 | I16: =TRUNC(H16*D16,1) -> 267 | J16: 0 | L16: 0
B17: 공구손료 및 경장비 | C17: 인력품의 | D17: 2 | E17: % | F17: =H17+J17+L17 -> 0 | G17: =I17+K17+M17 -> 452 | I17: =TRUNC((K13*0.02),1) -> 452 | K17: 0 | M17: 0
A19: =A12+1 -> 95 | B19: 강관절단(A종) | C19: D125㎜ | D19: 1 | E19: 개소 | G19: =I19+K19+M19 -> 29113 | I19: =TRUNC(I20+I21+I22+I23+I24,0) -> 3685 | K19: =TRUNC(K20+K21+K22+K23+K24,0) -> 25428 | M19: =TRUNC(M20+M21+M22+M23+M24,0) -> 0 | N19: =N12 -> 토목6-3-4
B20: 용 접 공(일 반) | D20: 0.09 | E20: 인 | F20: =H20+J20+L20 -> 282536 | G20: =I20+K20+M20 -> 25428.2 | J20: =노임!$D$7 -> 282536 | K20: =TRUNC(J20*D20,1) -> 25428.2 | L20: 0
B21: 산소 | C21: 99% 6000ℓ(기체) 40ℓ | D21: 200 | E21: L | F21: =H21+J21+L21 -> 3.033 | G21: =I21+K21+M21 -> 606.6 | H21: =자재조서!$D$12 -> 3.033 | I21: =TRUNC(H21*D21,1) -> 606.6 | J21: 0 | L21: 0
B22: 아세칠렌 | C22: 98% (용접용) 1kg=853ℓ | D22: 0.1 | E22: KG | F22: =H22+J22+L22 -> 22200 | G22: =I22+K22+M22 -> 2220 | H22: =자재조서!$D$15 -> 22200 | I22: =TRUNC(H22*D22,1) -> 2220 | J22: 0 | L22: 0
B23: 연마숫돌 | C23: 355x3.5mm | D23: 0.21 | E23: 개 | F23: =H23+J23+L23 -> 1669 | G23: =I23+K23+M23 -> 350.4 | H23: =자재조서!$D$16 -> 1669 | I23: =TRUNC(H23*D23,1) -> 350.4 | J23: 0 | L23: 0
B24: 공구손료 및 경장비 | C24: 인력품의 | D24: 2 | E24: % | F24: =H24+J24+L24 -> 0 | G24: =I24+K24+M24 -> 508.5 | I24: =TRUNC((K20*0.02),1) -> 508.5 | K24: 0 | M24: 0
A26: =A19+1 -> 96 | B26: 강관절단(A종) | C26: D150㎜ | D26: 1 | E26: 개소 | G26: =I26+K26+M26 -> 32630 | I26: =TRUNC(I27+I28+I29+I30+I31,0) -> 4377 | K26: =TRUNC(K27+K28+K29+K30+K31,0) -> 28253 | M26: =TRUNC(M27+M28+M29+M30+M31,0) -> 0 | N26: =N19 -> 토목6-3-4
B27: 용 접 공(일 반) | D27: 0.1 | E27: 인 | F27: =H27+J27+L27 -> 282536 | G27: =I27+K27+M27 -> 28253.6 | J27: =노임!$D$7 -> 282536 | K27: =TRUNC(J27*D27,1) -> 28253.6 | L27: 0
B28: 산소 | C28: 99% 6000ℓ(기체) 40ℓ | D28: 230 | E28: L | F28: =H28+J28+L28 -> 3.033 | G28: =I28+K28+M28 -> 697.5 | H28: =자재조서!$D$12 -> 3.033 | I28: =TRUNC(H28*D28,1) -> 697.5 | J28: 0 | L28: 0
B29: 아세칠렌 | C29: 98% (용접용) 1kg=853ℓ | D29: 0.12 | E29: KG | F29: =H29+J29+L29 -> 22200 | G29: =I29+K29+M29 -> 2664 | H29: =자재조서!$D$15 -> 22200 | I29: =TRUNC(H29*D29,1) -> 2664 | J29: 0 | L29: 0
B30: 연마숫돌 | C30: 355x3.5mm | D30: 0.27 | E30: 개 | F30: =H30+J30+L30 -> 1669 | G30: =I30+K30+M30 -> 450.6 | H30: =자재조서!$D$16 -> 1669 | I30: =TRUNC(H30*D30,1) -> 450.6 | J30: 0 | L30: 0
B31: 공구손료 및 경장비 | C31: 인력품의 | D31: 2 | E31: % | F31: =H31+J31+L31 -> 0 | G31: =I31+K31+M31 -> 565 | I31: =TRUNC((K27*0.02),1) -> 565 | K31: 0 | M31: 0
A33: =A26+1 -> 97 | B33: 강관절단(A종) | C33: D200㎜ | D33: 1 | E33: 개소 | G33: =I33+K33+M33 -> 42058 | I33: =TRUNC(I34+I35+I36+I37+I38,0) -> 5329 | K33: =TRUNC(K34+K35+K36+K37+K38,0) -> 36729 | M33: =TRUNC(M34+M35+M36+M37+M38,0) -> 0 | N33: =N26 -> 토목6-3-4
B34: 용 접 공(일 반) | D34: 0.13 | E34: 인 | F34: =H34+J34+L34 -> 282536 | G34: =I34+K34+M34 -> 36729.6 | J34: =노임!$D$7 -> 282536 | K34: =TRUNC(J34*D34,1) -> 36729.6 | L34: 0
B35: 산소 | C35: 99% 6000ℓ(기체) 40ℓ | D35: 270 | E35: L | F35: =H35+J35+L35 -> 3.033 | G35: =I35+K35+M35 -> 818.9 | H35: =자재조서!$D$12 -> 3.033 | I35: =TRUNC(H35*D35,1) -> 818.9 | J35: 0 | L35: 0
B36: 아세칠렌 | C36: 98% (용접용) 1kg=853ℓ | D36: 0.14 | E36: KG | F36: =H36+J36+L36 -> 22200 | G36: =I36+K36+M36 -> 3108 | H36: =자재조서!$D$15 -> 22200 | I36: =TRUNC(H36*D36,1) -> 3108 | J36: 0 | L36: 0
B37: 연마숫돌 | C37: 355x3.5mm | D37: 0.4 | E37: 개 | F37: =H37+J37+L37 -> 1669 | G37: =I37+K37+M37 -> 667.6 | H37: =자재조서!$D$16 -> 1669 | I37: =TRUNC(H37*D37,1) -> 667.6 | J37: 0 | L37: 0
B38: 공구손료 및 경장비 | C38: 인력품의 | D38: 2 | E38: % | F38: =H38+J38+L38 -> 0 | G38: =I38+K38+M38 -> 734.5 | I38: =TRUNC((K34*0.02),1) -> 734.5 | K38: 0 | M38: 0
A40: =A33+1 -> 98 | B40: 강관절단(A종) | C40: D250㎜ | D40: 1 | E40: 개소 | G40: =I40+K40+M40 -> 52164 | I40: =TRUNC(I41+I42+I43+I44+I45,0) -> 6959 | K40: =TRUNC(K41+K42+K43+K44+K45,0) -> 45205 | M40: =TRUNC(M41+M42+M43+M44+M45,0) -> 0 | N40: =N33 -> 토목6-3-4
B41: 용 접 공(일 반) | D41: 0.16 | E41: 인 | F41: =H41+J41+L41 -> 282536 | G41: =I41+K41+M41 -> 45205.7 | J41: =노임!$D$7 -> 282536 | K41: =TRUNC(J41*D41,1) -> 45205.7 | L41: 0
B42: 산소 | C42: 99% 6000ℓ(기체) 40ℓ | D42: 360 | E42: L | F42: =H42+J42+L42 -> 3.033 | G42: =I42+K42+M42 -> 1091.8 | H42: =자재조서!$D$12 -> 3.033 | I42: =TRUNC(H42*D42,1) -> 1091.8 | J42: 0 | L42: 0
B43: 아세칠렌 | C43: 98% (용접용) 1kg=853ℓ | D43: 0.18 | E43: KG | F43: =H43+J43+L43 -> 22200 | G43: =I43+K43+M43 -> 3996 | H43: =자재조서!$D$15 -> 22200 | I43: =TRUNC(H43*D43,1) -> 3996 | J43: 0 | L43: 0
B44: 연마숫돌 | C44: 355x3.5mm | D44: 0.58 | E44: 개 | F44: =H44+J44+L44 -> 1669 | G44: =I44+K44+M44 -> 968 | H44: =자재조서!$D$16 -> 1669 | I44: =TRUNC(H44*D44,1) -> 968 | J44: 0 | L44: 0
B45: 공구손료 및 경장비 | C45: 인력품의 | D45: 2 | E45: % | F45: =H45+J45+L45 -> 0 | G45: =I45+K45+M45 -> 904.1 | I45: =TRUNC((K41*0.02),1) -> 904.1 | K45: 0 | M45: 0
A47: =A40+1 -> 99 | B47: 강관절단(A종) | C47: D300㎜ | D47: 1 | E47: 개소 | G47: =I47+K47+M47 -> 65326 | I47: =TRUNC(I48+I49+I50+I51+I52,0) -> 8819 | K47: =TRUNC(K48+K49+K50+K51+K52,0) -> 56507 | M47: =TRUNC(M48+M49+M50+M51+M52,0) -> 0 | N47: =N40 -> 토목6-3-4
B48: 용 접 공(일 반) | D48: 0.2 | E48: 인 | F48: =H48+J48+L48 -> 282536 | G48: =I48+K48+M48 -> 56507.2 | J48: =노임!$D$7 -> 282536 | K48: =TRUNC(J48*D48,1) -> 56507.2 | L48: 0
B49: 산소 | C49: 99% 6000ℓ(기체) 40ℓ | D49: 450 | E49: L | F49: =H49+J49+L49 -> 3.033 | G49: =I49+K49+M49 -> 1364.8 | H49: =자재조서!$D$12 -> 3.033 | I49: =TRUNC(H49*D49,1) -> 1364.8 | J49: 0 | L49: 0
B50: 아세칠렌 | C50: 98% (용접용) 1kg=853ℓ | D50: 0.23 | E50: KG | F50: =H50+J50+L50 -> 22200 | G50: =I50+K50+M50 -> 5106 | H50: =자재조서!$D$15 -> 22200 | I50: =TRUNC(H50*D50,1) -> 5106 | J50: 0 | L50: 0
B51: 연마숫돌 | C51: 355x3.5mm | D51: 0.73 | E51: 개 | F51: =H51+J51+L51 -> 1669 | G51: =I51+K51+M51 -> 1218.3 | H51: =자재조서!$D$16 -> 1669 | I51: =TRUNC(H51*D51,1) -> 1218.3 | J51: 0 | L51: 0
B52: 공구손료 및 경장비 | C52: 인력품의 | D52: 2 | E52: % | F52: =H52+J52+L52 -> 0 | G52: =I52+K52+M52 -> 1130.1 | I52: =TRUNC((K48*0.02),1) -> 1130.1 | K52: 0 | M52: 0
A54: =A47+1 -> 100 | B54: 강관절단(A종) | C54: D350㎜ | D54: 1 | E54: 개소 | G54: =I54+K54+M54 -> 83229 | I54: =TRUNC(I55+I56+I57+I58+I59,0) -> 9770 | K54: =TRUNC(K55+K56+K57+K58+K59,0) -> 73459 | M54: =TRUNC(M55+M56+M57+M58+M59,0) -> 0 | N54: =N47 -> 토목6-3-4
B55: 용 접 공(일 반) | D55: 0.26 | E55: 인 | F55: =H55+J55+L55 -> 282536 | G55: =I55+K55+M55 -> 73459.3 | J55: =노임!$D$7 -> 282536 | K55: =TRUNC(J55*D55,1) -> 73459.3 | L55: 0
B56: 산소 | C56: 99% 6000ℓ(기체) 40ℓ | D56: 500 | E56: L | F56: =H56+J56+L56 -> 3.033 | G56: =I56+K56+M56 -> 1516.5 | H56: =자재조서!$D$12 -> 3.033 | I56: =TRUNC(H56*D56,1) -> 1516.5 | J56: 0 | L56: 0
B57: 아세칠렌 | C57: 98% (용접용) 1kg=853ℓ | D57: 0.25 | E57: KG | F57: =H57+J57+L57 -> 22200 | G57: =I57+K57+M57 -> 5550 | H57: =자재조서!$D$15 -> 22200 | I57: =TRUNC(H57*D57,1) -> 5550 | J57: 0 | L57: 0
B58: 연마숫돌 | C58: 355x3.5mm | D58: 0.74 | E58: 개 | F58: =H58+J58+L58 -> 1669 | G58: =I58+K58+M58 -> 1235 | H58: =자재조서!$D$16 -> 1669 | I58: =TRUNC(H58*D58,1) -> 1235 | J58: 0 | L58: 0
B59: 공구손료 및 경장비 | C59: 인력품의 | D59: 2 | E59: % | F59: =H59+J59+L59 -> 0 | G59: =I59+K59+M59 -> 1469.1 | I59: =TRUNC((K55*0.02),1) -> 1469.1 | K59: 0 | M59: 0
A61: =A54+1 -> 101 | B61: 강관절단(A종) | C61: D400㎜ | D61: 1 | E61: 개소 | G61: =I61+K61+M61 -> 99189 | I61: =TRUNC(I62+I63+I64+I65+I66,0) -> 11603 | K61: =TRUNC(K62+K63+K64+K65+K66,0) -> 87586 | M61: =TRUNC(M62+M63+M64+M65+M66,0) -> 0 | N61: =N54 -> 토목6-3-4
B62: 용 접 공(일 반) | D62: 0.31 | E62: 인 | F62: =H62+J62+L62 -> 282536 | G62: =I62+K62+M62 -> 87586.1 | J62: =노임!$D$7 -> 282536 | K62: =TRUNC(J62*D62,1) -> 87586.1 | L62: 0
B63: 산소 | C63: 99% 6000ℓ(기체) 40ℓ | D63: 590 | E63: L | F63: =H63+J63+L63 -> 3.033 | G63: =I63+K63+M63 -> 1789.4 | H63: =자재조서!$D$12 -> 3.033 | I63: =TRUNC(H63*D63,1) -> 1789.4 | J63: 0 | L63: 0
B64: 아세칠렌 | C64: 98% (용접용) 1kg=853ℓ | D64: 0.3 | E64: KG | F64: =H64+J64+L64 -> 22200 | G64: =I64+K64+M64 -> 6660 | H64: =자재조서!$D$15 -> 22200 | I64: =TRUNC(H64*D64,1) -> 6660 | J64: 0 | L64: 0
B65: 연마숫돌 | C65: 355x3.5mm | D65: 0.84 | E65: 개 | F65: =H65+J65+L65 -> 1669 | G65: =I65+K65+M65 -> 1401.9 | H65: =자재조서!$D$16 -> 1669 | I65: =TRUNC(H65*D65,1) -> 1401.9 | J65: 0 | L65: 0
B66: 공구손료 및 경장비 | C66: 인력품의 | D66: 2 | E66: % | F66: =H66+J66+L66 -> 0 | G66: =I66+K66+M66 -> 1751.7 | I66: =TRUNC((K62*0.02),1) -> 1751.7 | K66: 0 | M66: 0
A68: =A61+1 -> 102 | B68: 강관절단(A종) | C68: D450㎜ | D68: 1 | E68: 개소 | G68: =I68+K68+M68 -> 114363 | I68: =TRUNC(I69+I70+I71+I72+I73,0) -> 12651 | K68: =TRUNC(K69+K70+K71+K72+K73,0) -> 101712 | M68: =TRUNC(M69+M70+M71+M72+M73,0) -> 0 | N68: =N61 -> 토목6-3-4
B69: 용 접 공(일 반) | D69: 0.36 | E69: 인 | F69: =H69+J69+L69 -> 282536 | G69: =I69+K69+M69 -> 101712.9 | J69: =노임!$D$7 -> 282536 | K69: =TRUNC(J69*D69,1) -> 101712.9 | L69: 0
B70: 산소 | C70: 99% 6000ℓ(기체) 40ℓ | D70: 630 | E70: L | F70: =H70+J70+L70 -> 3.033 | G70: =I70+K70+M70 -> 1910.7 | H70: =자재조서!$D$12 -> 3.033 | I70: =TRUNC(H70*D70,1) -> 1910.7 | J70: 0 | L70: 0
B71: 아세칠렌 | C71: 98% (용접용) 1kg=853ℓ | D71: 0.32 | E71: KG | F71: =H71+J71+L71 -> 22200 | G71: =I71+K71+M71 -> 7104 | H71: =자재조서!$D$15 -> 22200 | I71: =TRUNC(H71*D71,1) -> 7104 | J71: 0 | L71: 0
B72: 연마숫돌 | C72: 355x3.5mm | D72: 0.96 | E72: 개 | F72: =H72+J72+L72 -> 1669 | G72: =I72+K72+M72 -> 1602.2 | H72: =자재조서!$D$16 -> 1669 | I72: =TRUNC(H72*D72,1) -> 1602.2 | J72: 0 | L72: 0
B73: 공구손료 및 경장비 | C73: 인력품의 | D73: 2 | E73: % | F73: =H73+J73+L73 -> 0 | G73: =I73+K73+M73 -> 2034.2 | I73: =TRUNC((K69*0.02),1) -> 2034.2 | K73: 0 | M73: 0
A75: =A68+1 -> 103 | B75: 강관절단(A종) | C75: D500㎜ | D75: 1 | E75: 개소 | G75: =I75+K75+M75 -> 130100 | I75: =TRUNC(I76+I77+I78+I79+I80,0) -> 14261 | K75: =TRUNC(K76+K77+K78+K79+K80,0) -> 115839 | M75: =TRUNC(M76+M77+M78+M79+M80,0) -> 0 | N75: =N68 -> 토목6-3-4
B76: 용 접 공(일 반) | D76: 0.41 | E76: 인 | F76: =H76+J76+L76 -> 282536 | G76: =I76+K76+M76 -> 115839.7 | J76: =노임!$D$7 -> 282536 | K76: =TRUNC(J76*D76,1) -> 115839.7 | L76: 0
B77: 산소 | C77: 99% 6000ℓ(기체) 40ℓ | D77: 720 | E77: L | F77: =H77+J77+L77 -> 3.033 | G77: =I77+K77+M77 -> 2183.7 | H77: =자재조서!$D$12 -> 3.033 | I77: =TRUNC(H77*D77,1) -> 2183.7 | J77: 0 | L77: 0
B78: 아세칠렌 | C78: 98% (용접용) 1kg=853ℓ | D78: 0.36 | E78: KG | F78: =H78+J78+L78 -> 22200 | G78: =I78+K78+M78 -> 7992 | H78: =자재조서!$D$15 -> 22200 | I78: =TRUNC(H78*D78,1) -> 7992 | J78: 0 | L78: 0
B79: 연마숫돌 | C79: 355x3.5mm | D79: 1.06 | E79: 개 | F79: =H79+J79+L79 -> 1669 | G79: =I79+K79+M79 -> 1769.1 | H79: =자재조서!$D$16 -> 1669 | I79: =TRUNC(H79*D79,1) -> 1769.1 | J79: 0 | L79: 0
B80: 공구손료 및 경장비 | C80: 인력품의 | D80: 2 | E80: % | F80: =H80+J80+L80 -> 0 | G80: =I80+K80+M80 -> 2316.7 | I80: =TRUNC((K76*0.02),1) -> 2316.7 | K80: 0 | M80: 0
A82: =A75+1 -> 104 | B82: 강관절단(A종) | C82: D600㎜ | D82: 1 | E82: 개소 | G82: =I82+K82+M82 -> 146243 | I82: =TRUNC(I83+I84+I85+I86+I87,0) -> 16277 | K82: =TRUNC(K83+K84+K85+K86+K87,0) -> 129966 | M82: =TRUNC(M83+M84+M85+M86+M87,0) -> 0 | N82: =N75 -> 토목6-3-4
B83: 용 접 공(일 반) | D83: 0.46 | E83: 인 | F83: =H83+J83+L83 -> 282536 | G83: =I83+K83+M83 -> 129966.5 | J83: =노임!$D$7 -> 282536 | K83: =TRUNC(J83*D83,1) -> 129966.5 | L83: 0
B84: 산소 | C84: 99% 6000ℓ(기체) 40ℓ | D84: 810 | E84: L | F84: =H84+J84+L84 -> 3.033 | G84: =I84+K84+M84 -> 2456.7 | H84: =자재조서!$D$12 -> 3.033 | I84: =TRUNC(H84*D84,1) -> 2456.7 | J84: 0 | L84: 0
B85: 아세칠렌 | C85: 98% (용접용) 1kg=853ℓ | D85: 0.41 | E85: KG | F85: =H85+J85+L85 -> 22200 | G85: =I85+K85+M85 -> 9102 | H85: =자재조서!$D$15 -> 22200 | I85: =TRUNC(H85*D85,1) -> 9102 | J85: 0 | L85: 0
B86: 연마숫돌 | C86: 355x3.5mm | D86: 1.27 | E86: 개 | F86: =H86+J86+L86 -> 1669 | G86: =I86+K86+M86 -> 2119.6 | H86: =자재조서!$D$16 -> 1669 | I86: =TRUNC(H86*D86,1) -> 2119.6 | J86: 0 | L86: 0
B87: 공구손료 및 경장비 | C87: 인력품의 | D87: 2 | E87: % | F87: =H87+J87+L87 -> 0 | G87: =I87+K87+M87 -> 2599.3 | I87: =TRUNC((K83*0.02),1) -> 2599.3 | K87: 0 | M87: 0
A89: =A82+1 -> 105 | B89: 강관절단(A종) | C89: D700㎜ | D89: 1 | E89: 개소 | G89: =I89+K89+M89 -> 195756 | I89: =TRUNC(I90+I91+I92+I93+I94,0) -> 20584 | K89: =TRUNC(K90+K91+K92+K93+K94,0) -> 175172 | M89: =TRUNC(M90+M91+M92+M93+M94,0) -> 0 | N89: =N82 -> 토목6-3-4
B90: 용 접 공(일 반) | D90: 0.62 | E90: 인 | F90: =H90+J90+L90 -> 282536 | G90: =I90+K90+M90 -> 175172.3 | J90: =노임!$D$7 -> 282536 | K90: =TRUNC(J90*D90,1) -> 175172.3 | L90: 0
B91: 산소 | C91: 99% 6000ℓ(기체) 40ℓ | D91: 1020 | E91: L | F91: =H91+J91+L91 -> 3.033 | G91: =I91+K91+M91 -> 3093.6 | H91: =자재조서!$D$12 -> 3.033 | I91: =TRUNC(H91*D91,1) -> 3093.6 | J91: 0 | L91: 0
B92: 아세칠렌 | C92: 98% (용접용) 1kg=853ℓ | D92: 0.5 | E92: KG | F92: =H92+J92+L92 -> 22200 | G92: =I92+K92+M92 -> 11100 | H92: =자재조서!$D$15 -> 22200 | I92: =TRUNC(H92*D92,1) -> 11100 | J92: 0 | L92: 0
B93: 연마숫돌 | C93: 355x3.5mm | D93: 1.73 | E93: 개 | F93: =H93+J93+L93 -> 1669 | G93: =I93+K93+M93 -> 2887.3 | H93: =자재조서!$D$16 -> 1669 | I93: =TRUNC(H93*D93,1) -> 2887.3 | J93: 0 | L93: 0
B94: 공구손료 및 경장비 | C94: 인력품의 | D94: 2 | E94: % | F94: =H94+J94+L94 -> 0 | G94: =I94+K94+M94 -> 3503.4 | I94: =TRUNC((K90*0.02),1) -> 3503.4 | K94: 0 | M94: 0
A96: =A89+1 -> 106 | B96: 강관절단(B종) | C96: D700㎜ | D96: 1 | E96: 개소 | G96: =I96+K96+M96 -> 172193 | I96: =TRUNC(I97+I98+I99+I100+I101,0) -> 19624 | K96: =TRUNC(K97+K98+K99+K100+K101,0) -> 152569 | M96: =TRUNC(M97+M98+M99+M100+M101,0) -> 0 | N96: =N89 -> 토목6-3-4
B97: 용 접 공(일 반) | D97: 0.54 | E97: 인 | F97: =H97+J97+L97 -> 282536 | G97: =I97+K97+M97 -> 152569.4 | J97: =노임!$D$7 -> 282536 | K97: =TRUNC(J97*D97,1) -> 152569.4 | L97: 0
B98: 산소 | C98: 99% 6000ℓ(기체) 40ℓ | D98: 990 | E98: L | F98: =H98+J98+L98 -> 3.033 | G98: =I98+K98+M98 -> 3002.6 | H98: =자재조서!$D$12 -> 3.033 | I98: =TRUNC(H98*D98,1) -> 3002.6 | J98: 0 | L98: 0
B99: 아세칠렌 | C99: 98% (용접용) 1kg=853ℓ | D99: 0.5 | E99: KG | F99: =H99+J99+L99 -> 22200 | G99: =I99+K99+M99 -> 11100 | H99: =자재조서!$D$15 -> 22200 | I99: =TRUNC(H99*D99,1) -> 11100 | J99: 0 | L99: 0
B100: 연마숫돌 | C100: 355x3.5mm | D100: 1.48 | E100: 개 | F100: =H100+J100+L100 -> 1669 | G100: =I100+K100+M100 -> 2470.1 | H100: =자재조서!$D$16 -> 1669 | I100: =TRUNC(H100*D100,1) -> 2470.1 | J100: 0 | L100: 0
B101: 공구손료 및 경장비 | C101: 인력품의 | D101: 2 | E101: % | F101: =H101+J101+L101 -> 0 | G101: =I101+K101+M101 -> 3051.3 | I101: =TRUNC((K97*0.02),1) -> 3051.3 | K101: 0 | M101: 0
A103: =A96+1 -> 107 | B103: 강관절단(A종) | C103: D800㎜ | D103: 1 | E103: 개소 | G103: =I103+K103+M103 -> 224509 | I103: =TRUNC(I104+I105+I106+I107+I108,0) -> 23909 | K103: =TRUNC(K104+K105+K106+K107+K108,0) -> 200600 | M103: =TRUNC(M104+M105+M106+M107+M108,0) -> 0 | N103: =N96 -> 토목6-3-4
B104: 용 접 공(일 반) | D104: 0.71 | E104: 인 | F104: =H104+J104+L104 -> 282536 | G104: =I104+K104+M104 -> 200600.5 | J104: =노임!$D$7 -> 282536 | K104: =TRUNC(J104*D104,1) -> 200600.5 | L104: 0
B105: 산소 | C105: 99% 6000ℓ(기체) 40ℓ | D105: 1150 | E105: L | F105: =H105+J105+L105 -> 3.033 | G105: =I105+K105+M105 -> 3487.9 | H105: =자재조서!$D$12 -> 3.033 | I105: =TRUNC(H105*D105,1) -> 3487.9 | J105: 0 | L105: 0
B106: 아세칠렌 | C106: 98% (용접용) 1kg=853ℓ | D106: 0.57 | E106: KG | F106: =H106+J106+L106 -> 22200 | G106: =I106+K106+M106 -> 12654 | H106: =자재조서!$D$15 -> 22200 | I106: =TRUNC(H106*D106,1) -> 12654 | J106: 0 | L106: 0
B107: 연마숫돌 | C107: 355x3.5mm | D107: 2.25 | E107: 개 | F107: =H107+J107+L107 -> 1669 | G107: =I107+K107+M107 -> 3755.2 | H107: =자재조서!$D$16 -> 1669 | I107: =TRUNC(H107*D107,1) -> 3755.2 | J107: 0 | L107: 0
B108: 공구손료 및 경장비 | C108: 인력품의 | D108: 2 | E108: % | F108: =H108+J108+L108 -> 0 | G108: =I108+K108+M108 -> 4012 | I108: =TRUNC((K104*0.02),1) -> 4012 | K108: 0 | M108: 0
A110: =A103+1 -> 108 | B110: 강관절단(B종) | C110: D800㎜ | D110: 1 | E110: 개소 | G110: =I110+K110+M110 -> 205589 | I110: =TRUNC(I111+I112+I113+I114+I115,0) -> 21941 | K110: =TRUNC(K111+K112+K113+K114+K115,0) -> 183648 | M110: =TRUNC(M111+M112+M113+M114+M115,0) -> 0 | N110: =N103 -> 토목6-3-4
B111: 용 접 공(일 반) | D111: 0.65 | E111: 인 | F111: =H111+J111+L111 -> 282536 | G111: =I111+K111+M111 -> 183648.4 | J111: =노임!$D$7 -> 282536 | K111: =TRUNC(J111*D111,1) -> 183648.4 | L111: 0
B112: 산소 | C112: 99% 6000ℓ(기체) 40ℓ | D112: 1060 | E112: L | F112: =H112+J112+L112 -> 3.033 | G112: =I112+K112+M112 -> 3214.9 | H112: =자재조서!$D$12 -> 3.033 | I112: =TRUNC(H112*D112,1) -> 3214.9 | J112: 0 | L112: 0
B113: 아세칠렌 | C113: 98% (용접용) 1kg=853ℓ | D113: 0.53 | E113: KG | F113: =H113+J113+L113 -> 22200 | G113: =I113+K113+M113 -> 11766 | H113: =자재조서!$D$15 -> 22200 | I113: =TRUNC(H113*D113,1) -> 11766 | J113: 0 | L113: 0
B114: 연마숫돌 | C114: 355x3.5mm | D114: 1.97 | E114: 개 | F114: =H114+J114+L114 -> 1669 | G114: =I114+K114+M114 -> 3287.9 | H114: =자재조서!$D$16 -> 1669 | I114: =TRUNC(H114*D114,1) -> 3287.9 | J114: 0 | L114: 0
B115: 공구손료 및 경장비 | C115: 인력품의 | D115: 2 | E115: % | F115: =H115+J115+L115 -> 0 | G115: =I115+K115+M115 -> 3672.9 | I115: =TRUNC((K111*0.02),1) -> 3672.9 | K115: 0 | M115: 0
A117: =A110+1 -> 109 | B117: 강관절단(A종) | C117: D900㎜ | D117: 1 | E117: 개소 | G117: =I117+K117+M117 -> 249101 | I117: =TRUNC(I118+I119+I120+I121+I122,0) -> 25898 | K117: =TRUNC(K118+K119+K120+K121+K122,0) -> 223203 | M117: =TRUNC(M118+M119+M120+M121+M122,0) -> 0 | N117: =N110 -> 토목6-3-4
...

Sheet 플랜지
A1: 일위대가_호표_플랜지접합(접합부속 별도)
A2: 공 종 명 | C2: 규 격 | D2: 수량 | E2: 단위 | F2: 합 계 | H2: 재 료 비 | J2: 노 무 비 | L2: 경 비 | N2: 비 고
F3: 단 가 | G3: 금 액 | H3: 단 가 | I3: 금 액 | J3: 단 가 | K3: 금 액 | L3: 단 가 | M3: 금 액
A5: =절단!A65+1 -> 57 | B5: 플랜지조인트접합 | C5: D80㎜ | D5: 1 | E5: 개소 | G5: =I5+K5+M5 -> 21791 | I5: =TRUNC(I6+I7+I8+I9,0) -> 4890 | K5: =TRUNC(K6+K7+K8,0) -> 16570 | L5: =TRUNC(L6+L7+L8,0) -> 0 | M5: =TRUNC(M6+M7+M8,0) -> 331 | N5: 토목6-8-7
B6: 배 관 공 | C6: 수도 | D6: 0.05 | E6: 인 | F6: =H6+J6+L6 -> 262580 | G6: =I6+K6+M6 -> 13129 | H6: 0 | J6: =노임!$D$10 -> 262580 | K6: =TRUNC(J6*D6,1) -> 13129 | L6: 0
B7: 보통인부 | D7: 0.02 | E7: 인 | F7: =H7+J7+L7 -> 172068 | G7: =I7+K7+M7 -> 3441.3 | H7: 0 | J7: =노임!$D$3 -> 172068 | K7: =TRUNC(J7*D7,1) -> 3441.3 | L7: 0
B8: 공구손료 및 경장비 | C8: 노무비의 % | D8: 2 | E8: % | F8: =H8+J8+L8 -> 0 | G8: =I8+K8+M8 -> 331.4 | M8: =TRUNC((K6+K7)*D8%,1) -> 331.4
B9: 플랜지접합부속 | C9: D80㎜ | D9: 1 | E9: 조 | H9: =자재!D16 -> 4890 | I9: =TRUNC(H9*D9,1) -> 4890
A11: =A5+1 -> 58 | B11: 플랜지조인트접합 | C11: D100㎜ | D11: 1 | E11: 개소 | G11: =I11+K11+M11 -> 34948 | I11: =TRUNC(I12+I13+I14+I15,0) -> 9180 | K11: =TRUNC(K12+K13+K14,0) -> 25263 | L11: =TRUNC(L12+L13+L14,0) -> 0 | M11: =TRUNC(M12+M13+M14,0) -> 505 | N11: 토목6-8-7
B12: 배 관 공 | C12: 수도 | D12: 0.07 | E12: 인 | F12: =H12+J12+L12 -> 262580 | G12: =I12+K12+M12 -> 18380.6 | H12: 0 | J12: =노임!$D$10 -> 262580 | K12: =TRUNC(J12*D12,1) -> 18380.6 | L12: 0
B13: 보통인부 | D13: 0.04 | E13: 인 | F13: =H13+J13+L13 -> 172068 | G13: =I13+K13+M13 -> 6882.7 | H13: 0 | J13: =노임!$D$3 -> 172068 | K13: =TRUNC(J13*D13,1) -> 6882.7 | L13: 0
B14: 공구손료 및 경장비 | C14: 노무비의 % | D14: 2 | E14: % | F14: =H14+J14+L14 -> 0 | G14: =I14+K14+M14 -> 505.2 | M14: =TRUNC((K12+K13)*D14%,1) -> 505.2
B15: 플랜지접합부속 | C15: D100㎜ | D15: 1 | E15: 조 | H15: =자재!D17 -> 9180 | I15: =TRUNC(H15*D15,1) -> 9180
A17: =A11+1 -> 59 | B17: 플랜지조인트접합 | C17: D150㎜ | D17: 1 | E17: 개소 | G17: =I17+K17+M17 -> 47669 | I17: =TRUNC(I18+I19+I20+I21,0) -> 14790 | K17: =TRUNC(K18+K19+K20,0) -> 32235 | L17: =TRUNC(L18+L19+L20,0) -> 0 | M17: =TRUNC(M18+M19+M20,0) -> 644 | N17: 토목6-8-7
B18: 배 관 공 | C18: 수도 | D18: 0.09 | E18: 인 | F18: =H18+J18+L18 -> 262580 | G18: =I18+K18+M18 -> 23632.2 | H18: 0 | J18: =노임!$D$10 -> 262580 | K18: =TRUNC(J18*D18,1) -> 23632.2 | L18: 0
B19: 보통인부 | D19: 0.05 | E19: 인 | F19: =H19+J19+L19 -> 172068 | G19: =I19+K19+M19 -> 8603.4 | H19: 0 | J19: =노임!$D$3 -> 172068 | K19: =TRUNC(J19*D19,1) -> 8603.4 | L19: 0
B20: 공구손료 및 경장비 | C20: 노무비의 % | D20: 2 | E20: % | F20: =H20+J20+L20 -> 0 | G20: =I20+K20+M20 -> 644.7 | M20: =TRUNC((K18+K19)*D20%,1) -> 644.7
B21: 플랜지접합부속 | C21: D150㎜ | D21: 1 | E21: 조 | H21: =자재!D18 -> 14790 | I21: =TRUNC(H21*D21,1) -> 14790
A23: =A17+1 -> 60 | B23: 플랜지조인트접합 | C23: D200㎜ | D23: 1 | E23: 개소 | G23: =I23+K23+M23 -> 55991 | I23: =TRUNC(I24+I25+I26+I27,0) -> 16000 | K23: =TRUNC(K24+K25+K26,0) -> 39207 | L23: =TRUNC(L24+L25+L26,0) -> 0 | M23: =TRUNC(M24+M25+M26,0) -> 784 | N23: 토목6-8-7
B24: 배 관 공 | C24: 수도 | D24: 0.11 | E24: 인 | F24: =H24+J24+L24 -> 262580 | G24: =I24+K24+M24 -> 28883.8 | H24: 0 | J24: =노임!$D$10 -> 262580 | K24: =TRUNC(J24*D24,1) -> 28883.8 | L24: 0
B25: 보통인부 | D25: 0.06 | E25: 인 | F25: =H25+J25+L25 -> 172068 | G25: =I25+K25+M25 -> 10324 | H25: 0 | J25: =노임!$D$3 -> 172068 | K25: =TRUNC(J25*D25,1) -> 10324 | L25: 0
B26: 공구손료 및 경장비 | C26: 노무비의 % | D26: 2 | E26: % | F26: =H26+J26+L26 -> 0 | G26: =I26+K26+M26 -> 784.1 | M26: =TRUNC((K24+K25)*D26%,1) -> 784.1
B27: 플랜지접합부속 | C27: D200㎜ | D27: 1 | E27: 조 | H27: =자재!D19 -> 16000 | I27: =TRUNC(H27*D27,1) -> 16000
A29: =A23+1 -> 61 | B29: 플랜지조인트접합 | C29: D250㎜ | D29: 1 | E29: 개소 | G29: =I29+K29+M29 -> 74791 | I29: =TRUNC(I30+I31+I32+I33,0) -> 25010 | K29: =TRUNC(K30+K31+K32,0) -> 48805 | L29: =TRUNC(L30+L31+L32,0) -> 0 | M29: =TRUNC(M30+M31+M32,0) -> 976 | N29: 토목6-8-7
B30: 배 관 공 | C30: 수도 | D30: 0.14 | E30: 인 | F30: =H30+J30+L30 -> 262580 | G30: =I30+K30+M30 -> 36761.2 | H30: 0 | J30: =노임!$D$10 -> 262580 | K30: =TRUNC(J30*D30,1) -> 36761.2 | L30: 0
B31: 보통인부 | D31: 0.07 | E31: 인 | F31: =H31+J31+L31 -> 172068 | G31: =I31+K31+M31 -> 12044.7 | H31: 0 | J31: =노임!$D$3 -> 172068 | K31: =TRUNC(J31*D31,1) -> 12044.7 | L31: 0
B32: 공구손료 및 경장비 | C32: 노무비의 % | D32: 2 | E32: % | F32: =H32+J32+L32 -> 0 | G32: =I32+K32+M32 -> 976.1 | M32: =TRUNC((K30+K31)*D32%,1) -> 976.1
B33: 플랜지접합부속 | C33: D250㎜ | D33: 1 | E33: 조 | H33: =자재!D20 -> 25010 | I33: =TRUNC(H33*D33,1) -> 25010
A35: =A29+1 -> 62 | B35: 플랜지조인트접합 | C35: D300㎜ | D35: 1 | E35: 개소 | G35: =I35+K35+M35 -> 75651 | I35: =TRUNC(I36+I37+I38+I39,0) -> 25870 | K35: =TRUNC(K36+K37+K38,0) -> 48805 | L35: =TRUNC(L36+L37+L38,0) -> 0 | M35: =TRUNC(M36+M37+M38,0) -> 976 | N35: 토목6-8-7
B36: 배 관 공 | C36: 수도 | D36: 0.14 | E36: 인 | F36: =H36+J36+L36 -> 262580 | G36: =I36+K36+M36 -> 36761.2 | H36: 0 | J36: =노임!$D$10 -> 262580 | K36: =TRUNC(J36*D36,1) -> 36761.2 | L36: 0
B37: 보통인부 | D37: 0.07 | E37: 인 | F37: =H37+J37+L37 -> 172068 | G37: =I37+K37+M37 -> 12044.7 | H37: 0 | J37: =노임!$D$3 -> 172068 | K37: =TRUNC(J37*D37,1) -> 12044.7 | L37: 0
B38: 공구손료 및 경장비 | C38: 노무비의 % | D38: 2 | E38: % | F38: =H38+J38+L38 -> 0 | G38: =I38+K38+M38 -> 976.1 | M38: =TRUNC((K36+K37)*D38%,1) -> 976.1
B39: 플랜지접합부속 | C39: D300㎜ | D39: 1 | E39: 조 | H39: =자재!D21 -> 25870 | I39: =TRUNC(H39*D39,1) -> 25870
A41: =A35+1 -> 63 | B41: 플랜지조인트접합 | C41: D350㎜ | D41: 1 | E41: 개소 | G41: =I41+K41+M41 -> 89563 | I41: =TRUNC(I42+I43+I44+I45,0) -> 32670 | K41: =TRUNC(K42+K43+K44,0) -> 55778 | L41: =TRUNC(L42+L43+L44,0) -> 0 | M41: =TRUNC(M42+M43+M44,0) -> 1115 | N41: 토목6-8-7
B42: 배 관 공 | C42: 수도 | D42: 0.16 | E42: 인 | F42: =H42+J42+L42 -> 262580 | G42: =I42+K42+M42 -> 42012.8 | H42: 0 | J42: =노임!$D$10 -> 262580 | K42: =TRUNC(J42*D42,1) -> 42012.8 | L42: 0
B43: 보통인부 | D43: 0.08 | E43: 인 | F43: =H43+J43+L43 -> 172068 | G43: =I43+K43+M43 -> 13765.4 | H43: 0 | J43: =노임!$D$3 -> 172068 | K43: =TRUNC(J43*D43,1) -> 13765.4 | L43: 0
B44: 공구손료 및 경장비 | C44: 노무비의 % | D44: 2 | E44: % | F44: =H44+J44+L44 -> 0 | G44: =I44+K44+M44 -> 1115.5 | M44: =TRUNC((K42+K43)*D44%,1) -> 1115.5
B45: 플랜지접합부속 | C45: D350㎜ | D45: 1 | E45: 조 | H45: =자재!D22 -> 32670 | I45: =TRUNC(H45*D45,1) -> 32670
A47: =A41+1 -> 64 | B47: 플랜지조인트접합 | C47: D400㎜ | D47: 1 | E47: 개소 | G47: =I47+K47+M47 -> 112975 | I47: =TRUNC(I48+I49+I50+I51,0) -> 48970 | K47: =TRUNC(K48+K49+K50,0) -> 62750 | L47: =TRUNC(L48+L49+L50,0) -> 0 | M47: =TRUNC(M48+M49+M50,0) -> 1255 | N47: 토목6-8-7
B48: 배 관 공 | C48: 수도 | D48: 0.18 | E48: 인 | F48: =H48+J48+L48 -> 262580 | G48: =I48+K48+M48 -> 47264.4 | H48: 0 | J48: =노임!$D$10 -> 262580 | K48: =TRUNC(J48*D48,1) -> 47264.4 | L48: 0
B49: 보통인부 | D49: 0.09 | E49: 인 | F49: =H49+J49+L49 -> 172068 | G49: =I49+K49+M49 -> 15486.1 | H49: 0 | J49: =노임!$D$3 -> 172068 | K49: =TRUNC(J49*D49,1) -> 15486.1 | L49: 0
B50: 공구손료 및 경장비 | C50: 노무비의 % | D50: 2 | E50: % | F50: =H50+J50+L50 -> 0 | G50: =I50+K50+M50 -> 1255 | M50: =TRUNC((K48+K49)*D50%,1) -> 1255
B51: 플랜지접합부속 | C51: D400㎜ | D51: 1 | E51: 조 | H51: =자재!D23 -> 48970 | I51: =TRUNC(H51*D51,1) -> 48970
A53: =A47+1 -> 65 | B53: 플랜지조인트접합 | C53: D450㎜ | D53: 1 | E53: 개소 | G53: =I53+K53+M53 -> 134536 | I53: =TRUNC(I54+I55+I56+I57,0) -> 63420 | K53: =TRUNC(K54+K55+K56,0) -> 69722 | L53: =TRUNC(L54+L55+L56,0) -> 0 | M53: =TRUNC(M54+M55+M56,0) -> 1394 | N53: 토목6-8-7
B54: 배 관 공 | C54: 수도 | D54: 0.2 | E54: 인 | F54: =H54+J54+L54 -> 262580 | G54: =I54+K54+M54 -> 52516 | H54: 0 | J54: =노임!$D$10 -> 262580 | K54: =TRUNC(J54*D54,1) -> 52516 | L54: 0
B55: 보통인부 | D55: 0.1 | E55: 인 | F55: =H55+J55+L55 -> 172068 | G55: =I55+K55+M55 -> 17206.8 | H55: 0 | J55: =노임!$D$3 -> 172068 | K55: =TRUNC(J55*D55,1) -> 17206.8 | L55: 0
B56: 공구손료 및 경장비 | C56: 노무비의 % | D56: 2 | E56: % | F56: =H56+J56+L56 -> 0 | G56: =I56+K56+M56 -> 1394.4 | M56: =TRUNC((K54+K55)*D56%,1) -> 1394.4
B57: 플랜지접합부속 | C57: D450㎜ | D57: 1 | E57: 조 | H57: =자재!D24 -> 63420 | I57: =TRUNC(H57*D57,1) -> 63420
A59: =A53+1 -> 66 | B59: 플랜지조인트접합 | C59: D500㎜ | D59: 1 | E59: 개소 | G59: =I59+K59+M59 -> 141648 | I59: =TRUNC(I60+I61+I62+I63,0) -> 63420 | K59: =TRUNC(K60+K61+K62,0) -> 76695 | L59: =TRUNC(L60+L61+L62,0) -> 0 | M59: =TRUNC(M60+M61+M62,0) -> 1533 | N59: 토목6-8-7
B60: 배 관 공 | C60: 수도 | D60: 0.22 | E60: 인 | F60: =H60+J60+L60 -> 262580 | G60: =I60+K60+M60 -> 57767.6 | H60: 0 | J60: =노임!$D$10 -> 262580 | K60: =TRUNC(J60*D60,1) -> 57767.6 | L60: 0
B61: 보통인부 | D61: 0.11 | E61: 인 | F61: =H61+J61+L61 -> 172068 | G61: =I61+K61+M61 -> 18927.4 | H61: 0 | J61: =노임!$D$3 -> 172068 | K61: =TRUNC(J61*D61,1) -> 18927.4 | L61: 0
B62: 공구손료 및 경장비 | C62: 노무비의 % | D62: 2 | E62: % | F62: =H62+J62+L62 -> 0 | G62: =I62+K62+M62 -> 1533.9 | M62: =TRUNC((K60+K61)*D62%,1) -> 1533.9
B63: 플랜지접합부속 | C63: D500㎜ | D63: 1 | E63: 조 | H63: =자재!D25 -> 63420 | I63: =TRUNC(H63*D63,1) -> 63420
A65: =A59+1 -> 67 | B65: 플랜지조인트접합 | C65: D600㎜ | D65: 1 | E65: 개소 | G65: =I65+K65+M65 -> 221820 | I65: =TRUNC(I66+I67+I68+I69,0) -> 136480 | K65: =TRUNC(K66+K67+K68,0) -> 83667 | L65: =TRUNC(L66+L67+L68,0) -> 0 | M65: =TRUNC(M66+M67+M68,0) -> 1673 | N65: 토목6-8-7
B66: 배 관 공 | C66: 수도 | D66: 0.24 | E66: 인 | F66: =H66+J66+L66 -> 262580 | G66: =I66+K66+M66 -> 63019.2 | H66: 0 | J66: =노임!$D$10 -> 262580 | K66: =TRUNC(J66*D66,1) -> 63019.2 | L66: 0
B67: 보통인부 | D67: 0.12 | E67: 인 | F67: =H67+J67+L67 -> 172068 | G67: =I67+K67+M67 -> 20648.1 | H67: 0 | J67: =노임!$D$3 -> 172068 | K67: =TRUNC(J67*D67,1) -> 20648.1 | L67: 0
B68: 공구손료 및 경장비 | C68: 노무비의 % | D68: 2 | E68: % | F68: =H68+J68+L68 -> 0 | G68: =I68+K68+M68 -> 1673.3 | M68: =TRUNC((K66+K67)*D68%,1) -> 1673.3
B69: 플랜지접합부속 | C69: D600㎜ | D69: 1 | E69: 조 | H69: =자재!D26 -> 136480 | I69: =TRUNC(H69*D69,1) -> 136480
A71: =A65+1 -> 68 | B71: 플랜지조인트접합 | C71: D700㎜ | D71: 1 | E71: 개소 | G71: =I71+K71+M71 -> 261425 | I71: =TRUNC(I72+I73+I74+I75,0) -> 164540 | K71: =TRUNC(K72+K73+K74,0) -> 94986 | L71: =TRUNC(L72+L73+L74,0) -> 0 | M71: =TRUNC(M72+M73+M74,0) -> 1899 | N71: 토목6-8-7
B72: 배 관 공 | C72: 수도 | D72: 0.27 | E72: 인 | F72: =H72+J72+L72 -> 262580 | G72: =I72+K72+M72 -> 70896.6 | H72: 0 | J72: =노임!$D$10 -> 262580 | K72: =TRUNC(J72*D72,1) -> 70896.6 | L72: 0
B73: 보통인부 | D73: 0.14 | E73: 인 | F73: =H73+J73+L73 -> 172068 | G73: =I73+K73+M73 -> 24089.5 | H73: 0 | J73: =노임!$D$3 -> 172068 | K73: =TRUNC(J73*D73,1) -> 24089.5 | L73: 0
B74: 공구손료 및 경장비 | C74: 노무비의 % | D74: 2 | E74: % | F74: =H74+J74+L74 -> 0 | G74: =I74+K74+M74 -> 1899.7 | M74: =TRUNC((K72+K73)*D74%,1) -> 1899.7
B75: 플랜지접합부속 | C75: D700㎜ | D75: 1 | E75: 조 | H75: =자재!D27 -> 164540 | I75: =TRUNC(H75*D75,1) -> 164540
A77: =A71+1 -> 69 | B77: 플랜지조인트접합 | C77: D800㎜ | D77: 1 | E77: 개소 | G77: =I77+K77+M77 -> 102241 | I77: =TRUNC(I78+I79+I80+I81,0) -> 0 | K77: =TRUNC(K78+K79+K80,0) -> 100237 | L77: =TRUNC(L78+L79+L80,0) -> 0 | M77: =TRUNC(M78+M79+M80,0) -> 2004 | N77: 토목6-8-7
B78: 배 관 공 | C78: 수도 | D78: 0.29 | E78: 인 | F78: =H78+J78+L78 -> 262580 | G78: =I78+K78+M78 -> 76148.2 | H78: 0 | J78: =노임!$D$10 -> 262580 | K78: =TRUNC(J78*D78,1) -> 76148.2 | L78: 0
B79: 보통인부 | D79: 0.14 | E79: 인 | F79: =H79+J79+L79 -> 172068 | G79: =I79+K79+M79 -> 24089.5 | H79: 0 | J79: =노임!$D$3 -> 172068 | K79: =TRUNC(J79*D79,1) -> 24089.5 | L79: 0
B80: 공구손료 및 경장비 | C80: 노무비의 % | D80: 2 | E80: % | F80: =H80+J80+L80 -> 0 | G80: =I80+K80+M80 -> 2004.7 | M80: =TRUNC((K78+K79)*D80%,1) -> 2004.7
B81: 플랜지접합부속 | C81: D800㎜ | D81: 1 | E81: 조 | H81: =자재!D28 -> 0 | I81: =TRUNC(H81*D81,1) -> 0
A83: =A77+1 -> 70 | B83: 플랜지조인트접합 | C83: D900㎜ | D83: 1 | E83: 개소 | G83: =I83+K83+M83 -> 412364 | I83: =TRUNC(I84+I85+I86+I87,0) -> 303010 | K83: =TRUNC(K84+K85+K86,0) -> 107210 | L83: =TRUNC(L84+L85+L86,0) -> 0 | M83: =TRUNC(M84+M85+M86,0) -> 2144 | N83: 토목6-8-7
B84: 배 관 공 | C84: 수도 | D84: 0.31 | E84: 인 | F84: =H84+J84+L84 -> 262580 | G84: =I84+K84+M84 -> 81399.8 | H84: 0 | J84: =노임!$D$10 -> 262580 | K84: =TRUNC(J84*D84,1) -> 81399.8 | L84: 0
B85: 보통인부 | D85: 0.15 | E85: 인 | F85: =H85+J85+L85 -> 172068 | G85: =I85+K85+M85 -> 25810.2 | H85: 0 | J85: =노임!$D$3 -> 172068 | K85: =TRUNC(J85*D85,1) -> 25810.2 | L85: 0
B86: 공구손료 및 경장비 | C86: 노무비의 % | D86: 2 | E86: % | F86: =H86+J86+L86 -> 0 | G86: =I86+K86+M86 -> 2144.2 | M86: =TRUNC((K84+K85)*D86%,1) -> 2144.2
B87: 플랜지접합부속 | C87: D900㎜ | D87: 1 | E87: 조 | H87: =자재!D29 -> 303010 | I87: =TRUNC(H87*D87,1) -> 303010
A89: =A83+1 -> 71 | B89: 플랜지조인트접합 | C89: D1000㎜ | D89: 1 | E89: 개소 | G89: =I89+K89+M89 -> 123577 | I89: =TRUNC(I90+I91+I92+I93,0) -> 0 | K89: =TRUNC(K90+K91+K92,0) -> 121154 | L89: =TRUNC(L90+L91+L92,0) -> 0 | M89: =TRUNC(M90+M91+M92,0) -> 2423 | N89: 토목6-8-7
B90: 배 관 공 | C90: 수도 | D90: 0.35 | E90: 인 | F90: =H90+J90+L90 -> 262580 | G90: =I90+K90+M90 -> 91903 | H90: 0 | J90: =노임!$D$10 -> 262580 | K90: =TRUNC(J90*D90,1) -> 91903 | L90: 0
B91: 보통인부 | D91: 0.17 | E91: 인 | F91: =H91+J91+L91 -> 172068 | G91: =I91+K91+M91 -> 29251.5 | H91: 0 | J91: =노임!$D$3 -> 172068 | K91: =TRUNC(J91*D91,1) -> 29251.5 | L91: 0
B92: 공구손료 및 경장비 | C92: 노무비의 % | D92: 2 | E92: % | F92: =H92+J92+L92 -> 0 | G92: =I92+K92+M92 -> 2423 | M92: =TRUNC((K90+K91)*D92%,1) -> 2423
B93: 플랜지접합부속 | C93: D1000㎜ | D93: 1 | E93: 조 | H93: =자재!D30 -> 0 | I93: =TRUNC(H93*D93,1) -> 0
A95: =A89+1 -> 72 | B95: 플랜지조인트접합 | C95: D1100㎜ | D95: 1 | E95: 개소 | G95: =I95+K95+M95 -> 132906 | I95: =TRUNC(I96+I97+I98+I99,0) -> 0 | K95: =TRUNC(K96+K97+K98,0) -> 130300 | L95: =TRUNC(L96+L97+L98,0) -> 0 | M95: =TRUNC(M96+M97+M98,0) -> 2606
B96: 배 관 공 | C96: 수도 | D96: 0.375 | E96: 인 | F96: =H96+J96+L96 -> 262580 | G96: =I96+K96+M96 -> 98467.5 | H96: 0 | J96: =노임!$D$10 -> 262580 | K96: =TRUNC(J96*D96,1) -> 98467.5 | L96: 0
B97: 보통인부 | D97: 0.185 | E97: 인 | F97: =H97+J97+L97 -> 172068 | G97: =I97+K97+M97 -> 31832.5 | H97: 0 | J97: =노임!$D$3 -> 172068 | K97: =TRUNC(J97*D97,1) -> 31832.5 | L97: 0
B98: 공구손료 및 경장비 | C98: 노무비의 % | D98: 2 | E98: % | F98: =H98+J98+L98 -> 0 | G98: =I98+K98+M98 -> 2606 | M98: =TRUNC((K96+K97)*D98%,1) -> 2606
B99: 플랜지접합부속 | C99: D1100㎜ | D99: 1 | E99: 조 | H99: =자재!D31 -> 0 | I99: =TRUNC(H99*D99,1) -> 0
A101: =A95+1 -> 73 | B101: 플랜지조인트접합 | C101: D1200㎜ | D101: 1 | E101: 개소 | G101: =I101+K101+M101 -> 693143 | I101: =TRUNC(I102+I103+I104+I105,0) -> 550910 | K101: =TRUNC(K102+K103+K104,0) -> 139445 | L101: =TRUNC(L102+L103+L104,0) -> 0 | M101: =TRUNC(M102+M103+M104,0) -> 2788 | N101: 토목6-8-7
B102: 배 관 공 | C102: 수도 | D102: 0.4 | E102: 인 | F102: =H102+J102+L102 -> 262580 | G102: =I102+K102+M102 -> 105032 | H102: 0 | J102: =노임!$D$10 -> 262580 | K102: =TRUNC(J102*D102,1) -> 105032 | L102: 0
B103: 보통인부 | D103: 0.2 | E103: 인 | F103: =H103+J103+L103 -> 172068 | G103: =I103+K103+M103 -> 34413.6 | H103: 0 | J103: =노임!$D$3 -> 172068 | K103: =TRUNC(J103*D103,1) -> 34413.6 | L103: 0
B104: 공구손료 및 경장비 | C104: 노무비의 % | D104: 2 | E104: % | F104: =H104+J104+L104 -> 0 | G104: =I104+K104+M104 -> 2788.9 | M104: =TRUNC((K102+K103)*D104%,1) -> 2788.9
B105: 플랜지접합부속 | C105: D1200㎜ | D105: 1 | E105: 조 | H105: =자재!D32 -> 550910 | I105: =TRUNC(H105*D105,1) -> 550910
A107: =A101+1 -> 74 | B107: 플랜지조인트접합 | C107: D1350㎜ | D107: 1 | E107: 개소 | G107: =I107+K107+M107 -> 146667 | I107: =TRUNC(I108+I109+I110+I111,0) -> 0 | K107: =TRUNC(K108+K109+K110,0) -> 143792 | L107: =TRUNC(L108+L109+L110,0) -> 0 | M107: =TRUNC(M108+M109+M110,0) -> 2875 | N107: 토목6-8-7
B108: 배 관 공 | C108: 수도 | D108: 0.41 | E108: 인 | F108: =H108+J108+L108 -> 262580 | G108: =I108+K108+M108 -> 107657.8 | H108: 0 | J108: =노임!$D$10 -> 262580 | K108: =TRUNC(J108*D108,1) -> 107657.8 | L108: 0
B109: 보통인부 | D109: 0.21 | E109: 인 | F109: =H109+J109+L109 -> 172068 | G109: =I109+K109+M109 -> 36134.2 | H109: 0 | J109: =노임!$D$3 -> 172068 | K109: =TRUNC(J109*D109,1) -> 36134.2 | L109: 0
B110: 공구손료 및 경장비 | C110: 노무비의 % | D110: 2 | E110: % | F110: =H110+J110+L110 -> 0 | G110: =I110+K110+M110 -> 2875.8 | M110: =TRUNC((K108+K109)*D110%,1) -> 2875.8
B111: 플랜지접합부속 | C111: D1350㎜ | D111: 1 | E111: 조 | I111: =TRUNC(H111*D111,1) -> 0
A113: =A107+1 -> 75 | B113: 플랜지조인트접합 | C113: D1500㎜ | D113: 1 | E113: 개소 | G113: =I113+K113+M113 -> 163569 | I113: =TRUNC(I114+I115+I116+I117,0) -> 0 | K113: =TRUNC(K114+K115+K116,0) -> 160362 | L113: =TRUNC(L114+L115+L116,0) -> 0 | M113: =TRUNC(M114+M115+M116,0) -> 3207 | N113: 토목6-8-7
B114: 배 관 공 | C114: 수도 | D114: 0.46 | E114: 인 | F114: =H114+J114+L114 -> 262580 | G114: =I114+K114+M114 -> 120786.8 | H114: 0 | J114: =노임!$D$10 -> 262580 | K114: =TRUNC(J114*D114,1) -> 120786.8 | L114: 0
B115: 보통인부 | D115: 0.23 | E115: 인 | F115: =H115+J115+L115 -> 172068 | G115: =I115+K115+M115 -> 39575.6 | H115: 0 | J115: =노임!$D$3 -> 172068 | K115: =TRUNC(J115*D115,1) -> 39575.6 | L115: 0
B116: 공구손료 및 경장비 | C116: 노무비의 % | D116: 2 | E116: % | F116: =H116+J116+L116 -> 0 | G116: =I116+K116+M116 -> 3207.2 | M116: =TRUNC((K114+K115)*D116%,1) -> 3207.2
B117: 플랜지접합부속 | C117: D1500㎜ | D117: 1 | E117: 조 | I117: =TRUNC(H117*D117,1) -> 0
A119: =A113+1 -> 76 | B119: 플랜지조인트접합 | C119: D1650㎜ | D119: 1 | E119: 개소 | G119: =I119+K119+M119 -> 184904 | I119: =TRUNC(I120+I121+I122+I123,0) -> 0 | K119: =TRUNC(K120+K121+K122,0) -> 181279 | L119: =TRUNC(L120+L121+L122,0) -> 0 | M119: =TRUNC(M120+M121+M122,0) -> 3625 | N119: 토목6-8-7
B120: 배 관 공 | C120: 수도 | D120: 0.52 | E120: 인 | F120: =H120+J120+L120 -> 262580 | G120: =I120+K120+M120 -> 136541.6 | H120: 0 | J120: =노임!$D$10 -> 262580 | K120: =TRUNC(J120*D120,1) -> 136541.6 | L120: 0
...

Sheet 목록(주철관)
A1: 일위대가목록
A2: 공 종 명 | C2: 규 격 | D2: 수 량 | E2: 단 위 | G2: 합 계 | I2: 재 료 비 | K2: 노 무 비 | M2: 경 비 | N2: 비 고
A4: =KP메카니컬접합부설!A5 -> 1 | B4: =KP메카니컬접합부설!B5 -> K.P메카니컬 접합 및 부설 | C4: =KP메카니컬접합부설!C5 -> D80㎜(인력) | D4: 1 | E4: nr | G4: =I4+K4+M4 -> 76761 | I4: =KP메카니컬접합부설!I5 -> 0 | K4: =KP메카니컬접합부설!K5 -> 73809 | M4: =KP메카니컬접합부설!M5 -> 2952
A5: =KP메카니컬접합부설!A12 -> 2 | B5: =KP메카니컬접합부설!B12 -> K.P메카니컬 접합 및 부설 | C5: =KP메카니컬접합부설!C12 -> D80㎜(인력), 이탈방지압륜 | D5: 1 | E5: nr | G5: =I5+K5+M5 -> 99789.8 | I5: =KP메카니컬접합부설!I12 -> 0 | K5: =KP메카니컬접합부설!K12 -> 95951.9 | M5: =KP메카니컬접합부설!M12 -> 3837.9
A6: =KP메카니컬접합부설!A20 -> 3 | B6: =KP메카니컬접합부설!B20 -> K.P메카니컬 접합 및 부설 | C6: =KP메카니컬접합부설!C20 -> D80㎜ | D6: 1 | E6: nr | G6: =I6+K6+M6 -> 0 | I6: =KP메카니컬접합부설!I20 -> 0 | K6: =KP메카니컬접합부설!K20 -> 0 | M6: =KP메카니컬접합부설!M20 -> 0
A7: =KP메카니컬접합부설!A27 -> 4 | B7: =KP메카니컬접합부설!B27 -> K.P메카니컬 접합 및 부설 | C7: =KP메카니컬접합부설!C27 -> D80㎜, 이탈방지압륜 | D7: 1 | E7: nr | G7: =I7+K7+M7 -> 0 | I7: =KP메카니컬접합부설!I27 -> 0 | K7: =KP메카니컬접합부설!K27 -> 0 | M7: =KP메카니컬접합부설!M27 -> 0
A8: =KP메카니컬접합부설!A35 -> 5 | B8: =KP메카니컬접합부설!B35 -> K.P메카니컬 접합 및 부설 | C8: =KP메카니컬접합부설!C35 -> D100㎜(인력) | D8: 1 | E8: nr | G8: =I8+K8+M8 -> 83150 | I8: =KP메카니컬접합부설!I35 -> 0 | K8: =KP메카니컬접합부설!K35 -> 79952 | M8: =KP메카니컬접합부설!M35 -> 3198
A9: =KP메카니컬접합부설!A42 -> 6 | B9: =KP메카니컬접합부설!B42 -> K.P메카니컬 접합 및 부설 | C9: =KP메카니컬접합부설!C42 -> D100㎜(인력), 이탈방지압륜 | D9: 1 | E9: nr | G9: =I9+K9+M9 -> 108095 | I9: =KP메카니컬접합부설!I42 -> 0 | K9: =KP메카니컬접합부설!K42 -> 103937.6 | M9: =KP메카니컬접합부설!M42 -> 4157.4
A10: =KP메카니컬접합부설!A50 -> 7 | B10: =KP메카니컬접합부설!B50 -> K.P메카니컬 접합 및 부설 | C10: =KP메카니컬접합부설!C50 -> D100㎜이하 | D10: 1 | E10: nr | G10: =I10+K10+M10 -> 0 | I10: =KP메카니컬접합부설!I50 -> 0 | K10: =KP메카니컬접합부설!K50 -> 0 | M10: =KP메카니컬접합부설!M50 -> 0
A11: =KP메카니컬접합부설!A57 -> 8 | B11: =KP메카니컬접합부설!B57 -> K.P메카니컬 접합 및 부설 | C11: =KP메카니컬접합부설!C57 -> D100㎜, 이탈방지압륜 | D11: 1 | E11: nr | G11: =I11+K11+M11 -> 0 | I11: =KP메카니컬접합부설!I57 -> 0 | K11: =KP메카니컬접합부설!K57 -> 0 | M11: =KP메카니컬접합부설!M57 -> 0
A12: =KP메카니컬접합부설!A65 -> 9 | B12: =KP메카니컬접합부설!B65 -> K.P메카니컬 접합 및 부설 | C12: =KP메카니컬접합부설!C65 -> D150㎜(인력) | D12: 1 | E12: nr | G12: =I12+K12+M12 -> 141239 | I12: =KP메카니컬접합부설!I65 -> 0 | K12: =KP메카니컬접합부설!K65 -> 135807 | M12: =KP메카니컬접합부설!M65 -> 5432
A13: =KP메카니컬접합부설!A72 -> 10 | B13: =KP메카니컬접합부설!B72 -> K.P메카니컬 접합 및 부설 | C13: =KP메카니컬접합부설!C72 -> D150㎜(인력), 이탈방지압륜 | D13: 1 | E13: nr | G13: =I13+K13+M13 -> 183611.2 | I13: =KP메카니컬접합부설!I72 -> 0 | K13: =KP메카니컬접합부설!K72 -> 176549.4 | M13: =KP메카니컬접합부설!M72 -> 7061.8
A14: =KP메카니컬접합부설!A80 -> 11 | B14: =KP메카니컬접합부설!B80 -> K.P메카니컬 접합 및 부설 | C14: =KP메카니컬접합부설!C80 -> D150㎜ | D14: 1 | E14: nr | G14: =I14+K14+M14 -> 104035 | I14: =KP메카니컬접합부설!I80 -> 10238 | K14: =KP메카니컬접합부설!K80 -> 78215 | M14: =KP메카니컬접합부설!M80 -> 15582
A15: =KP메카니컬접합부설!A87 -> 12 | B15: =KP메카니컬접합부설!B87 -> K.P메카니컬 접합 및 부설 | C15: =KP메카니컬접합부설!C87 -> D150㎜, 이탈방지압륜 | D15: 1 | E15: nr | G15: =I15+K15+M15 -> 135247.9 | I15: =KP메카니컬접합부설!I87 -> 13310.5 | K15: =KP메카니컬접합부설!K87 -> 101679.7 | M15: =KP메카니컬접합부설!M87 -> 20257.7
A16: =KP메카니컬접합부설!A95 -> 13 | B16: =KP메카니컬접합부설!B95 -> K.P메카니컬 접합 및 부설 | C16: =KP메카니컬접합부설!C95 -> D200㎜ | D16: 1 | E16: nr | G16: =I16+K16+M16 -> 132449 | I16: =KP메카니컬접합부설!I95 -> 13035 | K16: =KP메카니컬접합부설!K95 -> 99576 | M16: =KP메카니컬접합부설!M95 -> 19838
A17: =KP메카니컬접합부설!A102 -> 14 | B17: =KP메카니컬접합부설!B102 -> K.P메카니컬 접합 및 부설 | C17: =KP메카니컬접합부설!C102 -> D200㎜, 이탈방지압륜 | D17: 1 | E17: nr | G17: =I17+K17+M17 -> 172185.5 | I17: =KP메카니컬접합부설!I102 -> 16945.7 | K17: =KP메카니컬접합부설!K102 -> 129449.4 | M17: =KP메카니컬접합부설!M102 -> 25790.4
A18: =KP메카니컬접합부설!A110 -> 15 | B18: =KP메카니컬접합부설!B110 -> K.P메카니컬 접합 및 부설 | C18: =KP메카니컬접합부설!C110 -> D250㎜ | D18: 1 | E18: nr | G18: =I18+K18+M18 -> 145709 | I18: =KP메카니컬접합부설!I110 -> 14340 | K18: =KP메카니컬접합부설!K110 -> 109545 | M18: =KP메카니컬접합부설!M110 -> 21824
A19: =KP메카니컬접합부설!A117 -> 16 | B19: =KP메카니컬접합부설!B117 -> K.P메카니컬 접합 및 부설 | C19: =KP메카니컬접합부설!C117 -> D250㎜, 이탈방지압륜 | D19: 1 | E19: nr | G19: =I19+K19+M19 -> 189423.2 | I19: =KP메카니컬접합부설!I117 -> 18642.2 | K19: =KP메카니컬접합부설!K117 -> 142408.7 | M19: =KP메카니컬접합부설!M117 -> 28372.3
A20: =KP메카니컬접합부설!A125 -> 17 | B20: =KP메카니컬접합부설!B125 -> K.P메카니컬 접합 및 부설 | C20: =KP메카니컬접합부설!C125 -> D300㎜ | D20: 1 | E20: nr | G20: =I20+K20+M20 -> 182137 | I20: =KP메카니컬접합부설!I125 -> 17925 | K20: =KP메카니컬접합부설!K125 -> 136931 | M20: =KP메카니컬접합부설!M125 -> 27281
A21: =KP메카니컬접합부설!A132 -> 18 | B21: =KP메카니컬접합부설!B132 -> K.P메카니컬 접합 및 부설 | C21: =KP메카니컬접합부설!C132 -> D300㎜, 이탈방지압륜 | D21: 1 | E21: nr | G21: =I21+K21+M21 -> 236779 | I21: =KP메카니컬접합부설!I132 -> 23302.7 | K21: =KP메카니컬접합부설!K132 -> 178010.9 | M21: =KP메카니컬접합부설!M132 -> 35465.4
A22: =KP메카니컬접합부설!A140 -> 19 | B22: =KP메카니컬접합부설!B140 -> K.P메카니컬 접합 및 부설 | C22: =KP메카니컬접합부설!C140 -> D350㎜ | D22: 1 | E22: nr | G22: =I22+K22+M22 -> 202340 | I22: =KP메카니컬접합부설!I140 -> 16864 | K22: =KP메카니컬접합부설!K140 -> 159704 | M22: =KP메카니컬접합부설!M140 -> 25772
A23: =KP메카니컬접합부설!A147 -> 20 | B23: =KP메카니컬접합부설!B147 -> K.P메카니컬 접합 및 부설 | C23: =KP메카니컬접합부설!C147 -> D350㎜, 이탈방지압륜 | D23: 1 | E23: nr | G23: =I23+K23+M23 -> 263043.2 | I23: =KP메카니컬접합부설!I147 -> 21923.2 | K23: =KP메카니컬접합부설!K147 -> 207615.8 | M23: =KP메카니컬접합부설!M147 -> 33504.2
A24: =KP메카니컬접합부설!A155 -> 21 | B24: =KP메카니컬접합부설!B155 -> K.P메카니컬 접합 및 부설 | C24: =KP메카니컬접합부설!C155 -> D400㎜ | D24: 1 | E24: nr | G24: =I24+K24+M24 -> 229353 | I24: =KP메카니컬접합부설!I155 -> 19115 | K24: =KP메카니컬접합부설!K155 -> 181025 | M24: =KP메카니컬접합부설!M155 -> 29213
A25: =KP메카니컬접합부설!A162 -> 22 | B25: =KP메카니컬접합부설!B162 -> K.P메카니컬 접합 및 부설 | C25: =KP메카니컬접합부설!C162 -> D400㎜, 이탈방지압륜 | D25: 1 | E25: nr | G25: =I25+K25+M25 -> 298160.3 | I25: =KP메카니컬접합부설!I162 -> 24850 | K25: =KP메카니컬접합부설!K162 -> 235333.2 | M25: =KP메카니컬접합부설!M162 -> 37977.1
A26: =KP메카니컬접합부설!A170 -> 23 | B26: =KP메카니컬접합부설!B170 -> K.P메카니컬 접합 및 부설 | C26: =KP메카니컬접합부설!C170 -> D450㎜ | D26: 1 | E26: nr | G26: =I26+K26+M26 -> 264625 | I26: =KP메카니컬접합부설!I170 -> 22055 | K26: =KP메카니컬접합부설!K170 -> 208865 | M26: =KP메카니컬접합부설!M170 -> 33705
A27: =KP메카니컬접합부설!A177 -> 24 | B27: =KP메카니컬접합부설!B177 -> K.P메카니컬 접합 및 부설 | C27: =KP메카니컬접합부설!C177 -> D450㎜, 이탈방지압륜 | D27: 1 | E27: nr | G27: =I27+K27+M27 -> 344014.1 | I27: =KP메카니컬접합부설!I177 -> 28671.7 | K27: =KP메카니컬접합부설!K177 -> 271524.8 | M27: =KP메카니컬접합부설!M177 -> 43817.6
A28: =KP메카니컬접합부설!A185 -> 25 | B28: =KP메카니컬접합부설!B185 -> K.P메카니컬 접합 및 부설 | C28: =KP메카니컬접합부설!C185 -> D500㎜ | D28: 1 | E28: nr | G28: =I28+K28+M28 -> 286821 | I28: =KP메카니컬접합부설!I185 -> 23905 | K28: =KP메카니컬접합부설!K185 -> 226383 | M28: =KP메카니컬접합부설!M185 -> 36533
A29: =KP메카니컬접합부설!A192 -> 26 | B29: =KP메카니컬접합부설!B192 -> K.P메카니컬 접합 및 부설 | C29: =KP메카니컬접합부설!C192 -> D500㎜, 이탈방지압륜 | D29: 1 | E29: nr | G29: =I29+K29+M29 -> 372868.5 | I29: =KP메카니컬접합부설!I192 -> 31076.6 | K29: =KP메카니컬접합부설!K192 -> 294299 | M29: =KP메카니컬접합부설!M192 -> 47492.9
A30: =KP메카니컬접합부설!A200 -> 27 | B30: =KP메카니컬접합부설!B200 -> K.P메카니컬 접합 및 부설 | C30: =KP메카니컬접합부설!C200 -> D600㎜ | D30: 1 | E30: nr | G30: =I30+K30+M30 -> 344116 | I30: =KP메카니컬접합부설!I200 -> 28680 | K30: =KP메카니컬접합부설!K200 -> 271606 | M30: =KP메카니컬접합부설!M200 -> 43830
A31: =KP메카니컬접합부설!A207 -> 28 | B31: =KP메카니컬접합부설!B207 -> K.P메카니컬 접합 및 부설 | C31: =KP메카니컬접합부설!C207 -> D600㎜, 이탈방지압륜 | D31: 1 | E31: nr | G31: =I31+K31+M31 -> 447352.8 | I31: =KP메카니컬접합부설!I207 -> 37284.5 | K31: =KP메카니컬접합부설!K207 -> 353088.3 | M31: =KP메카니컬접합부설!M207 -> 56980
A32: =KP메카니컬접합부설!A215 -> 29 | B32: =KP메카니컬접합부설!B215 -> K.P메카니컬 접합 및 부설 | C32: =KP메카니컬접합부설!C215 -> D700㎜ | D32: 1 | E32: 개소 | G32: =I32+K32+M32 -> 409763 | I32: =KP메카니컬접합부설!I215 -> 30629 | K32: =KP메카니컬접합부설!K215 -> 324122 | M32: =KP메카니컬접합부설!M215 -> 55012
A33: =KP메카니컬접합부설!A222 -> 30 | B33: =KP메카니컬접합부설!B222 -> K.P메카니컬 접합 및 부설 | C33: =KP메카니컬접합부설!C222 -> D700㎜, 이탈방지압륜 | D33: 1 | E33: 개소 | G33: =I33+K33+M33 -> 514493.5 | I33: =KP메카니컬접합부설!I222 -> 37284.5 | K33: =KP메카니컬접합부설!K222 -> 421359.1 | M33: =KP메카니컬접합부설!M222 -> 55849.9
A34: =KP메카니컬접합부설!A230 -> 31 | B34: =KP메카니컬접합부설!B230 -> K.P메카니컬 접합 및 부설 | C34: =KP메카니컬접합부설!C230 -> D800㎜ | D34: 1 | E34: 개소 | G34: =I34+K34+M34 -> 455247 | I34: =KP메카니컬접합부설!I230 -> 34029 | K34: =KP메카니컬접합부설!K230 -> 360099 | M34: =KP메카니컬접합부설!M230 -> 61119
A35: =KP메카니컬접합부설!A237 -> 32 | B35: =KP메카니컬접합부설!B237 -> K.P메카니컬 접합 및 부설 | C35: =KP메카니컬접합부설!C237 -> D800㎜, 이탈방지압륜 | D35: 1 | E35: 개소 | G35: =I35+K35+M35 -> 571602 | I35: =KP메카니컬접합부설!I237 -> 41423 | K35: =KP메카니컬접합부설!K237 -> 468129.8 | M35: =KP메카니컬접합부설!M237 -> 62049.2
A36: =KP메카니컬접합부설!A245 -> 33 | B36: =KP메카니컬접합부설!B245 -> K.P메카니컬 접합 및 부설 | C36: =KP메카니컬접합부설!C245 -> D900㎜ | D36: 1 | E36: 개소 | G36: =I36+K36+M36 -> 512204 | I36: =KP메카니컬접합부설!I245 -> 38286 | K36: =KP메카니컬접합부설!K245 -> 405153 | M36: =KP메카니컬접합부설!M245 -> 68765
A37: =KP메카니컬접합부설!A252 -> 34 | B37: =KP메카니컬접합부설!B252 -> K.P메카니컬 접합 및 부설 | C37: =KP메카니컬접합부설!C252 -> D900㎜, 이탈방지압륜 | D37: 1 | E37: 개소 | G37: =I37+K37+M37 -> 643116.9 | I37: =KP메카니컬접합부설!I252 -> 46605.6 | K37: =KP메카니컬접합부설!K252 -> 526698.9 | M37: =KP메카니컬접합부설!M252 -> 69812.4
A38: =KP메카니컬접합부설!A260 -> 35 | B38: =KP메카니컬접합부설!B260 -> K.P메카니컬 접합 및 부설 | C38: =KP메카니컬접합부설!C260 -> D1000㎜ | D38: 1 | E38: 개소 | G38: =I38+K38+M38 -> 585347 | I38: =KP메카니컬접합부설!I260 -> 43754 | K38: =KP메카니컬접합부설!K260 -> 463008 | M38: =KP메카니컬접합부설!M260 -> 78585
A39: =KP메카니컬접합부설!A267 -> 36 | B39: =KP메카니컬접합부설!B267 -> K.P메카니컬 접합 및 부설 | C39: =KP메카니컬접합부설!C267 -> D1000㎜, 이탈방지압륜 | D39: 1 | E39: 개소 | G39: =I39+K39+M39 -> 734953.8 | I39: =KP메카니컬접합부설!I267 -> 53260.8 | K39: =KP메카니컬접합부설!K267 -> 601911.4 | M39: =KP메카니컬접합부설!M267 -> 79781.6
A40: =KP메카니컬접합부설!A275 -> 37 | B40: =KP메카니컬접합부설!B275 -> K.P메카니컬 접합 및 부설 | C40: =KP메카니컬접합부설!C275 -> D1100㎜ | D40: 1 | E40: 개소 | G40: =I40+K40+M40 -> 682871 | I40: =KP메카니컬접합부설!I275 -> 51044 | K40: =KP메카니컬접합부설!K275 -> 540149 | M40: =KP메카니컬접합부설!M275 -> 91678
A41: =KP메카니컬접합부설!A282 -> 38 | B41: =KP메카니컬접합부설!B282 -> K.P메카니컬 접합 및 부설 | C41: =KP메카니컬접합부설!C282 -> D1100㎜, 이탈방지압륜 | D41: 1 | E41: 개소 | G41: =I41+K41+M41 -> 857403.3 | I41: =KP메카니컬접합부설!I282 -> 62134.5 | K41: =KP메카니컬접합부설!K282 -> 702194.8 | M41: =KP메카니컬접합부설!M282 -> 93074
A42: =KP메카니컬접합부설!A290 -> 39 | B42: =KP메카니컬접합부설!B290 -> K.P메카니컬 접합 및 부설 | C42: =KP메카니컬접합부설!C290 -> D1200㎜ | D42: 1 | E42: 개소 | G42: =I42+K42+M42 -> 682871 | I42: =KP메카니컬접합부설!I290 -> 51044 | K42: =KP메카니컬접합부설!K290 -> 540149 | M42: =KP메카니컬접합부설!M290 -> 91678
A43: =KP메카니컬접합부설!A297 -> 40 | B43: =KP메카니컬접합부설!B297 -> K.P메카니컬 접합 및 부설 | C43: =KP메카니컬접합부설!C297 -> D1200㎜, 이탈방지압륜 | D43: 1 | E43: 개소 | G43: =I43+K43+M43 -> 857403.3 | I43: =KP메카니컬접합부설!I297 -> 62134.5 | K43: =KP메카니컬접합부설!K297 -> 702194.8 | M43: =KP메카니컬접합부설!M297 -> 93074
A44: =절단!A5 -> 41 | B44: =절단!B5 -> 주철관 절단 | C44: =절단!C5 -> D80㎜ | D44: 1 | E44: 개소 | G44: =I44+K44+M44 -> 0 | I44: =절단!I5 -> 0 | K44: =절단!K5 -> 0 | L44: =절단!L5 -> 0 | M44: =절단!M5 -> 0
A45: =절단!A9 -> 42 | B45: =절단!B9 -> 주철관 절단 | C45: =절단!C9 -> D100㎜ | D45: 1 | E45: 개소 | G45: =I45+K45+M45 -> 22056 | I45: =절단!I9 -> 0 | K45: =절단!K9 -> 21006 | M45: =절단!M9 -> 1050
A46: =절단!A13 -> 43 | B46: =절단!B13 -> 주철관 절단 | C46: =절단!C13 -> D150㎜ | D46: 1 | E46: 개소 | G46: =I46+K46+M46 -> 27570 | I46: =절단!I13 -> 0 | K46: =절단!K13 -> 26258 | M46: =절단!M13 -> 1312
A47: =절단!A17 -> 44 | B47: =절단!B17 -> 주철관 절단 | C47: =절단!C17 -> D200㎜ | D47: 1 | E47: 개소 | G47: =I47+K47+M47 -> 33084 | I47: =절단!I17 -> 0 | K47: =절단!K17 -> 31509 | M47: =절단!M17 -> 1575
A48: =절단!A21 -> 45 | B48: =절단!B21 -> 주철관 절단 | C48: =절단!C21 -> D250㎜ | D48: 1 | E48: 개소 | G48: =I48+K48+M48 -> 38599 | I48: =절단!I21 -> 0 | K48: =절단!K21 -> 36761 | M48: =절단!M21 -> 1838
A49: =절단!A25 -> 46 | B49: =절단!B25 -> 주철관 절단 | C49: =절단!C25 -> D300㎜ | D49: 1 | E49: 개소 | G49: =I49+K49+M49 -> 44112 | I49: =절단!I25 -> 0 | K49: =절단!K25 -> 42012 | M49: =절단!M25 -> 2100
A50: =절단!A29 -> 47 | B50: =절단!B29 -> 주철관 절단 | C50: =절단!C29 -> D400㎜ | D50: 1 | E50: 개소 | G50: =I50+K50+M50 -> 55141 | I50: =절단!I29 -> 0 | K50: =절단!K29 -> 52516 | M50: =절단!M29 -> 2625
A51: =절단!A33 -> 48 | B51: =절단!B33 -> 주철관 절단 | C51: =절단!C33 -> D450㎜ | D51: 1 | E51: 개소 | G51: =I51+K51+M51 -> 60655 | I51: =절단!I33 -> 0 | K51: =절단!K33 -> 57767 | M51: =절단!M33 -> 2888
A52: =절단!A37 -> 49 | B52: =절단!B37 -> 주철관 절단 | C52: =절단!C37 -> D500㎜ | D52: 1 | E52: 개소 | G52: =I52+K52+M52 -> 66169 | I52: =절단!I37 -> 0 | K52: =절단!K37 -> 63019 | M52: =절단!M37 -> 3150
A53: =절단!A41 -> 50 | B53: =절단!B41 -> 주철관 절단 | C53: =절단!C41 -> D600㎜ | D53: 1 | E53: 개소 | G53: =I53+K53+M53 -> 77198 | I53: =절단!I41 -> 0 | K53: =절단!K41 -> 73522 | M53: =절단!M41 -> 3676
A54: =절단!A45 -> 51 | B54: =절단!B45 -> 주철관 절단 | C54: =절단!C45 -> D700㎜ | D54: 1 | E54: 개소 | G54: =I54+K54+M54 -> 88226 | I54: =절단!I45 -> 0 | K54: =절단!K45 -> 84025 | M54: =절단!M45 -> 4201
A55: =절단!A49 -> 52 | B55: =절단!B49 -> 주철관 절단 | C55: =절단!C49 -> D800㎜ | D55: 1 | E55: 개소 | G55: =I55+K55+M55 -> 99254 | I55: =절단!I49 -> 0 | K55: =절단!K49 -> 94528 | M55: =절단!M49 -> 4726
A56: =절단!A53 -> 53 | B56: =절단!B53 -> 주철관 절단 | C56: =절단!C53 -> D900㎜ | D56: 1 | E56: 개소 | G56: =I56+K56+M56 -> 110283 | I56: =절단!I53 -> 0 | K56: =절단!K53 -> 105032 | M56: =절단!M53 -> 5251
A57: =절단!A57 -> 54 | B57: =절단!B57 -> 주철관 절단 | C57: =절단!C57 -> D1000㎜ | D57: 1 | E57: 개소 | G57: =I57+K57+M57 -> 121311 | I57: =절단!I57 -> 0 | K57: =절단!K57 -> 115535 | M57: =절단!M57 -> 5776
A58: =절단!A61 -> 55 | B58: =절단!B61 -> 주철관 절단 | C58: =절단!C61 -> D1100㎜ | D58: 1 | E58: 개소 | G58: =I58+K58+M58 -> 132339 | I58: =절단!I61 -> 0 | K58: =절단!K61 -> 126038 | M58: =절단!M61 -> 6301
A59: =절단!A65 -> 56 | B59: =절단!B65 -> 주철관 절단 | C59: =절단!C65 -> D1200㎜ | D59: 1 | E59: 개소 | G59: =I59+K59+M59 -> 143368 | I59: =절단!I65 -> 0 | K59: =절단!K65 -> 136541 | M59: =절단!M65 -> 6827

Sheet KP메카니컬접합부설
A1: 일위대가_호표_주철관부설
A2: 공 종 명 | C2: 규 격 | D2: 수량 | E2: 단위 | F2: 합 계 | H2: 재 료 비 | J2: 노 무 비 | L2: 경 비 | N2: 비 고
F3: 단 가 | G3: 금 액 | H3: 단 가 | I3: 금 액 | J3: 단 가 | K3: 금 액 | L3: 단 가 | M3: 금 액
A5: 1 | B5: K.P메카니컬 접합 및 부설 | C5: D80㎜(인력) | D5: 1 | E5: 본 | G5: =I5+K5+M5 -> 76761 | I5: =TRUNC(I10,0) -> 0 | K5: =TRUNC(K10,0) -> 73809 | M5: =TRUNC(M10,0) -> 2952 | N5: 토목6-2-2
B6: 배 관 공 | C6: 수도 | D6: 3 | E6: 인 | F6: =H6+J6+L6 -> 262580 | G6: =I6+K6+M6 -> 787740 | H6: 0 | J6: =노임!$D$10 -> 262580 | K6: =TRUNC(J6*D6,1) -> 787740 | L6: 0
B7: 보통인부 | D7: 1 | E7: 인 | F7: =H7+J7+L7 -> 172068 | G7: =I7+K7+M7 -> 172068 | H7: 0 | J7: =노임!$D$3 -> 172068 | K7: =TRUNC(J7*D7,1) -> 172068 | L7: 0
B8: 트럭탑제형 크레인 | C8: 10 TON | E8: HR | F8: =H8+J8+L8 -> 91498.25 | G8: =I8+K8+M8 -> 0 | H8: =중기사용료목록!$E$9 -> 17925.25 | I8: =TRUNC(H8*D8,1) -> 0 | J8: =중기사용료목록!$F$9 -> 49778 | K8: =TRUNC(J8*D8,1) -> 0 | L8: =중기사용료목록!$G$9 -> 23795 | M8: =TRUNC(L8*D8,1) -> 0
B9: 공구손료 및 잡재료 | C9: 노무비의 % | D9: 4 | E9: % | M9: =TRUNC((K6+K7)*D9%,1) -> 38392.3
B10: 일 시공량 | C10: 13 | D10: =ROUND(1/C10,4) -> 0.0769 | E10: 일/본 | G10: =I10+K10+M10 -> 76761.5 | I10: =TRUNC(SUM(I6:I9)*$D10,1) -> 0 | K10: =TRUNC(SUM(K6:K9)*$D10,1) -> 73809.2 | M10: =TRUNC(SUM(M6:M9)*$D10,1) -> 2952.3
A12: =A5+1 -> 2 | B12: K.P메카니컬 접합 및 부설 | C12: D80㎜(인력), 이탈방지압륜 | D12: 1 | E12: 본 | G12: =I12+K12+M12 -> 99789.8 | I12: =SUM(I17:I18) -> 0 | K12: =SUM(K17:K18) -> 95951.9 | M12: =SUM(M17:M18) -> 3837.9 | N12: =N5 -> 토목6-2-2
B13: 배 관 공 | C13: 수도 | D13: 3 | E13: 인 | F13: =H13+J13+L13 -> 262580 | G13: =I13+K13+M13 -> 787740 | H13: 0 | J13: =노임!$D$10 -> 262580 | K13: =TRUNC(J13*D13,1) -> 787740 | L13: 0
B14: 보통인부 | D14: 1 | E14: 인 | F14: =H14+J14+L14 -> 172068 | G14: =I14+K14+M14 -> 172068 | H14: 0 | J14: =노임!$D$3 -> 172068 | K14: =TRUNC(J14*D14,1) -> 172068 | L14: 0
B15: 트럭탑제형 크레인 | C15: 10 TON | E15: HR | F15: =H15+J15+L15 -> 91498.25 | G15: =I15+K15+M15 -> 0 | H15: =중기사용료목록!$E$9 -> 17925.25 | I15: =TRUNC(H15*D15,1) -> 0 | J15: =중기사용료목록!$F$9 -> 49778 | K15: =TRUNC(J15*D15,1) -> 0 | L15: =중기사용료목록!$G$9 -> 23795 | M15: =TRUNC(L15*D15,1) -> 0
B16: 공구손료 및 잡재료 | C16: 노무비의 % | D16: 4 | E16: % | M16: =TRUNC((K13+K14)*D16%,1) -> 38392.3
B17: 일 시공량 | C17: 13 | D17: =ROUND(1/C17,4) -> 0.0769 | E17: 일/본 | G17: =I17+K17+M17 -> 76761.5 | I17: =TRUNC(SUM(I13:I16)*$D17,1) -> 0 | K17: =TRUNC(SUM(K13:K16)*$D17,1) -> 73809.2 | M17: =TRUNC(SUM(M13:M16)*$D17,1) -> 2952.3
B18: 이탈방지압륜 할증 | C18: 노무비의 % | D18: 30 | E18: % | G18: =I18+K18+M18 -> 23028.3 | I18: =TRUNC(I17*$D18%,1) -> 0 | K18: =TRUNC(K17*$D18%,1) -> 22142.7 | M18: =TRUNC(M17*$D18%,1) -> 885.6
A20: =A12+1 -> 3 | B20: K.P메카니컬 접합 및 부설 | C20: D80㎜ | D20: 1 | E20: 본 | G20: =I20+K20+M20 -> 0 | I20: =TRUNC(I25,0) -> 0 | K20: =TRUNC(K25,0) -> 0 | M20: =TRUNC(M25,0) -> 0 | N20: =N5 -> 토목6-2-2
B21: 배 관 공 | C21: 수도 | E21: 인 | F21: =H21+J21+L21 -> 262580 | G21: =I21+K21+M21 -> 0 | H21: 0 | J21: =노임!$D$10 -> 262580 | K21: =TRUNC(J21*D21,1) -> 0 | L21: 0
B22: 보통인부 | E22: 인 | F22: =H22+J22+L22 -> 172068 | G22: =I22+K22+M22 -> 0 | H22: 0 | J22: =노임!$D$3 -> 172068 | K22: =TRUNC(J22*D22,1) -> 0 | L22: 0
B23: 트럭탑제형 크레인 | C23: 10 TON | E23: HR | F23: =H23+J23+L23 -> 91498.25 | G23: =I23+K23+M23 -> 0 | H23: =중기사용료목록!$E$9 -> 17925.25 | I23: =TRUNC(H23*D23,1) -> 0 | J23: =중기사용료목록!$F$9 -> 49778 | K23: =TRUNC(J23*D23,1) -> 0 | L23: =중기사용료목록!$G$9 -> 23795 | M23: =TRUNC(L23*D23,1) -> 0
B24: 공구손료 및 잡재료 | C24: 노무비의 % | D24: 4 | E24: % | M24: =TRUNC((K21+K22)*D24%,1) -> 0
B25: 일 시공량 | C25: 17 | D25: =ROUND(1/C25,4) -> 0.0588 | E25: 일/본 | G25: =I25+K25+M25 -> 0 | I25: =TRUNC(SUM(I21:I24)*$D25,1) -> 0 | K25: =TRUNC(SUM(K21:K24)*$D25,1) -> 0 | M25: =TRUNC(SUM(M21:M24)*$D25,1) -> 0
A27: =A20+1 -> 4 | B27: K.P메카니컬 접합 및 부설 | C27: D80㎜, 이탈방지압륜 | D27: 1 | E27: 본 | G27: =I27+K27+M27 -> 0 | I27: =SUM(I32:I33) -> 0 | K27: =SUM(K32:K33) -> 0 | M27: =SUM(M32:M33) -> 0 | N27: =N20 -> 토목6-2-2
B28: 배 관 공 | C28: 수도 | E28: 인 | F28: =H28+J28+L28 -> 262580 | G28: =I28+K28+M28 -> 0 | H28: 0 | J28: =노임!$D$10 -> 262580 | K28: =TRUNC(J28*D28,1) -> 0 | L28: 0
B29: 보통인부 | E29: 인 | F29: =H29+J29+L29 -> 172068 | G29: =I29+K29+M29 -> 0 | H29: 0 | J29: =노임!$D$3 -> 172068 | K29: =TRUNC(J29*D29,1) -> 0 | L29: 0
B30: 트럭탑제형 크레인 | C30: 10 TON | E30: HR | F30: =H30+J30+L30 -> 91498.25 | G30: =I30+K30+M30 -> 0 | H30: =중기사용료목록!$E$9 -> 17925.25 | I30: =TRUNC(H30*D30,1) -> 0 | J30: =중기사용료목록!$F$9 -> 49778 | K30: =TRUNC(J30*D30,1) -> 0 | L30: =중기사용료목록!$G$9 -> 23795 | M30: =TRUNC(L30*D30,1) -> 0
B31: 공구손료 및 잡재료 | C31: 노무비의 % | D31: 4 | E31: % | M31: =TRUNC((K28+K29)*D31%,1) -> 0
B32: 일 시공량 | C32: 17 | D32: =ROUND(1/C32,4) -> 0.0588 | E32: 일/본 | G32: =I32+K32+M32 -> 0 | I32: =TRUNC(SUM(I28:I31)*$D32,1) -> 0 | K32: =TRUNC(SUM(K28:K31)*$D32,1) -> 0 | M32: =TRUNC(SUM(M28:M31)*$D32,1) -> 0
B33: 이탈방지압륜 할증 | C33: 노무비의 % | D33: 30 | E33: % | G33: =I33+K33+M33 -> 0 | I33: =TRUNC(I32*$D33%,1) -> 0 | K33: =TRUNC(K32*$D33%,1) -> 0 | M33: =TRUNC(M32*$D33%,1) -> 0
A35: =A27+1 -> 5 | B35: K.P메카니컬 접합 및 부설 | C35: D100㎜(인력) | D35: 1 | E35: 본 | G35: =I35+K35+M35 -> 83150 | I35: =TRUNC(I40,0) -> 0 | K35: =TRUNC(K40,0) -> 79952 | M35: =TRUNC(M40,0) -> 3198 | N35: =N5 -> 토목6-2-2
B36: 배 관 공 | C36: 수도 | D36: 3 | E36: 인 | F36: =H36+J36+L36 -> 262580 | G36: =I36+K36+M36 -> 787740 | H36: 0 | J36: =노임!D10 -> 262580 | K36: =TRUNC(J36*D36,1) -> 787740 | L36: 0
B37: 보통인부 | D37: 1 | E37: 인 | F37: =H37+J37+L37 -> 172068 | G37: =I37+K37+M37 -> 172068 | H37: 0 | J37: =노임!D3 -> 172068 | K37: =TRUNC(J37*D37,1) -> 172068 | L37: 0
B38: 트럭탑제형 크레인 | C38: 10 TON | E38: HR | F38: =H38+J38+L38 -> 91498.25 | G38: =I38+K38+M38 -> 0 | H38: =중기사용료목록!$E$9 -> 17925.25 | I38: =TRUNC(H38*D38,1) -> 0 | J38: =중기사용료목록!$F$9 -> 49778 | K38: =TRUNC(J38*D38,1) -> 0 | L38: =중기사용료목록!$G$9 -> 23795 | M38: =TRUNC(L38*D38,1) -> 0
B39: 공구손료 및 잡재료 | C39: 노무비의 % | D39: 4 | E39: % | M39: =TRUNC((K36+K37)*D39%,1) -> 38392.3
B40: 일 시공량 | C40: 12 | D40: =ROUND(1/C40,4) -> 0.0833 | E40: 일/본 | G40: =I40+K40+M40 -> 83150 | I40: =TRUNC(SUM(I36:I39)*$D40,1) -> 0 | K40: =TRUNC(SUM(K36:K39)*$D40,1) -> 79952 | M40: =TRUNC(SUM(M36:M39)*$D40,1) -> 3198
A42: =A35+1 -> 6 | B42: K.P메카니컬 접합 및 부설 | C42: D100㎜(인력), 이탈방지압륜 | D42: 1 | E42: 본 | G42: =I42+K42+M42 -> 108095 | I42: =SUM(I47:I48) -> 0 | K42: =SUM(K47:K48) -> 103937.6 | M42: =SUM(M47:M48) -> 4157.4 | N42: =N35 -> 토목6-2-2
B43: 배 관 공 | C43: 수도 | D43: 3 | E43: 인 | F43: =H43+J43+L43 -> 262580 | G43: =I43+K43+M43 -> 787740 | H43: 0 | J43: =노임!$D$10 -> 262580 | K43: =TRUNC(J43*D43,1) -> 787740 | L43: 0
B44: 보통인부 | D44: 1 | E44: 인 | F44: =H44+J44+L44 -> 172068 | G44: =I44+K44+M44 -> 172068 | H44: 0 | J44: =노임!$D$3 -> 172068 | K44: =TRUNC(J44*D44,1) -> 172068 | L44: 0
B45: 트럭탑제형 크레인 | C45: 10 TON | E45: HR | F45: =H45+J45+L45 -> 91498.25 | G45: =I45+K45+M45 -> 0 | H45: =중기사용료목록!$E$9 -> 17925.25 | I45: =TRUNC(H45*D45,1) -> 0 | J45: =중기사용료목록!$F$9 -> 49778 | K45: =TRUNC(J45*D45,1) -> 0 | L45: =중기사용료목록!$G$9 -> 23795 | M45: =TRUNC(L45*D45,1) -> 0
B46: 공구손료 및 잡재료 | C46: 노무비의 % | D46: 4 | E46: % | M46: =TRUNC((K43+K44)*D46%,1) -> 38392.3
B47: 일 시공량 | C47: 12 | D47: =ROUND(1/C47,4) -> 0.0833 | E47: 일/본 | G47: =I47+K47+M47 -> 83150 | I47: =TRUNC(SUM(I43:I46)*$D47,1) -> 0 | K47: =TRUNC(SUM(K43:K46)*$D47,1) -> 79952 | M47: =TRUNC(SUM(M43:M46)*$D47,1) -> 3198
B48: 이탈방지압륜 할증 | C48: 노무비의 % | D48: 30 | E48: % | G48: =I48+K48+M48 -> 24945 | I48: =TRUNC(I47*$D48%,1) -> 0 | K48: =TRUNC(K47*$D48%,1) -> 23985.6 | M48: =TRUNC(M47*$D48%,1) -> 959.4
A50: =A42+1 -> 7 | B50: K.P메카니컬 접합 및 부설 | C50: D100㎜이하 | D50: 1 | E50: 본 | G50: =I50+K50+M50 -> 0 | I50: =TRUNC(I55,0) -> 0 | K50: =TRUNC(K55,0) -> 0 | M50: =TRUNC(M55,0) -> 0 | N50: =N35 -> 토목6-2-2
B51: 배 관 공 | C51: 수도 | E51: 인 | F51: =H51+J51+L51 -> 197788 | G51: =I51+K51+M51 -> 0 | H51: 0 | J51: =노임!D15 -> 197788 | K51: =TRUNC(J51*D51,1) -> 0 | L51: 0
B52: 보통인부 | E52: 인 | F52: =H52+J52+L52 -> 282536 | G52: =I52+K52+M52 -> 0 | H52: 0 | J52: =노임!D7 -> 282536 | K52: =TRUNC(J52*D52,1) -> 0 | L52: 0
B53: 트럭탑제형 크레인 | C53: 10 TON | E53: HR | F53: =H53+J53+L53 -> 91498.25 | G53: =I53+K53+M53 -> 0 | H53: =중기사용료목록!$E$9 -> 17925.25 | I53: =TRUNC(H53*D53,1) -> 0 | J53: =중기사용료목록!$F$9 -> 49778 | K53: =TRUNC(J53*D53,1) -> 0 | L53: =중기사용료목록!$G$9 -> 23795 | M53: =TRUNC(L53*D53,1) -> 0
B54: 공구손료 및 잡재료 | C54: 노무비의 % | D54: 4 | E54: % | M54: =TRUNC((K51+K52)*D54%,1) -> 0
B55: 일 시공량 | C55: 17 | D55: =ROUND(1/C55,4) -> 0.0588 | E55: 일/본 | G55: =I55+K55+M55 -> 0 | I55: =TRUNC(SUM(I51:I54)*$D55,1) -> 0 | K55: =TRUNC(SUM(K51:K54)*$D55,1) -> 0 | M55: =TRUNC(SUM(M51:M54)*$D55,1) -> 0
A57: =A50+1 -> 8 | B57: K.P메카니컬 접합 및 부설 | C57: D100㎜, 이탈방지압륜 | D57: 1 | E57: 본 | G57: =I57+K57+M57 -> 0 | I57: =SUM(I62:I63) -> 0 | K57: =SUM(K62:K63) -> 0 | M57: =SUM(M62:M63) -> 0 | N57: =N50 -> 토목6-2-2
B58: 배 관 공 | C58: 수도 | E58: 인 | F58: =H58+J58+L58 -> 262580 | G58: =I58+K58+M58 -> 0 | H58: 0 | J58: =노임!$D$10 -> 262580 | K58: =TRUNC(J58*D58,1) -> 0 | L58: 0
B59: 보통인부 | E59: 인 | F59: =H59+J59+L59 -> 172068 | G59: =I59+K59+M59 -> 0 | H59: 0 | J59: =노임!$D$3 -> 172068 | K59: =TRUNC(J59*D59,1) -> 0 | L59: 0
B60: 트럭탑제형 크레인 | C60: 10 TON | E60: HR | F60: =H60+J60+L60 -> 91498.25 | G60: =I60+K60+M60 -> 0 | H60: =중기사용료목록!$E$9 -> 17925.25 | I60: =TRUNC(H60*D60,1) -> 0 | J60: =중기사용료목록!$F$9 -> 49778 | K60: =TRUNC(J60*D60,1) -> 0 | L60: =중기사용료목록!$G$9 -> 23795 | M60: =TRUNC(L60*D60,1) -> 0
B61: 공구손료 및 잡재료 | C61: 노무비의 % | D61: 4 | E61: % | M61: =TRUNC((K58+K59)*D61%,1) -> 0
B62: 일 시공량 | C62: 17 | D62: =ROUND(1/C62,4) -> 0.0588 | E62: 일/본 | G62: =I62+K62+M62 -> 0 | I62: =TRUNC(SUM(I58:I61)*$D62,1) -> 0 | K62: =TRUNC(SUM(K58:K61)*$D62,1) -> 0 | M62: =TRUNC(SUM(M58:M61)*$D62,1) -> 0
B63: 이탈방지압륜 할증 | C63: 노무비의 % | D63: 30 | E63: % | G63: =I63+K63+M63 -> 0 | I63: =TRUNC(I62*$D63%,1) -> 0 | K63: =TRUNC(K62*$D63%,1) -> 0 | M63: =TRUNC(M62*$D63%,1) -> 0
A65: =A57+1 -> 9 | B65: K.P메카니컬 접합 및 부설 | C65: D150㎜(인력) | D65: 1 | E65: 본 | G65: =I65+K65+M65 -> 141239 | I65: =TRUNC(I70,0) -> 0 | K65: =TRUNC(K70,0) -> 135807 | M65: =TRUNC(M70,0) -> 5432 | N65: =N50 -> 토목6-2-2
B66: 배 관 공 | C66: 수도 | D66: 4 | E66: 인 | F66: =H66+J66+L66 -> 262580 | G66: =I66+K66+M66 -> 1050320 | H66: 0 | J66: =노임!$D$10 -> 262580 | K66: =TRUNC(J66*D66,1) -> 1050320 | L66: 0
B67: 보통인부 | D67: 1 | E67: 인 | F67: =H67+J67+L67 -> 172068 | G67: =I67+K67+M67 -> 172068 | H67: 0 | J67: =노임!$D$3 -> 172068 | K67: =TRUNC(J67*D67,1) -> 172068 | L67: 0
B68: 트럭탑제형 크레인 | C68: 10 TON | E68: HR | F68: =H68+J68+L68 -> 91498.25 | G68: =I68+K68+M68 -> 0 | H68: =중기사용료목록!$E$9 -> 17925.25 | I68: =TRUNC(H68*D68,1) -> 0 | J68: =중기사용료목록!$F$9 -> 49778 | K68: =TRUNC(J68*D68,1) -> 0 | L68: =중기사용료목록!$G$9 -> 23795 | M68: =TRUNC(L68*D68,1) -> 0
B69: 공구손료 및 잡재료 | C69: 노무비의 % | D69: 4 | E69: % | M69: =TRUNC((K66+K67)*D69%,1) -> 48895.5
B70: 일 시공량 | C70: 9 | D70: =ROUND(1/C70,4) -> 0.1111 | E70: 일/본 | G70: =I70+K70+M70 -> 141239.5 | I70: =TRUNC(SUM(I66:I69)*$D70,1) -> 0 | K70: =TRUNC(SUM(K66:K69)*$D70,1) -> 135807.3 | M70: =TRUNC(SUM(M66:M69)*$D70,1) -> 5432.2
A72: =A65+1 -> 10 | B72: K.P메카니컬 접합 및 부설 | C72: D150㎜(인력), 이탈방지압륜 | D72: 1 | E72: 본 | G72: =I72+K72+M72 -> 183611.2 | I72: =SUM(I77:I78) -> 0 | K72: =SUM(K77:K78) -> 176549.4 | M72: =SUM(M77:M78) -> 7061.8 | N72: =N65 -> 토목6-2-2
B73: 배 관 공 | C73: 수도 | D73: 4 | E73: 인 | F73: =H73+J73+L73 -> 262580 | G73: =I73+K73+M73 -> 1050320 | H73: 0 | J73: =노임!$D$10 -> 262580 | K73: =TRUNC(J73*D73,1) -> 1050320 | L73: 0
B74: 보통인부 | D74: 1 | E74: 인 | F74: =H74+J74+L74 -> 172068 | G74: =I74+K74+M74 -> 172068 | H74: 0 | J74: =노임!$D$3 -> 172068 | K74: =TRUNC(J74*D74,1) -> 172068 | L74: 0
B75: 트럭탑제형 크레인 | C75: 10 TON | E75: HR | F75: =H75+J75+L75 -> 91498.25 | G75: =I75+K75+M75 -> 0 | H75: =중기사용료목록!$E$9 -> 17925.25 | I75: =TRUNC(H75*D75,1) -> 0 | J75: =중기사용료목록!$F$9 -> 49778 | K75: =TRUNC(J75*D75,1) -> 0 | L75: =중기사용료목록!$G$9 -> 23795 | M75: =TRUNC(L75*D75,1) -> 0
B76: 공구손료 및 잡재료 | C76: 노무비의 % | D76: 4 | E76: % | M76: =TRUNC((K73+K74)*D76%,1) -> 48895.5
B77: 일 시공량 | C77: 9 | D77: =ROUND(1/C77,4) -> 0.1111 | E77: 일/본 | G77: =I77+K77+M77 -> 141239.5 | I77: =TRUNC(SUM(I73:I76)*$D77,1) -> 0 | K77: =TRUNC(SUM(K73:K76)*$D77,1) -> 135807.3 | M77: =TRUNC(SUM(M73:M76)*$D77,1) -> 5432.2
B78: 이탈방지압륜 할증 | C78: 노무비의 % | D78: 30 | E78: % | G78: =I78+K78+M78 -> 42371.7 | I78: =TRUNC(I77*$D78%,1) -> 0 | K78: =TRUNC(K77*$D78%,1) -> 40742.1 | M78: =TRUNC(M77*$D78%,1) -> 1629.6
A80: =A72+1 -> 11 | B80: K.P메카니컬 접합 및 부설 | C80: D150㎜ | D80: 1 | E80: 본 | G80: =I80+K80+M80 -> 104035 | I80: =TRUNC(I85,0) -> 10238 | K80: =TRUNC(K85,0) -> 78215 | M80: =TRUNC(M85,0) -> 15582 | N80: =N65 -> 토목6-2-2
B81: 배 관 공 | C81: 수도 | D81: 2 | E81: 인 | F81: =H81+J81+L81 -> 262580 | G81: =I81+K81+M81 -> 525160 | H81: 0 | J81: =노임!$D$10 -> 262580 | K81: =TRUNC(J81*D81,1) -> 525160 | L81: 0
B82: 보통인부 | D82: 1 | E82: 인 | F82: =H82+J82+L82 -> 172068 | G82: =I82+K82+M82 -> 172068 | H82: 0 | J82: =노임!$D$3 -> 172068 | K82: =TRUNC(J82*D82,1) -> 172068 | L82: 0
B83: 트럭탑제형 크레인 | C83: 10 TON | D83: 8 | E83: HR | F83: =H83+J83+L83 -> 91498.25 | G83: =I83+K83+M83 -> 731986 | H83: =중기사용료목록!$E$9 -> 17925.25 | I83: =TRUNC(H83*D83,1) -> 143402 | J83: =중기사용료목록!$F$9 -> 49778 | K83: =TRUNC(J83*D83,1) -> 398224 | L83: =중기사용료목록!$G$9 -> 23795 | M83: =TRUNC(L83*D83,1) -> 190360
B84: 공구손료 및 잡재료 | C84: 노무비의 % | D84: 4 | E84: % | M84: =TRUNC((K81+K82)*D84%,1) -> 27889.1
B85: 일 시공량 | C85: 14 | D85: =ROUND(1/C85,4) -> 0.0714 | E85: 일/본 | G85: =I85+K85+M85 -> 104037 | I85: =TRUNC(SUM(I81:I84)*$D85,1) -> 10238.9 | K85: =TRUNC(SUM(K81:K84)*$D85,1) -> 78215.2 | M85: =TRUNC(SUM(M81:M84)*$D85,1) -> 15582.9
A87: =A80+1 -> 12 | B87: K.P메카니컬 접합 및 부설 | C87: D150㎜, 이탈방지압륜 | D87: 1 | E87: 본 | G87: =I87+K87+M87 -> 135247.9 | I87: =SUM(I92:I93) -> 13310.5 | K87: =SUM(K92:K93) -> 101679.7 | M87: =SUM(M92:M93) -> 20257.7 | N87: =N80 -> 토목6-2-2
B88: 배 관 공 | C88: 수도 | D88: 2 | E88: 인 | F88: =H88+J88+L88 -> 262580 | G88: =I88+K88+M88 -> 525160 | H88: 0 | J88: =노임!$D$10 -> 262580 | K88: =TRUNC(J88*D88,1) -> 525160 | L88: 0
B89: 보통인부 | D89: 1 | E89: 인 | F89: =H89+J89+L89 -> 172068 | G89: =I89+K89+M89 -> 172068 | H89: 0 | J89: =노임!$D$3 -> 172068 | K89: =TRUNC(J89*D89,1) -> 172068 | L89: 0
B90: 트럭탑제형 크레인 | C90: 10 TON | D90: 8 | E90: HR | F90: =H90+J90+L90 -> 91498.25 | G90: =I90+K90+M90 -> 731986 | H90: =중기사용료목록!$E$9 -> 17925.25 | I90: =TRUNC(H90*D90,1) -> 143402 | J90: =중기사용료목록!$F$9 -> 49778 | K90: =TRUNC(J90*D90,1) -> 398224 | L90: =중기사용료목록!$G$9 -> 23795 | M90: =TRUNC(L90*D90,1) -> 190360
B91: 공구손료 및 잡재료 | C91: 노무비의 % | D91: 4 | E91: % | M91: =TRUNC((K88+K89)*D91%,1) -> 27889.1
B92: 일 시공량 | C92: 14 | D92: =ROUND(1/C92,4) -> 0.0714 | E92: 일/본 | G92: =I92+K92+M92 -> 104037 | I92: =TRUNC(SUM(I88:I91)*$D92,1) -> 10238.9 | K92: =TRUNC(SUM(K88:K91)*$D92,1) -> 78215.2 | M92: =TRUNC(SUM(M88:M91)*$D92,1) -> 15582.9
B93: 이탈방지압륜 할증 | C93: 노무비의 % | D93: 30 | E93: % | G93: =I93+K93+M93 -> 31210.9 | I93: =TRUNC(I92*$D93%,1) -> 3071.6 | K93: =TRUNC(K92*$D93%,1) -> 23464.5 | M93: =TRUNC(M92*$D93%,1) -> 4674.8
A95: =A87+1 -> 13 | B95: K.P메카니컬 접합 및 부설 | C95: D200㎜ | D95: 1 | E95: 본 | G95: =I95+K95+M95 -> 132449 | I95: =TRUNC(I100,0) -> 13035 | K95: =TRUNC(K100,0) -> 99576 | M95: =TRUNC(M100,0) -> 19838 | N95: =N80 -> 토목6-2-2
B96: 배 관 공 | C96: 수도 | D96: 2 | E96: 인 | F96: =H96+J96+L96 -> 262580 | G96: =I96+K96+M96 -> 525160 | H96: 0 | J96: =노임!$D$10 -> 262580 | K96: =TRUNC(J96*D96,1) -> 525160 | L96: 0
B97: 보통인부 | D97: 1 | E97: 인 | F97: =H97+J97+L97 -> 172068 | G97: =I97+K97+M97 -> 172068 | H97: 0 | J97: =노임!$D$3 -> 172068 | K97: =TRUNC(J97*D97,1) -> 172068 | L97: 0
B98: 트럭탑제형 크레인 | C98: 10 TON | D98: 8 | E98: HR | F98: =H98+J98+L98 -> 91498.25 | G98: =I98+K98+M98 -> 731986 | H98: =중기사용료목록!$E$9 -> 17925.25 | I98: =TRUNC(H98*D98,1) -> 143402 | J98: =중기사용료목록!$F$9 -> 49778 | K98: =TRUNC(J98*D98,1) -> 398224 | L98: =중기사용료목록!$G$9 -> 23795 | M98: =TRUNC(L98*D98,1) -> 190360
B99: 공구손료 및 잡재료 | C99: 노무비의 % | D99: 4 | E99: % | M99: =TRUNC((K96+K97)*D99%,1) -> 27889.1
B100: 일 시공량 | C100: 11 | D100: =ROUND(1/C100,4) -> 0.0909 | E100: 일/본 | G100: =I100+K100+M100 -> 132450.5 | I100: =TRUNC(SUM(I96:I99)*$D100,1) -> 13035.2 | K100: =TRUNC(SUM(K96:K99)*$D100,1) -> 99576.5 | M100: =TRUNC(SUM(M96:M99)*$D100,1) -> 19838.8
A102: =A95+1 -> 14 | B102: K.P메카니컬 접합 및 부설 | C102: D200㎜, 이탈방지압륜 | D102: 1 | E102: 본 | G102: =I102+K102+M102 -> 172185.5 | I102: =SUM(I107:I108) -> 16945.7 | K102: =SUM(K107:K108) -> 129449.4 | M102: =SUM(M107:M108) -> 25790.4 | N102: =N95 -> 토목6-2-2
B103: 배 관 공 | C103: 수도 | D103: 2 | E103: 인 | F103: =H103+J103+L103 -> 262580 | G103: =I103+K103+M103 -> 525160 | H103: 0 | J103: =노임!$D$10 -> 262580 | K103: =TRUNC(J103*D103,1) -> 525160 | L103: 0
B104: 보통인부 | D104: 1 | E104: 인 | F104: =H104+J104+L104 -> 172068 | G104: =I104+K104+M104 -> 172068 | H104: 0 | J104: =노임!$D$3 -> 172068 | K104: =TRUNC(J104*D104,1) -> 172068 | L104: 0
B105: 트럭탑제형 크레인 | C105: 10 TON | D105: 8 | E105: HR | F105: =H105+J105+L105 -> 91498.25 | G105: =I105+K105+M105 -> 731986 | H105: =중기사용료목록!$E$9 -> 17925.25 | I105: =TRUNC(H105*D105,1) -> 143402 | J105: =중기사용료목록!$F$9 -> 49778 | K105: =TRUNC(J105*D105,1) -> 398224 | L105: =중기사용료목록!$G$9 -> 23795 | M105: =TRUNC(L105*D105,1) -> 190360
B106: 공구손료 및 잡재료 | C106: 노무비의 % | D106: 4 | E106: % | M106: =TRUNC((K103+K104)*D106%,1) -> 27889.1
B107: 일 시공량 | C107: 11 | D107: =ROUND(1/C107,4) -> 0.0909 | E107: 일/본 | G107: =I107+K107+M107 -> 132450.5 | I107: =TRUNC(SUM(I103:I106)*$D107,1) -> 13035.2 | K107: =TRUNC(SUM(K103:K106)*$D107,1) -> 99576.5 | M107: =TRUNC(SUM(M103:M106)*$D107,1) -> 19838.8
B108: 이탈방지압륜 할증 | C108: 노무비의 % | D108: 30 | E108: % | G108: =I108+K108+M108 -> 39735 | I108: =TRUNC(I107*$D108%,1) -> 3910.5 | K108: =TRUNC(K107*$D108%,1) -> 29872.9 | M108: =TRUNC(M107*$D108%,1) -> 5951.6
A110: =A102+1 -> 15 | B110: K.P메카니컬 접합 및 부설 | C110: D250㎜ | D110: 1 | E110: 본 | G110: =I110+K110+M110 -> 145709 | I110: =TRUNC(I115,0) -> 14340 | K110: =TRUNC(K115,0) -> 109545 | M110: =TRUNC(M115,0) -> 21824 | N110: =N95 -> 토목6-2-2
B111: 배 관 공 | C111: 수도 | D111: 2 | E111: 인 | F111: =H111+J111+L111 -> 262580 | G111: =I111+K111+M111 -> 525160 | H111: 0 | J111: =노임!$D$10 -> 262580 | K111: =TRUNC(J111*D111,1) -> 525160 | L111: 0
B112: 보통인부 | D112: 1 | E112: 인 | F112: =H112+J112+L112 -> 172068 | G112: =I112+K112+M112 -> 172068 | H112: 0 | J112: =노임!$D$3 -> 172068 | K112: =TRUNC(J112*D112,1) -> 172068 | L112: 0
B113: 트럭탑제형 크레인 | C113: 10 TON | D113: 8 | E113: HR | F113: =H113+J113+L113 -> 91498.25 | G113: =I113+K113+M113 -> 731986 | H113: =중기사용료목록!$E$9 -> 17925.25 | I113: =TRUNC(H113*D113,1) -> 143402 | J113: =중기사용료목록!$F$9 -> 49778 | K113: =TRUNC(J113*D113,1) -> 398224 | L113: =중기사용료목록!$G$9 -> 23795 | M113: =TRUNC(L113*D113,1) -> 190360
B114: 공구손료 및 잡재료 | C114: 노무비의 % | D114: 4 | E114: % | M114: =TRUNC((K111+K112)*D114%,1) -> 27889.1
B115: 일 시공량 | C115: 10 | D115: =ROUND(1/C115,4) -> 0.1 | E115: 일/본 | G115: =I115+K115+M115 -> 145710.3 | I115: =TRUNC(SUM(I111:I114)*$D115,1) -> 14340.2 | K115: =TRUNC(SUM(K111:K114)*$D115,1) -> 109545.2 | M115: =TRUNC(SUM(M111:M114)*$D115,1) -> 21824.9
...

Sheet KP접합
A1: 일위대가_호표_KP메커니컬접합
A2: 공 종 명 | C2: 규 격 | D2: 수량 | E2: 단위 | F2: 합 계 | H2: 재 료 비 | J2: 노 무 비 | L2: 경 비 | N2: 비 고
F3: 단 가 | G3: 금 액 | H3: 단 가 | I3: 금 액 | J3: 단 가 | K3: 금 액 | L3: 단 가 | M3: 금 액
A5: =KP메카니컬접합부설!A290+1 -> 40 | B5: KP메카니컬접합 | C5: D80㎜ | D5: 1 | E5: 개소 | G5: =I5+K5+M5 -> 0 | I5: =TRUNC(I6+I7+I8,0) -> 0 | K5: =TRUNC(K6+K7+K8,0) -> 0 | M5: =TRUNC(M6+M7+M8,0) -> 0 | N5: 삭제
B6: 배 관 공 | C6: 수도 | E6: 인 | F6: =H6+J6+L6 -> 262580 | G6: =I6+K6+M6 -> 0 | H6: 0 | J6: =노임!$D$10 -> 262580 | K6: =TRUNC(J6*D6,1) -> 0 | L6: 0
B7: 보통인부 | E7: 인 | F7: =H7+J7+L7 -> 172068 | G7: =I7+K7+M7 -> 0 | H7: 0 | J7: =노임!$D$3 -> 172068 | K7: =TRUNC(J7*D7,1) -> 0 | L7: 0
B8: 공구손료 및 잡재료 | C8: 노무비의 % | D8: 2 | E8: % | F8: =H8+J8+L8 -> 0 | G8: =I8+K8+M8 -> 0 | M8: =TRUNC((K6+K7)*D8%,1) -> 0
A10: =A5+1 -> 41 | B10: KP메카니컬접합 | C10: D100㎜이하 | D10: 1 | E10: 개소 | G10: =I10+K10+M10 -> 28446 | I10: =TRUNC(I11+I12+I13,0) -> 0 | K10: =TRUNC(K11+K12+K13,0) -> 27889 | M10: =TRUNC(M11+M12+M13,0) -> 557 | N10: 토목6-2-3
B11: 배 관 공 | C11: 수도 | D11: 0.08 | E11: 인 | F11: =H11+J11+L11 -> 262580 | G11: =I11+K11+M11 -> 21006.4 | H11: 0 | J11: =노임!$D$10 -> 262580 | K11: =TRUNC(J11*D11,1) -> 21006.4 | L11: 0
B12: 보통인부 | D12: 0.04 | E12: 인 | F12: =H12+J12+L12 -> 172068 | G12: =I12+K12+M12 -> 6882.7 | H12: 0 | J12: =노임!$D$3 -> 172068 | K12: =TRUNC(J12*D12,1) -> 6882.7 | L12: 0
B13: 공구손료 및 잡재료 | C13: 노무비의 % | D13: 2 | E13: % | F13: =H13+J13+L13 -> 0 | G13: =I13+K13+M13 -> 557.7 | M13: =TRUNC((K11+K12)*D13%,1) -> 557.7
A15: =A10+1 -> 42 | B15: KP메카니컬접합 | C15: D150㎜ | D15: 1 | E15: 개소 | G15: =I15+K15+M15 -> 35558 | I15: =TRUNC(I16+I17+I18,0) -> 0 | K15: =TRUNC(K16+K17+K18,0) -> 34861 | M15: =TRUNC(M16+M17+M18,0) -> 697 | N15: =N10 -> 토목6-2-3
B16: 배 관 공 | C16: 수도 | D16: 0.1 | E16: 인 | F16: =H16+J16+L16 -> 262580 | G16: =I16+K16+M16 -> 26258 | H16: 0 | J16: =노임!$D$10 -> 262580 | K16: =TRUNC(J16*D16,1) -> 26258 | L16: 0
B17: 보통인부 | D17: 0.05 | E17: 인 | F17: =H17+J17+L17 -> 172068 | G17: =I17+K17+M17 -> 8603.4 | H17: 0 | J17: =노임!$D$3 -> 172068 | K17: =TRUNC(J17*D17,1) -> 8603.4 | L17: 0
B18: 공구손료 및 잡재료 | C18: 노무비의 % | D18: 2 | E18: % | F18: =H18+J18+L18 -> 0 | G18: =I18+K18+M18 -> 697.2 | M18: =TRUNC((K16+K17)*D18%,1) -> 697.2
A20: =A15+1 -> 43 | B20: KP메카니컬접합 | C20: D200㎜ | D20: 1 | E20: 개소 | G20: =I20+K20+M20 -> 47103 | I20: =TRUNC(I21+I22+I23,0) -> 0 | K20: =TRUNC(K21+K22+K23,0) -> 46180 | M20: =TRUNC(M21+M22+M23,0) -> 923 | N20: =N15 -> 토목6-2-3
B21: 배 관 공 | C21: 수도 | D21: 0.13 | E21: 인 | F21: =H21+J21+L21 -> 262580 | G21: =I21+K21+M21 -> 34135.4 | H21: 0 | J21: =노임!$D$10 -> 262580 | K21: =TRUNC(J21*D21,1) -> 34135.4 | L21: 0
B22: 보통인부 | D22: 0.07 | E22: 인 | F22: =H22+J22+L22 -> 172068 | G22: =I22+K22+M22 -> 12044.7 | H22: 0 | J22: =노임!$D$3 -> 172068 | K22: =TRUNC(J22*D22,1) -> 12044.7 | L22: 0
B23: 공구손료 및 잡재료 | C23: 노무비의 % | D23: 2 | E23: % | F23: =H23+J23+L23 -> 0 | G23: =I23+K23+M23 -> 923.6 | M23: =TRUNC((K21+K22)*D23%,1) -> 923.6
A25: =A20+1 -> 44 | B25: KP메카니컬접합 | C25: D250㎜ | D25: 1 | E25: 개소 | G25: =I25+K25+M25 -> 54215 | I25: =TRUNC(I26+I27+I28,0) -> 0 | K25: =TRUNC(K26+K27+K28,0) -> 53152 | M25: =TRUNC(M26+M27+M28,0) -> 1063 | N25: =N20 -> 토목6-2-3
B26: 배 관 공 | C26: 수도 | D26: 0.15 | E26: 인 | F26: =H26+J26+L26 -> 262580 | G26: =I26+K26+M26 -> 39387 | H26: 0 | J26: =노임!$D$10 -> 262580 | K26: =TRUNC(J26*D26,1) -> 39387 | L26: 0
B27: 보통인부 | D27: 0.08 | E27: 인 | F27: =H27+J27+L27 -> 172068 | G27: =I27+K27+M27 -> 13765.4 | H27: 0 | J27: =노임!$D$3 -> 172068 | K27: =TRUNC(J27*D27,1) -> 13765.4 | L27: 0
B28: 공구손료 및 잡재료 | C28: 노무비의 % | D28: 2 | E28: % | F28: =H28+J28+L28 -> 0 | G28: =I28+K28+M28 -> 1063 | M28: =TRUNC((K26+K27)*D28%,1) -> 1063
A30: =A25+1 -> 45 | B30: KP메카니컬접합 | C30: D300㎜ | D30: 1 | E30: 개소 | G30: =I30+K30+M30 -> 65760 | I30: =TRUNC(I31+I32+I33,0) -> 0 | K30: =TRUNC(K31+K32+K33,0) -> 64471 | M30: =TRUNC(M31+M32+M33,0) -> 1289 | N30: =N25 -> 토목6-2-3
B31: 배 관 공 | C31: 수도 | D31: 0.18 | E31: 인 | F31: =H31+J31+L31 -> 262580 | G31: =I31+K31+M31 -> 47264.4 | H31: 0 | J31: =노임!$D$10 -> 262580 | K31: =TRUNC(J31*D31,1) -> 47264.4 | L31: 0
B32: 보통인부 | D32: 0.1 | E32: 인 | F32: =H32+J32+L32 -> 172068 | G32: =I32+K32+M32 -> 17206.8 | H32: 0 | J32: =노임!$D$3 -> 172068 | K32: =TRUNC(J32*D32,1) -> 17206.8 | L32: 0
B33: 공구손료 및 잡재료 | C33: 노무비의 % | D33: 2 | E33: % | F33: =H33+J33+L33 -> 0 | G33: =I33+K33+M33 -> 1289.4 | M33: =TRUNC((K31+K32)*D33%,1) -> 1289.4
A35: =A30+1 -> 46 | B35: KP메카니컬접합 | C35: D350㎜ | D35: 1 | E35: 개소 | G35: =I35+K35+M35 -> 75550 | I35: =TRUNC(I36+I37+I38,0) -> 0 | K35: =TRUNC(K36+K37+K38,0) -> 74069 | M35: =TRUNC(M36+M37+M38,0) -> 1481 | N35: =N30 -> 토목6-2-3
B36: 배 관 공 | C36: 수도 | D36: 0.21 | E36: 인 | F36: =H36+J36+L36 -> 262580 | G36: =I36+K36+M36 -> 55141.8 | H36: 0 | J36: =노임!$D$10 -> 262580 | K36: =TRUNC(J36*D36,1) -> 55141.8 | L36: 0
B37: 보통인부 | D37: 0.11 | E37: 인 | F37: =H37+J37+L37 -> 172068 | G37: =I37+K37+M37 -> 18927.4 | H37: 0 | J37: =노임!$D$3 -> 172068 | K37: =TRUNC(J37*D37,1) -> 18927.4 | L37: 0
B38: 공구손료 및 잡재료 | C38: 노무비의 % | D38: 2 | E38: % | F38: =H38+J38+L38 -> 0 | G38: =I38+K38+M38 -> 1481.3 | M38: =TRUNC((K36+K37)*D38%,1) -> 1481.3
A40: =A35+1 -> 47 | B40: KP메카니컬접합 | C40: D400㎜ | D40: 1 | E40: 개소 | G40: =I40+K40+M40 -> 82661 | I40: =TRUNC(I41+I42+I43,0) -> 0 | K40: =TRUNC(K41+K42+K43,0) -> 81041 | M40: =TRUNC(M41+M42+M43,0) -> 1620 | N40: =N35 -> 토목6-2-3
B41: 배 관 공 | C41: 수도 | D41: 0.23 | E41: 인 | F41: =H41+J41+L41 -> 262580 | G41: =I41+K41+M41 -> 60393.4 | H41: 0 | J41: =노임!$D$10 -> 262580 | K41: =TRUNC(J41*D41,1) -> 60393.4 | L41: 0
B42: 보통인부 | D42: 0.12 | E42: 인 | F42: =H42+J42+L42 -> 172068 | G42: =I42+K42+M42 -> 20648.1 | H42: 0 | J42: =노임!$D$3 -> 172068 | K42: =TRUNC(J42*D42,1) -> 20648.1 | L42: 0
B43: 공구손료 및 잡재료 | C43: 노무비의 % | D43: 2 | E43: % | F43: =H43+J43+L43 -> 0 | G43: =I43+K43+M43 -> 1620.8 | M43: =TRUNC((K41+K42)*D43%,1) -> 1620.8
A45: =A40+1 -> 48 | B45: KP메카니컬접합 | C45: D450㎜ | D45: 1 | E45: 개소 | G45: =I45+K45+M45 -> 94207 | I45: =TRUNC(I46+I47+I48,0) -> 0 | K45: =TRUNC(K46+K47+K48,0) -> 92360 | M45: =TRUNC(M46+M47+M48,0) -> 1847 | N45: =N40 -> 토목6-2-3
B46: 배 관 공 | C46: 수도 | D46: 0.26 | E46: 인 | F46: =H46+J46+L46 -> 262580 | G46: =I46+K46+M46 -> 68270.8 | H46: 0 | J46: =노임!$D$10 -> 262580 | K46: =TRUNC(J46*D46,1) -> 68270.8 | L46: 0
B47: 보통인부 | D47: 0.14 | E47: 인 | F47: =H47+J47+L47 -> 172068 | G47: =I47+K47+M47 -> 24089.5 | H47: 0 | J47: =노임!$D$3 -> 172068 | K47: =TRUNC(J47*D47,1) -> 24089.5 | L47: 0
B48: 공구손료 및 잡재료 | C48: 노무비의 % | D48: 2 | E48: % | F48: =H48+J48+L48 -> 0 | G48: =I48+K48+M48 -> 1847.2 | M48: =TRUNC((K46+K47)*D48%,1) -> 1847.2
A50: =A45+1 -> 49 | B50: KP메카니컬접합 | C50: D500㎜ | D50: 1 | E50: 개소 | G50: =I50+K50+M50 -> 101318 | I50: =TRUNC(I51+I52+I53,0) -> 0 | K50: =TRUNC(K51+K52+K53,0) -> 99332 | M50: =TRUNC(M51+M52+M53,0) -> 1986 | N50: =N45 -> 토목6-2-3
B51: 배 관 공 | C51: 수도 | D51: 0.28 | E51: 인 | F51: =H51+J51+L51 -> 262580 | G51: =I51+K51+M51 -> 73522.4 | H51: 0 | J51: =노임!$D$10 -> 262580 | K51: =TRUNC(J51*D51,1) -> 73522.4 | L51: 0
B52: 보통인부 | D52: 0.15 | E52: 인 | F52: =H52+J52+L52 -> 172068 | G52: =I52+K52+M52 -> 25810.2 | H52: 0 | J52: =노임!$D$3 -> 172068 | K52: =TRUNC(J52*D52,1) -> 25810.2 | L52: 0
B53: 공구손료 및 잡재료 | C53: 노무비의 % | D53: 2 | E53: % | F53: =H53+J53+L53 -> 0 | G53: =I53+K53+M53 -> 1986.6 | M53: =TRUNC((K51+K52)*D53%,1) -> 1986.6
A55: =A50+1 -> 50 | B55: KP메카니컬접합 | C55: D600㎜ | D55: 1 | E55: 개소 | G55: =I55+K55+M55 -> 122653 | I55: =TRUNC(I56+I57+I58,0) -> 0 | K55: =TRUNC(K56+K57+K58,0) -> 120249 | M55: =TRUNC(M56+M57+M58,0) -> 2404 | N55: =N50 -> 토목6-2-3
B56: 배 관 공 | C56: 수도 | D56: 0.34 | E56: 인 | F56: =H56+J56+L56 -> 262580 | G56: =I56+K56+M56 -> 89277.2 | H56: 0 | J56: =노임!$D$10 -> 262580 | K56: =TRUNC(J56*D56,1) -> 89277.2 | L56: 0
B57: 보통인부 | D57: 0.18 | E57: 인 | F57: =H57+J57+L57 -> 172068 | G57: =I57+K57+M57 -> 30972.2 | H57: 0 | J57: =노임!$D$3 -> 172068 | K57: =TRUNC(J57*D57,1) -> 30972.2 | L57: 0
B58: 공구손료 및 잡재료 | C58: 노무비의 % | D58: 2 | E58: % | F58: =H58+J58+L58 -> 0 | G58: =I58+K58+M58 -> 2404.9 | M58: =TRUNC((K56+K57)*D58%,1) -> 2404.9
A60: =A55+1 -> 51 | B60: KP메카니컬접합 | C60: D700㎜ | D60: 1 | E60: 개소 | G60: =I60+K60+M60 -> 141310 | I60: =TRUNC(I61+I62+I63,0) -> 0 | K60: =TRUNC(K61+K62+K63,0) -> 138540 | M60: =TRUNC(M61+M62+M63,0) -> 2770 | N60: =N55 -> 토목6-2-3
B61: 배 관 공 | C61: 수도 | D61: 0.39 | E61: 인 | F61: =H61+J61+L61 -> 262580 | G61: =I61+K61+M61 -> 102406.2 | H61: 0 | J61: =노임!$D$10 -> 262580 | K61: =TRUNC(J61*D61,1) -> 102406.2 | L61: 0
B62: 보통인부 | D62: 0.21 | E62: 인 | F62: =H62+J62+L62 -> 172068 | G62: =I62+K62+M62 -> 36134.2 | H62: 0 | J62: =노임!$D$3 -> 172068 | K62: =TRUNC(J62*D62,1) -> 36134.2 | L62: 0
B63: 공구손료 및 잡재료 | C63: 노무비의 % | D63: 2 | E63: % | F63: =H63+J63+L63 -> 0 | G63: =I63+K63+M63 -> 2770.8 | M63: =TRUNC((K61+K62)*D63%,1) -> 2770.8
A65: =A60+1 -> 52 | B65: KP메카니컬접합 | C65: D800㎜ | D65: 1 | E65: 개소 | G65: =I65+K65+M65 -> 159967 | I65: =TRUNC(I66+I67+I68,0) -> 0 | K65: =TRUNC(K66+K67+K68,0) -> 156831 | M65: =TRUNC(M66+M67+M68,0) -> 3136 | N65: =N60 -> 토목6-2-3
B66: 배 관 공 | C66: 수도 | D66: 0.44 | E66: 인 | F66: =H66+J66+L66 -> 262580 | G66: =I66+K66+M66 -> 115535.2 | H66: 0 | J66: =노임!$D$10 -> 262580 | K66: =TRUNC(J66*D66,1) -> 115535.2 | L66: 0
B67: 보통인부 | D67: 0.24 | E67: 인 | F67: =H67+J67+L67 -> 172068 | G67: =I67+K67+M67 -> 41296.3 | H67: 0 | J67: =노임!$D$3 -> 172068 | K67: =TRUNC(J67*D67,1) -> 41296.3 | L67: 0
B68: 공구손료 및 잡재료 | C68: 노무비의 % | D68: 2 | E68: % | F68: =H68+J68+L68 -> 0 | G68: =I68+K68+M68 -> 3136.6 | M68: =TRUNC((K66+K67)*D68%,1) -> 3136.6
A70: =A65+1 -> 53 | B70: KP메카니컬접합 | C70: D900㎜ | D70: 1 | E70: 개소 | G70: =I70+K70+M70 -> 176869 | I70: =TRUNC(I71+I72+I73,0) -> 0 | K70: =TRUNC(K71+K72+K73,0) -> 173401 | M70: =TRUNC(M71+M72+M73,0) -> 3468 | N70: =N65 -> 토목6-2-3
B71: 배 관 공 | C71: 수도 | D71: 0.49 | E71: 인 | F71: =H71+J71+L71 -> 262580 | G71: =I71+K71+M71 -> 128664.2 | H71: 0 | J71: =노임!$D$10 -> 262580 | K71: =TRUNC(J71*D71,1) -> 128664.2 | L71: 0
B72: 보통인부 | D72: 0.26 | E72: 인 | F72: =H72+J72+L72 -> 172068 | G72: =I72+K72+M72 -> 44737.6 | H72: 0 | J72: =노임!$D$3 -> 172068 | K72: =TRUNC(J72*D72,1) -> 44737.6 | L72: 0
B73: 공구손료 및 잡재료 | C73: 노무비의 % | D73: 2 | E73: % | F73: =H73+J73+L73 -> 0 | G73: =I73+K73+M73 -> 3468 | M73: =TRUNC((K71+K72)*D73%,1) -> 3468
A75: =A70+1 -> 54 | B75: KP메카니컬접합 | C75: D1000㎜ | D75: 1 | E75: 개소 | G75: =I75+K75+M75 -> 195525 | I75: =TRUNC(I76+I77+I78,0) -> 0 | K75: =TRUNC(K76+K77+K78,0) -> 191692 | M75: =TRUNC(M76+M77+M78,0) -> 3833 | N75: =N70 -> 토목6-2-3
B76: 배 관 공 | C76: 수도 | D76: 0.54 | E76: 인 | F76: =H76+J76+L76 -> 262580 | G76: =I76+K76+M76 -> 141793.2 | H76: 0 | J76: =노임!$D$10 -> 262580 | K76: =TRUNC(J76*D76,1) -> 141793.2 | L76: 0
B77: 보통인부 | D77: 0.29 | E77: 인 | F77: =H77+J77+L77 -> 172068 | G77: =I77+K77+M77 -> 49899.7 | H77: 0 | J77: =노임!$D$3 -> 172068 | K77: =TRUNC(J77*D77,1) -> 49899.7 | L77: 0
B78: 공구손료 및 잡재료 | C78: 노무비의 % | D78: 2 | E78: % | F78: =H78+J78+L78 -> 0 | G78: =I78+K78+M78 -> 3833.8 | M78: =TRUNC((K76+K77)*D78%,1) -> 3833.8
A80: =A75+1 -> 55 | B80: KP메카니컬접합 | C80: D1100㎜ | D80: 1 | E80: 개소 | G80: =I80+K80+M80 -> 216861 | I80: =TRUNC(I81+I82+I83,0) -> 0 | K80: =TRUNC(K81+K82+K83,0) -> 212609 | M80: =TRUNC(M81+M82+M83,0) -> 4252 | N80: =N75 -> 토목6-2-3
B81: 배 관 공 | C81: 수도 | D81: 0.6 | E81: 인 | F81: =H81+J81+L81 -> 262580 | G81: =I81+K81+M81 -> 157548 | H81: 0 | J81: =노임!$D$10 -> 262580 | K81: =TRUNC(J81*D81,1) -> 157548 | L81: 0
B82: 보통인부 | D82: 0.32 | E82: 인 | F82: =H82+J82+L82 -> 172068 | G82: =I82+K82+M82 -> 55061.7 | H82: 0 | J82: =노임!$D$3 -> 172068 | K82: =TRUNC(J82*D82,1) -> 55061.7 | L82: 0
B83: 공구손료 및 잡재료 | C83: 노무비의 % | D83: 2 | E83: % | F83: =H83+J83+L83 -> 0 | G83: =I83+K83+M83 -> 4252.1 | M83: =TRUNC((K81+K82)*D83%,1) -> 4252.1
A85: =A80+1 -> 56 | B85: KP메카니컬접합 | C85: D1200㎜ | D85: 1 | E85: 개소 | G85: =I85+K85+M85 -> 235518 | I85: =TRUNC(I86+I87+I88,0) -> 0 | K85: =TRUNC(K86+K87+K88,0) -> 230900 | M85: =TRUNC(M86+M87+M88,0) -> 4618 | N85: =N80 -> 토목6-2-3
B86: 배 관 공 | C86: 수도 | D86: 0.65 | E86: 인 | F86: =H86+J86+L86 -> 262580 | G86: =I86+K86+M86 -> 170677 | H86: 0 | J86: =노임!$D$10 -> 262580 | K86: =TRUNC(J86*D86,1) -> 170677 | L86: 0
B87: 보통인부 | D87: 0.35 | E87: 인 | F87: =H87+J87+L87 -> 172068 | G87: =I87+K87+M87 -> 60223.8 | H87: 0 | J87: =노임!$D$3 -> 172068 | K87: =TRUNC(J87*D87,1) -> 60223.8 | L87: 0
B88: 공구손료 및 잡재료 | C88: 노무비의 % | D88: 2 | E88: % | F88: =H88+J88+L88 -> 0 | G88: =I88+K88+M88 -> 4618 | M88: =TRUNC((K86+K87)*D88%,1) -> 4618
A90: =A85+1 -> 57 | B90: KP메카니컬접합 | C90: D80㎜, 이탈방지압륜 | D90: 1 | E90: 개소 | G90: =I90+K90+M90 -> 0 | I90: =TRUNC(I91+I92+I93+I94,0) -> 0 | K90: =TRUNC(K91+K92+K93+K94,0) -> 0 | M90: =TRUNC(M91+M92+M93+M94,0) -> 0 | N90: 삭제
B91: 배 관 공 | C91: 수도 | E91: 인 | F91: =H91+J91+L91 -> 262580 | G91: =I91+K91+M91 -> 0 | H91: 0 | J91: =노임!$D$10 -> 262580 | K91: =TRUNC(J91*D91,1) -> 0 | L91: 0
B92: 보통인부 | E92: 인 | F92: =H92+J92+L92 -> 172068 | G92: =I92+K92+M92 -> 0 | H92: 0 | J92: =노임!$D$3 -> 172068 | K92: =TRUNC(J92*D92,1) -> 0 | L92: 0
B93: 이탈방지압륜 할증 | C93: 노무비의 % | D93: 30 | E93: % | K93: =TRUNC((K91+K92)*D93%,1) -> 0
B94: 공구손료 및 잡재료 | C94: 노무비의 % | D94: 2 | E94: % | F94: =H94+J94+L94 -> 0 | G94: =I94+K94+M94 -> 0 | M94: =TRUNC(K90*D94%,1) -> 0
A96: =A90+1 -> 58 | B96: KP메카니컬접합 | C96: D100㎜이하, 이탈방지압륜 | D96: 1 | E96: 개소 | G96: =I96+K96+M96 -> 36980 | I96: =TRUNC(I97+I98+I99+I100,0) -> 0 | K96: =TRUNC(K97+K98+K99+K100,0) -> 36255 | M96: =TRUNC(M97+M98+M99+M100,0) -> 725 | N96: =N85 -> 토목6-2-3
B97: 배 관 공 | C97: 수도 | D97: =D11 -> 0.08 | E97: 인 | F97: =H97+J97+L97 -> 262580 | G97: =I97+K97+M97 -> 21006.4 | H97: 0 | J97: =노임!$D$10 -> 262580 | K97: =TRUNC(J97*D97,1) -> 21006.4 | L97: 0
B98: 보통인부 | D98: =D12 -> 0.04 | E98: 인 | F98: =H98+J98+L98 -> 172068 | G98: =I98+K98+M98 -> 6882.7 | H98: 0 | J98: =노임!$D$3 -> 172068 | K98: =TRUNC(J98*D98,1) -> 6882.7 | L98: 0
B99: 이탈방지압륜 할증 | C99: 노무비의 % | D99: 30 | E99: % | K99: =TRUNC((K97+K98)*D99%,1) -> 8366.7
B100: 공구손료 및 잡재료 | C100: 노무비의 % | D100: 2 | E100: % | F100: =H100+J100+L100 -> 0 | G100: =I100+K100+M100 -> 725.1 | M100: =TRUNC(K96*D100%,1) -> 725.1
A102: =A96+1 -> 59 | B102: KP메카니컬접합 | C102: D150㎜, 이탈방지압륜 | D102: 1 | E102: 개소 | G102: =I102+K102+M102 -> 46225 | I102: =TRUNC(I103+I104+I105+I106,0) -> 0 | K102: =TRUNC(K103+K104+K105+K106,0) -> 45319 | M102: =TRUNC(M103+M104+M105+M106,0) -> 906 | N102: =N96 -> 토목6-2-3
B103: 배 관 공 | C103: 수도 | D103: =D16 -> 0.1 | E103: 인 | F103: =H103+J103+L103 -> 262580 | G103: =I103+K103+M103 -> 26258 | H103: 0 | J103: =노임!$D$10 -> 262580 | K103: =TRUNC(J103*D103,1) -> 26258 | L103: 0
B104: 보통인부 | D104: =D17 -> 0.05 | E104: 인 | F104: =H104+J104+L104 -> 172068 | G104: =I104+K104+M104 -> 8603.4 | H104: 0 | J104: =노임!$D$3 -> 172068 | K104: =TRUNC(J104*D104,1) -> 8603.4 | L104: 0
B105: 이탈방지압륜 할증 | C105: 노무비의 % | D105: 30 | E105: % | K105: =TRUNC((K103+K104)*D105%,1) -> 10458.4
B106: 공구손료 및 잡재료 | C106: 노무비의 % | D106: 2 | E106: % | F106: =H106+J106+L106 -> 0 | G106: =I106+K106+M106 -> 906.3 | M106: =TRUNC(K102*D106%,1) -> 906.3
A108: =A102+1 -> 60 | B108: KP메카니컬접합 | C108: D200㎜, 이탈방지압륜 | D108: 1 | E108: 개소 | G108: =I108+K108+M108 -> 61234 | I108: =TRUNC(I109+I110+I111+I112,0) -> 0 | K108: =TRUNC(K109+K110+K111+K112,0) -> 60034 | M108: =TRUNC(M109+M110+M111+M112,0) -> 1200 | N108: =N102 -> 토목6-2-3
B109: 배 관 공 | C109: 수도 | D109: =D21 -> 0.13 | E109: 인 | F109: =H109+J109+L109 -> 262580 | G109: =I109+K109+M109 -> 34135.4 | H109: 0 | J109: =노임!$D$10 -> 262580 | K109: =TRUNC(J109*D109,1) -> 34135.4 | L109: 0
B110: 보통인부 | D110: =D22 -> 0.07 | E110: 인 | F110: =H110+J110+L110 -> 172068 | G110: =I110+K110+M110 -> 12044.7 | H110: 0 | J110: =노임!$D$3 -> 172068 | K110: =TRUNC(J110*D110,1) -> 12044.7 | L110: 0
B111: 이탈방지압륜 할증 | C111: 노무비의 % | D111: 30 | E111: % | K111: =TRUNC((K109+K110)*D111%,1) -> 13854
B112: 공구손료 및 잡재료 | C112: 노무비의 % | D112: 2 | E112: % | F112: =H112+J112+L112 -> 0 | G112: =I112+K112+M112 -> 1200.6 | M112: =TRUNC(K108*D112%,1) -> 1200.6
A114: =A108+1 -> 61 | B114: KP메카니컬접합 | C114: D250㎜, 이탈방지압륜 | D114: 1 | E114: 개소 | G114: =I114+K114+M114 -> 70479 | I114: =TRUNC(I115+I116+I117+I118,0) -> 0 | K114: =TRUNC(K115+K116+K117+K118,0) -> 69098 | M114: =TRUNC(M115+M116+M117+M118,0) -> 1381 | N114: =N108 -> 토목6-2-3
B115: 배 관 공 | C115: 수도 | D115: =D26 -> 0.15 | E115: 인 | F115: =H115+J115+L115 -> 262580 | G115: =I115+K115+M115 -> 39387 | H115: 0 | J115: =노임!$D$10 -> 262580 | K115: =TRUNC(J115*D115,1) -> 39387 | L115: 0
