Workbook
Name _15A: [2]가격조사서!$D$4:$D$11
Name _B22: [3]일위대가!$1400:$1413=[3]일위대가!$A$1400
Name _DAN2: [4]단가조사서!$M$1:$N$65536
Name _JIP1: [4]집계표!$A$1:$K$65536
Name _K02: [3]일위대가!$732:$745=[3]일위대가!$A$732
Name _O03: [3]일위대가!$1516:$1529=[3]일위대가!$A$1516
Name _QTY1: [7]SHEET2!$F$3:$F$101
Name _RAN5: [8]토목품셈!$D$1:$AI$146
Name _RAN6: [8]토목품셈!$BO$1:$BZ$25
Name _RAN7: [8]토목품셈!$CB$1:$CJ$24
Name ABCD: [9]CABdata!$E$22:$F$46
Name A노임단가: '[10]노무비(DB)'!$A$1:$D$208
Name bdfgdgr: [11]!Macro8
Name bdfgdgr: [11]!Macro8
Name bdfgdgr: [11]!Macro8
Name bdfgdgr: [11]!Macro8
Name bdfgdgr: [11]!Macro8
Name bdfgdgr: [11]!Macro8
Name bdfgdgr: [11]!Macro8
Name bdfgdgr: [11]!Macro8
Name bdfgdgr: [11]!Macro8
Name bdfgdgr: [11]!Macro8
Name bdfgdgr: [11]!Macro8
Name bdfgdgr: [11]!Macro8
Name bdfgdgr: [11]!Macro8
Name BLDG: [12]LEGEND!$D$8
Name CABDIA: [9]MOTOR!$A$86:$B$408
Name CABLEA: [9]MOTOR!$B$66:$C$82
Name CABLEB: [9]MOTOR!$D$66:$E$82
Name CABLED: [9]MOTOR!$F$66:$G$82
Name CABLEE: [9]MOTOR!$H$66:$I$82
Name CAB허용: [9]MOTOR!$J$66:$N$81
Name cds: [0]!cds
Name cds가로등: [0]!cds가로등
Name CIRCUIT: [13]Sheet1!$C$4:$D$10
Name CLIENT: [12]LEGEND!$D$6
Name CTC: [14]DATA!$H$30:$I$57
Name DANGA_: '[15]Y-WORK'!$D$19:$D$19,'[15]Y-WORK'!$F$19:$BD$19
Name DAT: [16]MCC제원!$A$5:$AG$80
Name ddd가로등: [0]!ddd가로등
Name dfffffs: [0]!dfffffs
Name dffffs가로등: [0]!dffffs가로등
Name dfs가로등: [0]!dfs가로등
Name df가로등: [0]!df가로등
Name DGS: [17]data!$S$4:$T$32
Name EJ: [18]소비자가!$I$46:$J$1593
Name EssAliasTable: "Default"
Name EssOptions: "A1100000000130001000001100000_0000"
Name hidden: [20]TABLE!$H$1,[20]TABLE!$J$1,[20]TABLE!$K$1
Name HIT: '[21]2F 회의실견적(5_14 일대)'!$J$31
Name IEC: '[16]허용전류-IEC DATA'!$A$1:$E$352
Name ilch: [22]ilch!$A$3:$M$25
Name JODO: [17]data!$AA$4:$AE$14
Name KO: '[23]D-RMIL'!$B$7:$C$19
Name KYNGSADO: [24]!KYNGSADO
Name KYNGSADO: [24]!KYNGSADO
Name KYNGSADO: [24]!KYNGSADO
Name KYNGSADO: [24]!KYNGSADO
Name KYNGSADO: [24]!KYNGSADO
Name KYNGSADO: [24]!KYNGSADO

Sheet 견적서
B2: 견 적 서
B5: 문 서 번 호 | G5: DH18-260403-01 | U5: 공 급 자 | W5: 등록번호 | Z5: 140-81-34127
B6: 수 신 | G6: 서울특별시 동부수도사업소 | W6: 상 호 | Z6: (주)대호스토퍼 | AG6: 대표 | AJ6: 이 영 호 | AP6: (인)
W7: 소 재 지 | Z7: 경기도 안산시 단원구 시우로 114(초지동)
B8: 담 당 자 | S8: 귀중 | W8: 업 태 | Z8: 제조업 외 | AG8: 종목 | AJ8: 상하수도설비공사 외
B9: 연 락 처 | W9: 회사전화 | Z9: 031-496-9488 | AG9: 회사팩스 | AJ9: 031-496-9349
B10: 작 성 일 | G10: 46115 | W10: 담 당 자 | Z10: 백승리 차장 | AG10: 휴대전화 | AJ10: 010-5013-7776
B11: 유 효 기 간 | G11: 12개월 | W11: E-Mail | Z11: dhcstopper@hanmail.net
B12: 견 적 명 | G12: 2026년 아차산역 일대 장기사용 배수관 정비공사 부단수 차단공법 선정
B14: 합 계 금 액 | G14: 일금 | I14: =AB14 -> 0 | Y14: 원정 | AA14: ( | AB14: =AJ32 -> 0 | AL14: ) | AM14: (VAT포함)
B16: 아래와 같이 견적을 제출합니다.
B17: 품 명 | G17: 규 격 | L17: 수량 | N17: 단 위 | P17: 재 료 비 | U17: 노 무 비 | Z17: 경 비 | AE17: 소 계 | AJ17: 금 액 | AO17: 비고
B18: 부단수 차단 | G18: 700 | L18: 2 | N18: 개소 | P18: ='내역서(700)'!H5 -> 16824354 | U18: ='내역서(700)'!J5 -> 12637708 | Z18: ='내역서(700)'!L5 -> 8440208 | AE18: =SUM(P18:AD18) -> 37902270 | AJ18: =AE18*L18 -> 75804540 | AO18: 야간
B19: " | G19: 1350 | L19: 1 | N19: 개소 | P19: ='내역서(1350)'!H5 -> 42042653 | U19: ='내역서(1350)'!J5 -> 29448519 | Z19: ='내역서(1350)'!L5 -> 13996950 | AE19: =SUM(P19:AD19) -> 85488122 | AJ19: =AE19*L19 -> 85488122
B31: 단수정리
B32: 합 계(TOTAL) | AJ32: =AJ20+AJ23+AJ26+AJ28+AJ31 -> 0
B33: MEMO | D33: 1. 토공, 가시설공, 피팅부 관보호공(H빔보강)등 부단수 차단 외 공종에 대한 공통 공사비 제외 2. '26년 기준 단가 적용(야간 시공비 적용) 3. 가배관 자재 및 보강 별도(단, 부설비 포함) 4. 납품방법 : 현장설치도 5. 설계가 견적 기준

Sheet 내역서(700)
B1: 부단수 차단공사 설계서
B2: <순공사비내역서>
B3: 공 종 명 | D3: 규 격 | E3: 수량 | F3: 단위 | G3: 재 료 비 | I3: 노 무 비 | K3: 경 비 | M3: 합 계 | O3: 비 고
G4: 단 가 | H4: 금 액 | I4: 단 가 | J4: 금 액 | K4: 단 가 | L4: 금 액 | M4: 단 가 | N4: 금 액
C5: 라인스토핑(강관제) | D5: 700 | H5: =SUM(H6:H17) -> 16824354 | J5: =SUM(J6:J17) -> 12637708 | L5: =SUM(L6:L17) -> 8440208 | N5: =H5+J5+L5 -> 37902270
B6: 1 | C6: 바탕처리(강관제) | D6: 700 | E6: 1 | F6: nr | G6: =H25 -> 265 | H6: =TRUNC(G6*$E6,0) -> 265 | I6: =J25 -> 132091 | J6: =TRUNC(I6*$E6,0) -> 132091 | K6: =L25 -> 394 | L6: =TRUNC(K6*$E6,0) -> 394 | M6: =G6+I6+K6 -> 132750 | N6: =H6+J6+L6 -> 132750 | O6: =B31 -> 3
B7: 2 | C7: 부단수 할정자관 부설 및 접합(강관제) | D7: 700 | E7: 1 | F7: nr | G7: =H42 -> 6861371 | H7: =TRUNC(G7*$E7,0) -> 6861371 | I7: =J42 -> 2326038 | J7: =TRUNC(I7*$E7,0) -> 2326038 | K7: =L42 -> 455081 | L7: =TRUNC(K7*$E7,0) -> 455081 | M7: =G7+I7+K7 -> 9642490 | N7: =H7+J7+L7 -> 9642490 | O7: =B37 -> 4
B8: 3 | C8: 샌드위치 밸브 부설 및 접합 | D8: 600 | E8: 1 | F8: nr | G8: =H70 -> 136480 | H8: =TRUNC(G8*$E8,0) -> 136480 | I8: =J70 -> 648222 | J8: =TRUNC(I8*$E8,0) -> 648222 | K8: =L70 -> 636188 | L8: =TRUNC(K8*$E8,0) -> 636188 | M8: =G8+I8+K8 -> 1420890 | N8: =H8+J8+L8 -> 1420890 | O8: =B66 -> 8
B9: 4 | C9: 부단수천공 분기점 분기/철거 | D9: 600 | E9: 1 | F9: nr | G9: =H91 -> 2363365 | H9: =TRUNC(G9*$E9,0) -> 2363365 | I9: =J91 -> 2570426 | J9: =TRUNC(I9*$E9,0) -> 2570426 | K9: =L91 -> 4274817 | L9: =TRUNC(K9*$E9,0) -> 4274817 | M9: =G9+I9+K9 -> 9208608 | N9: =H9+J9+L9 -> 9208608 | O9: =B78 -> 10
B10: 5 | C10: 등압관 설치/철거 | D10: 50 | E10: 1 | F10: nr | G10: =H145 -> 441147 | H10: =TRUNC(G10*$E10,0) -> 441147 | I10: =J145 -> 348986 | J10: =TRUNC(I10*$E10,0) -> 348986 | K10: =L145 -> 6906 | L10: =TRUNC(K10*$E10,0) -> 6906 | M10: =G10+I10+K10 -> 797039 | N10: =H10+J10+L10 -> 797039 | O10: =B137 -> 18
B11: 6 | C11: 부단수차단/철거 | D11: 700 | E11: 1 | F11: nr | G11: =H177 -> 3391044 | H11: =TRUNC(G11*$E11,0) -> 3391044 | I11: =J177 -> 3678960 | J11: =TRUNC(I11*$E11,0) -> 3678960 | K11: =L177 -> 2303647 | L11: =TRUNC(K11*$E11,0) -> 2303647 | M11: =G11+I11+K11 -> 9373651 | N11: =H11+J11+L11 -> 9373651 | O11: =B169 -> 22
B12: 7 | C12: 플러깅/철거 | D12: 600 | E12: 1 | F12: nr | G12: =H209 -> 2939562 | H12: =TRUNC(G12*$E12,0) -> 2939562 | I12: =J209 -> 931031 | J12: =TRUNC(I12*$E12,0) -> 931031 | K12: =L209 -> 403725 | L12: =TRUNC(K12*$E12,0) -> 403725 | M12: =G12+I12+K12 -> 4274318 | N12: =H12+J12+L12 -> 4274318 | O12: =B202 -> 27
B13: 8 | C13: 샌드위치 밸브 철거 | D13: 600 | E13: 1 | F13: nr | G13: =H234 -> 0 | H13: =TRUNC(G13*$E13,0) -> 0 | I13: =J234 -> 259594 | J13: =TRUNC(I13*$E13,0) -> 259594 | K13: =L234 -> 38090 | L13: =TRUNC(K13*$E13,0) -> 38090 | M13: =G13+I13+K13 -> 297684 | N13: =H13+J13+L13 -> 297684 | O13: =B230 -> 31
B14: 9 | C14: 마개플랜지 부설 및 접합 | D14: 600 | E14: 1 | F14: nr | G14: =H241 -> 691120 | H14: =TRUNC(G14*$E14,0) -> 691120 | I14: =J241 -> 300509 | J14: =TRUNC(I14*$E14,0) -> 300509 | K14: =L241 -> 18006 | L14: =TRUNC(K14*$E14,0) -> 18006 | M14: =G14+I14+K14 -> 1009635 | N14: =H14+J14+L14 -> 1009635 | O14: =B236 -> 32
B15: 10 | C15: 사전조사 | D15: 700 | E15: 1 | F15: nr | G15: =H256 -> 0 | H15: =TRUNC(G15*$E15,0) -> 0 | I15: =J256 -> 628835 | J15: =TRUNC(I15*$E15,0) -> 628835 | K15: =L256 -> 0 | L15: =TRUNC(K15*$E15,0) -> 0 | M15: =G15+I15+K15 -> 628835 | N15: =H15+J15+L15 -> 628835 | O15: =B254 -> 35
B16: 11 | C16: 장비운반비 | D16: 700 | E16: 1 | F16: set | G16: =H260 -> 0 | H16: =TRUNC(G16*$E16,0) -> 0 | I16: =J260 -> 0 | J16: =TRUNC(I16*$E16,0) -> 0 | K16: =L260 -> 303354 | L16: =TRUNC(K16*$E16,0) -> 303354 | M16: =G16+I16+K16 -> 303354 | N16: =H16+J16+L16 -> 303354 | O16: =B258 -> 36
B17: 12 | C17: 밸브개폐비 | D17: 600 | E17: 1 | F17: nr | G17: =H264 -> 0 | H17: =TRUNC(G17*$E17,0) -> 0 | I17: =J264 -> 813016 | J17: =TRUNC(I17*$E17,0) -> 813016 | K17: =L264 -> 0 | L17: =TRUNC(K17*$E17,0) -> 0 | M17: =G17+I17+K17 -> 813016 | N17: =H17+J17+L17 -> 813016 | O17: =B262 -> 37
B19: <일위대가표>
B20: 공 종 명 | D20: 규 격 | E20: 수량 | F20: 단위 | G20: 재 료 비 | I20: 노 무 비 | K20: 경 비 | M20: 합 계 | O20: 비 고
G21: 단 가 | H21: 금 액 | I21: 단 가 | J21: 금 액 | K21: 단 가 | L21: 금 액 | M21: 단 가 | N21: 금 액
B22: 1 | C22: 바탕처리(강관제) | D22: 700 | E22: 1 | F22: nr
C23: 강관 도복장 제거 | E23: 1 | F23: nr | G23: 0 | H23: =TRUNC(G23*$E23,0) -> 0 | I23: =J29 -> 107434 | J23: =TRUNC(I23*$E23,0) -> 107434 | K23: 0 | L23: =TRUNC(K23*$E23,0) -> 0 | M23: =G23+I23+K23 -> 107434 | N23: =H23+J23+L23 -> 107434 | O23: =B27 -> 2
C24: 표면정리 | D24: #180 | E24: 1 | F24: nr | G24: 265 | H24: =TRUNC(G24*$E24,0) -> 265 | I24: =J35 -> 24657 | J24: =TRUNC(I24*$E24,0) -> 24657 | K24: 394 | L24: =TRUNC(K24*$E24,0) -> 394 | M24: =G24+I24+K24 -> 25316 | N24: =H24+J24+L24 -> 25316 | O24: =B31 -> 3
C25: 계 | H25: =SUM(H23:H24) -> 265 | J25: =SUM(J23:J24) -> 132091 | L25: =SUM(L23:L24) -> 394 | N25: =H25+J25+L25 -> 132750
B27: =B22+1 -> 2 | C27: 강관 도복장 제거 | D27: 700 | E27: 1 | F27: nr
C28: 보통인부 | E28: 0.333 | F28: 인 | H28: =TRUNC(G28*$E28,0) -> 0 | I28: =노임!$D$17 -> 322627 | J28: =TRUNC(I28*$E28,0) -> 107434 | L28: =TRUNC(K28*$E28,0) -> 0 | M28: =G28+I28+K28 -> 322627 | N28: =H28+J28+L28 -> 107434
C29: 계 | H29: =SUM(H28:H28) -> 0 | J29: =SUM(J28:J28) -> 107434 | L29: =SUM(L28:L28) -> 0 | N29: =H29+J29+L29 -> 107434
B31: =B27+1 -> 3 | C31: 표면정리 | D31: 700 | E31: 1 | F31: nr
C32: 도장공 | E32: 0.05 | F32: 인 | H32: =TRUNC(G32*$E32,0) -> 0 | I32: =노임!$D$23 -> 493156 | J32: =TRUNC(I32*$E32,0) -> 24657 | L32: =TRUNC(K32*$E32,0) -> 0 | M32: =G32+I32+K32 -> 493156 | N32: =H32+J32+L32 -> 24657
C33: 연마지 | D33: #180 | E33: 0.83 | F33: 매 | G33: 320 | H33: =TRUNC(G33*$E33,0) -> 265 | J33: =TRUNC(I33*$E33,0) -> 0 | L33: =TRUNC(K33*$E33,0) -> 0 | M33: =G33+I33+K33 -> 320 | N33: =H33+J33+L33 -> 265
C34: 공구손료 | D34: 도장공 인력품의 | E34: 0.03 | H34: =TRUNC(G34*$E34,0) -> 0 | J34: =TRUNC(I34*$E34,0) -> 0 | K34: 13150 | L34: =TRUNC(K34*$E34,0) -> 394 | M34: =G34+I34+K34 -> 13150 | N34: =H34+J34+L34 -> 394
C35: 계 | H35: =SUM(H32:H34) -> 265 | J35: =SUM(J32:J34) -> 24657 | L35: =SUM(L32:L34) -> 394 | N35: =H35+J35+L35 -> 25316
B37: =B31+1 -> 4 | C37: 부단수 할정자관 부설 및 접합(강관제) | D37: 700 | E37: 1 | F37: nr
C38: 부단수 할정자관 부설(강관제) | D38: 700 | E38: 1 | F38: nr | G38: 0 | H38: =TRUNC(G38*$E38,0) -> 0 | I38: =J48 -> 572675 | J38: =TRUNC(I38*$E38,0) -> 572675 | K38: 84200 | L38: =TRUNC(K38*$E38,0) -> 84200 | M38: =G38+I38+K38 -> 656875 | N38: =H38+J38+L38 -> 656875 | O38: =B44 -> 5
C39: 부단수 할정자관 접합(강관제) | D39: 700 | E39: 1 | F39: nr | G39: 4900 | H39: =TRUNC(G39*$E39,0) -> 4900 | I39: =J55 -> 1366767 | J39: =TRUNC(I39*$E39,0) -> 1366767 | K39: 370881 | L39: =TRUNC(K39*$E39,0) -> 370881 | M39: =G39+I39+K39 -> 1742548 | N39: =H39+J39+L39 -> 1742548 | O39: =B50 -> 6
C40: 부단수 할정자관 접합부 도장 | D40: 700 | E40: 1 | F40: nr | G40: 28471 | H40: =TRUNC(G40*$E40,0) -> 28471 | I40: =J64 -> 386596 | J40: =TRUNC(I40*$E40,0) -> 386596 | K40: 0 | L40: =TRUNC(K40*$E40,0) -> 0 | M40: =G40+I40+K40 -> 415067 | N40: =H40+J40+L40 -> 415067 | O40: =B57 -> 7
C41: 부단수 할정자관 | D41: 700 | E41: 1 | F41: nr | G41: 6828000 | H41: =TRUNC(G41*$E41,0) -> 6828000 | J41: =TRUNC(I41*$E41,0) -> 0 | L41: =TRUNC(K41*$E41,0) -> 0 | M41: =G41+I41+K41 -> 6828000 | N41: =H41+J41+L41 -> 6828000
C42: 계 | H42: =SUM(H38:H41) -> 6861371 | J42: =SUM(J38:J41) -> 2326038 | L42: =SUM(L38:L41) -> 455081 | N42: =H42+J42+L42 -> 9642490
B44: =B37+1 -> 5 | C44: 부단수 할정자관 부설(강관제) | D44: 700 | E44: 1 | F44: nr
C45: 배관공(수도) | E45: 0.77 | F45: 인 | H45: =TRUNC(G45*$E45,0) -> 0 | I45: =노임!$D$24 -> 492337 | J45: =TRUNC(I45*$E45,0) -> 379099 | L45: =TRUNC(K45*$E45,0) -> 0 | M45: =G45+I45+K45 -> 492337 | N45: =H45+J45+L45 -> 379099
C46: 보통인부 | E46: 0.6 | F46: 인 | H46: =TRUNC(G46*$E46,0) -> 0 | I46: =노임!$D$17 -> 322627 | J46: =TRUNC(I46*$E46,0) -> 193576 | L46: =TRUNC(K46*$E46,0) -> 0 | M46: =G46+I46+K46 -> 322627 | N46: =H46+J46+L46 -> 193576
C47: 트럭탑재형크레인 | D47: 10 | E47: 0.93 | F47: hr | H47: =TRUNC(G47*$E47,0) -> 0 | J47: =TRUNC(I47*$E47,0) -> 0 | K47: 90538 | L47: =TRUNC(K47*$E47,0) -> 84200 | M47: =G47+I47+K47 -> 90538 | N47: =H47+J47+L47 -> 84200
C48: 계 | H48: =SUM(H45:H47) -> 0 | J48: =SUM(J45:J47) -> 572675 | L48: =SUM(L45:L47) -> 84200 | N48: =H48+J48+L48 -> 656875
B50: =B44+1 -> 6 | C50: 부단수 할정자관 접합(강관제) | D50: 700 | E50: 1 | F50: nr
C51: 용접공 | E51: 2.58 | F51: 인 | H51: =TRUNC(G51*$E51,0) -> 0 | I51: =노임!$D$21 -> 529755 | J51: =TRUNC(I51*$E51,0) -> 1366767 | L51: =TRUNC(K51*$E51,0) -> 0 | M51: =G51+I51+K51 -> 529755 | N51: =H51+J51+L51 -> 1366767
C52: 발전기(50KW) | E52: 6.63 | F52: hr | H52: =TRUNC(G52*$E52,0) -> 0 | J52: =TRUNC(I52*$E52,0) -> 0 | K52: 55756 | L52: =TRUNC(K52*$E52,0) -> 369662 | M52: =G52+I52+K52 -> 55756 | N52: =H52+J52+L52 -> 369662
C53: 용접기(200AMP) | E53: 13.25 | F53: hr | H53: =TRUNC(G53*$E53,0) -> 0 | J53: =TRUNC(I53*$E53,0) -> 0 | K53: 92 | L53: =TRUNC(K53*$E53,0) -> 1219 | M53: =G53+I53+K53 -> 92 | N53: =H53+J53+L53 -> 1219
C54: 용접봉(3.2㎜ KSE4301) | E54: 4.53 | F54: kg | G54: 4900 | H54: =[68]ASSUMPTION!L20 -> 4900 | J54: =TRUNC(I54*$E54,0) -> 0 | L54: =TRUNC(K54*$E54,0) -> 0 | M54: =G54+I54+K54 -> 4900 | N54: =H54+J54+L54 -> 4900
C55: 계 | H55: =SUM(H51:H54) -> 4900 | J55: =SUM(J51:J54) -> 1366767 | L55: =SUM(L51:L54) -> 370881 | N55: =H55+J55+L55 -> 1742548
B57: =B50+1 -> 7 | C57: 부단수 할정자관 접합부 도장 | D57: 700 | E57: 1 | F57: nr
C58: 도장공 | E58: 0.64 | F58: 인 | H58: =TRUNC(G58*$E58,0) -> 0 | I58: =노임!$D$23 -> 493156 | J58: =TRUNC(I58*$E58,0) -> 315619 | L58: =TRUNC(K58*$E58,0) -> 0 | M58: =G58+I58+K58 -> 493156 | N58: =H58+J58+L58 -> 315619
C59: 보통인부 | E59: 0.22 | F59: 인 | H59: =TRUNC(G59*$E59,0) -> 0 | I59: =노임!$D$17 -> 322627 | J59: =TRUNC(I59*$E59,0) -> 70977 | L59: =TRUNC(K59*$E59,0) -> 0 | M59: =G59+I59+K59 -> 322627 | N59: =H59+J59+L59 -> 70977
C60: 액상접착제 | D60: (16.8kg/18.9ℓ) CAN | E60: 0.44 | F60: kg | G60: 20747 | H60: =TRUNC(G60*$E60,0) -> 9128 | J60: =TRUNC(I60*$E60,0) -> 0 | L60: =TRUNC(K60*$E60,0) -> 0 | M60: =G60+I60+K60 -> 20747 | N60: =H60+J60+L60 -> 9128
C61: 매스틱 | D61: 3T x 40 x 6m | E61: 4.92 | F61: m | G61: 2800 | H61: =TRUNC(G61*$E61,0) -> 13776 | J61: =TRUNC(I61*$E61,0) -> 0 | L61: =TRUNC(K61*$E61,0) -> 0 | M61: =G61+I61+K61 -> 2800 | N61: =H61+J61+L61 -> 13776
C62: 안쪽층테이프 | D62: 0.508㎜ x 100㎜ x 30m | E62: 3.68 | F62: ㎡ | G62: 773 | H62: =TRUNC(G62*$E62,0) -> 2844 | J62: =TRUNC(I62*$E62,0) -> 0 | L62: =TRUNC(K62*$E62,0) -> 0 | M62: =G62+I62+K62 -> 773 | N62: =H62+J62+L62 -> 2844
C63: 바깥층테이프 | D63: 0.381㎜ x 100㎜ x 30m | E63: 3.68 | F63: ㎡ | G63: 740 | H63: =TRUNC(G63*$E63,0) -> 2723 | J63: =TRUNC(I63*$E63,0) -> 0 | L63: =TRUNC(K63*$E63,0) -> 0 | M63: =G63+I63+K63 -> 740 | N63: =H63+J63+L63 -> 2723
C64: 계 | H64: =SUM(H58:H63) -> 28471 | J64: =SUM(J58:J63) -> 386596 | L64: =SUM(L58:L63) -> 0 | N64: =H64+J64+L64 -> 415067
B66: =B57+1 -> 8 | C66: 샌드위치 밸브 부설 및 접합 | D66: 600 | E66: 1 | F66: nr
C67: 샌드위치 밸브 부설 및 접합(손료제외) | D67: 600 | E67: 1 | F67: nr | G67: 0 | H67: =TRUNC(G67*$E67,0) -> 0 | I67: =J76 -> 648222 | J67: =TRUNC(I67*$E67,0) -> 648222 | K67: 94879 | L67: =TRUNC(K67*$E67,0) -> 94879 | M67: =G67+I67+K67 -> 743101 | N67: =H67+J67+L67 -> 743101 | O67: =B72 -> 9
C68: 샌드위치 밸브 손료 | D68: 700 | E68: 37.96 | F68: hr | H68: =TRUNC(G68*$E68,0) -> 0 | J68: =TRUNC(I68*$E68,0) -> 0 | K68: 14260 | L68: =TRUNC(K68*$E68,0) -> 541309 | M68: =G68+I68+K68 -> 14260 | N68: =H68+J68+L68 -> 541309
C69: 플랜지접합부속 | D69: 600 | E69: 1 | F69: nr | G69: 136480 | H69: =TRUNC(G69*$E69,0) -> 136480 | J69: =TRUNC(I69*$E69,0) -> 0 | L69: =TRUNC(K69*$E69,0) -> 0 | M69: =G69+I69+K69 -> 136480 | N69: =H69+J69+L69 -> 136480
C70: 계 | H70: =SUM(H67:H69) -> 136480 | J70: =SUM(J67:J69) -> 648222 | L70: =SUM(L67:L69) -> 636188 | N70: =H70+J70+L70 -> 1420890
B72: =B66+1 -> 9 | C72: 샌드위치 밸브 부설 및 접합(손료제외) | D72: 600 | E72: 1 | F72: nr
C73: 배관공(수도) | E73: 0.93 | F73: 인 | H73: =TRUNC(G73*$E73,0) -> 0 | I73: =노임!$D$24 -> 492337 | J73: =TRUNC(I73*$E73,0) -> 457873 | L73: =TRUNC(K73*$E73,0) -> 0 | M73: =G73+I73+K73 -> 492337 | N73: =H73+J73+L73 -> 457873
C74: 보통인부 | E74: 0.59 | F74: 인 | H74: =TRUNC(G74*$E74,0) -> 0 | I74: =노임!$D$17 -> 322627 | J74: =TRUNC(I74*$E74,0) -> 190349 | L74: =TRUNC(K74*$E74,0) -> 0 | M74: =G74+I74+K74 -> 322627 | N74: =H74+J74+L74 -> 190349
C75: 트럭탑재형크레인 | D75: 5 | E75: 1.37 | F75: hr | H75: =TRUNC(G75*$E75,0) -> 0 | J75: =TRUNC(I75*$E75,0) -> 0 | K75: 69255 | L75: =TRUNC(K75*$E75,0) -> 94879 | M75: =G75+I75+K75 -> 69255 | N75: =H75+J75+L75 -> 94879
C76: 계 | H76: =SUM(H73:H75) -> 0 | J76: =SUM(J73:J75) -> 648222 | L76: =SUM(L73:L75) -> 94879 | N76: =H76+J76+L76 -> 743101
B78: =B72+1 -> 10 | C78: 부단수천공 분기점 분기/철거 | D78: 600 | E78: 1 | F78: nr
C79: 부단수천공 분기점 분기(손료제외) | D79: 600 | E79: 1 | F79: nr | G79: 0 | H79: =TRUNC(G79*$E79,0) -> 0 | I79: =J98 -> 1323962 | J79: =TRUNC(I79*$E79,0) -> 1323962 | K79: 244470 | L79: =TRUNC(K79*$E79,0) -> 244470 | M79: =G79+I79+K79 -> 1568432 | N79: =H79+J79+L79 -> 1568432 | O79: =B93 -> 11
C80: 부단수천공기 손료 | D80: 700 | E80: 37.96 | F80: hr | H80: =TRUNC(G80*$E80,0) -> 0 | J80: =TRUNC(I80*$E80,0) -> 0 | K80: 97785 | L80: =TRUNC(K80*$E80,0) -> 3711918 | M80: =G80+I80+K80 -> 97785 | N80: =H80+J80+L80 -> 3711918
C81: 부단수천공기 운전경비 | D81: 600 | E81: 1.86 | F81: hr | G81: 9766 | H81: =TRUNC(G81*$E81,0) -> 18164 | I81: 0 | J81: =TRUNC(I81*$E81,0) -> 0 | K81: 0 | L81: =TRUNC(K81*$E81,0) -> 0 | M81: =G81+I81+K81 -> 9766 | N81: =H81+J81+L81 -> 18164 | O81: =B100 -> 12
C82: 기밀시험 | D82: 700 | E82: 1 | F82: nr | G82: 2773 | H82: =TRUNC(G82*$E82,0) -> 2773 | I82: =J109 -> 162216 | J82: =TRUNC(I82*$E82,0) -> 162216 | K82: 0 | L82: =TRUNC(K82*$E82,0) -> 0 | M82: =G82+I82+K82 -> 164989 | N82: =H82+J82+L82 -> 164989 | O82: =B105 -> 13
C83: 칩제거(손료제외) | D83: 600 | E83: 1 | F83: nr | G83: 0 | H83: =TRUNC(G83*$E83,0) -> 0 | I83: =J116 -> 396189 | J83: =TRUNC(I83*$E83,0) -> 396189 | K83: 73410 | L83: =TRUNC(K83*$E83,0) -> 73410 | M83: =G83+I83+K83 -> 469599 | N83: =H83+J83+L83 -> 469599 | O83: =B111 -> 14
C84: 칩제거기 손료 | D84: 700 | E84: 37.96 | F84: hr | H84: =TRUNC(G84*$E84,0) -> 0 | J84: =TRUNC(I84*$E84,0) -> 0 | K84: 3116 | L84: =TRUNC(K84*$E84,0) -> 118283 | M84: =G84+I84+K84 -> 3116 | N84: =H84+J84+L84 -> 118283
C85: 칩제거기 운전경비 | D85: 600 | E85: 0.56 | F85: hr | G85: 9766 | H85: =TRUNC(G85*$E85,0) -> 5468 | I85: 0 | J85: =TRUNC(I85*$E85,0) -> 0 | K85: 0 | L85: =TRUNC(K85*$E85,0) -> 0 | M85: =G85+I85+K85 -> 9766 | N85: =H85+J85+L85 -> 5468 | O85: =B118 -> 15
C86: 부단수천공기 철거 | D86: 600 | E86: 1 | F86: nr | G86: 0 | H86: =TRUNC(G86*$E86,0) -> 0 | I86: =J128 -> 526656 | J86: =TRUNC(I86*$E86,0) -> 526656 | K86: 97649 | L86: =TRUNC(K86*$E86,0) -> 97649 | M86: =G86+I86+K86 -> 624305 | N86: =H86+J86+L86 -> 624305 | O86: =B123 -> 16
C87: 칩제거기 철거 | D87: 600 | E87: 1 | F87: nr | G87: 0 | H87: =TRUNC(G87*$E87,0) -> 0 | I87: =J135 -> 161403 | J87: =TRUNC(I87*$E87,0) -> 161403 | K87: 29087 | L87: =TRUNC(K87*$E87,0) -> 29087 | M87: =G87+I87+K87 -> 190490 | N87: =H87+J87+L87 -> 190490 | O87: =B130 -> 17
C88: 컷터 | D88: 600 | E88: 1 | F88: nr | G88: 1680000 | H88: =TRUNC(G88*$E88,0) -> 1680000 | J88: =TRUNC(I88*$E88,0) -> 0 | L88: =TRUNC(K88*$E88,0) -> 0 | M88: =G88+I88+K88 -> 1680000 | N88: =H88+J88+L88 -> 1680000
C89: 드릴 | D89: 600 | E89: 1 | F89: nr | G89: 384000 | H89: =TRUNC(G89*$E89,0) -> 384000 | J89: =TRUNC(I89*$E89,0) -> 0 | L89: =TRUNC(K89*$E89,0) -> 0 | M89: =G89+I89+K89 -> 384000 | N89: =H89+J89+L89 -> 384000
C90: 플랜지접합부속 | D90: 600 | E90: 2 | F90: nr | G90: 136480 | H90: =TRUNC(G90*$E90,0) -> 272960 | J90: =TRUNC(I90*$E90,0) -> 0 | L90: =TRUNC(K90*$E90,0) -> 0 | M90: =G90+I90+K90 -> 136480 | N90: =H90+J90+L90 -> 272960
C91: 계 | H91: =SUM(H79:H90) -> 2363365 | J91: =SUM(J79:J88) -> 2570426 | L91: =SUM(L79:L88) -> 4274817 | N91: =H91+J91+L91 -> 9208608
B93: =B78+1 -> 11 | C93: 부단수천공 분기점 분기(손료제외) | D93: 600 | E93: 1 | F93: nr
C94: 일반기계운전사 | E94: 0.23 | F94: 인 | H94: =TRUNC(G94*$E94,0) -> 0 | I94: =노임!$D$28 -> 326240 | J94: =TRUNC(I94*$E94,0) -> 75035 | L94: =TRUNC(K94*$E94,0) -> 0 | M94: =G94+I94+K94 -> 326240 | N94: =H94+J94+L94 -> 75035
C95: 배관공(수도) | E95: 1.58 | F95: 인 | H95: =TRUNC(G95*$E95,0) -> 0 | I95: =노임!$D$24 -> 492337 | J95: =TRUNC(I95*$E95,0) -> 777892 | L95: =TRUNC(K95*$E95,0) -> 0 | M95: =G95+I95+K95 -> 492337 | N95: =H95+J95+L95 -> 777892
C96: 보통인부 | E96: 1.46 | F96: 인 | H96: =TRUNC(G96*$E96,0) -> 0 | I96: =노임!$D$17 -> 322627 | J96: =TRUNC(I96*$E96,0) -> 471035 | L96: =TRUNC(K96*$E96,0) -> 0 | M96: =G96+I96+K96 -> 322627 | N96: =H96+J96+L96 -> 471035
C97: 트럭탑재형크레인 | D97: 5 | E97: 3.53 | F97: hr | H97: =TRUNC(G97*$E97,0) -> 0 | J97: =TRUNC(I97*$E97,0) -> 0 | K97: 69255 | L97: =TRUNC(K97*$E97,0) -> 244470 | M97: =G97+I97+K97 -> 69255 | N97: =H97+J97+L97 -> 244470
C98: 계 | H98: =SUM(H94:H97) -> 0 | J98: =SUM(J94:J97) -> 1323962 | L98: =SUM(L94:L97) -> 244470 | N98: =H98+J98+L98 -> 1568432
B100: =B93+1 -> 12 | C100: 부단수천공기 운전경비 | D100: 600 | E100: 1 | F100: hr
C101: 주연료 | D101: 경유 | E101: 5.1 | F101: ℓ | G101: 1596 | H101: =TRUNC(G101*$E101,0) -> 8139 | J101: =TRUNC(I101*$E101,0) -> 0 | L101: =TRUNC(K101*$E101,0) -> 0 | M101: =G101+I101+K101 -> 1596 | N101: =H101+J101+L101 -> 8139
C102: 잡재료 | D102: 주연료의 | E102: 0.2 | G102: 8139 | H102: =TRUNC(G102*$E102,0) -> 1627 | J102: =TRUNC(I102*$E102,0) -> 0 | L102: =TRUNC(K102*$E102,0) -> 0 | M102: =G102+I102+K102 -> 8139 | N102: =H102+J102+L102 -> 1627
C103: 계 | H103: =SUM(H101:H102) -> 9766 | J103: =SUM(J101:J102) -> 0 | L103: =SUM(L101:L102) -> 0 | N103: =H103+J103+L103 -> 9766
B105: =B100+1 -> 13 | C105: 기밀시험 | D105: 700 | E105: 1 | F105: hr
C106: 고급품질관리원 | E106: 0.25 | F106: 인 | H106: =TRUNC(G106*$E106,0) -> 0 | I106: =노임!$D$28 -> 326240 | J106: =TRUNC(I106*$E106,0) -> 81560 | L106: =TRUNC(K106*$E106,0) -> 0 | M106: =G106+I106+K106 -> 326240 | N106: =H106+J106+L106 -> 81560
C107: 보통인부 | E107: 0.25 | F107: 인 | H107: =TRUNC(G107*$E107,0) -> 0 | I107: =노임!$D$17 -> 322627 | J107: =TRUNC(I107*$E107,0) -> 80656 | L107: =TRUNC(K107*$E107,0) -> 0 | M107: =G107+I107+K107 -> 322627 | N107: =H107+J107+L107 -> 80656
C108: 잡재료 및 공구손료 | D108: 인건비의 | E108: 0.03 | G108: 92464 | H108: =TRUNC(G108*$E108,0) -> 2773 | J108: =TRUNC(I108*$E108,0) -> 0 | L108: =TRUNC(K108*$E108,0) -> 0 | M108: =G108+I108+K108 -> 92464 | N108: =H108+J108+L108 -> 2773
C109: 계 | H109: =SUM(H106:H108) -> 2773 | J109: =SUM(J106:J108) -> 162216 | L109: =SUM(L106:L108) -> 0 | N109: =H109+J109+L109 -> 164989
B111: =B105+1 -> 14 | C111: 칩제거(손료제외) | D111: 600 | E111: 1 | F111: nr
C112: 일반기계운전사 | E112: 0.07 | F112: 인 | H112: =TRUNC(G112*$E112,0) -> 0 | I112: =노임!$D$28 -> 326240 | J112: =TRUNC(I112*$E112,0) -> 22836 | L112: =TRUNC(K112*$E112,0) -> 0 | M112: =G112+I112+K112 -> 326240 | N112: =H112+J112+L112 -> 22836
C113: 배관공(수도) | E113: 0.47 | F113: 인 | H113: =TRUNC(G113*$E113,0) -> 0 | I113: =노임!$D$24 -> 492337 | J113: =TRUNC(I113*$E113,0) -> 231398 | L113: =TRUNC(K113*$E113,0) -> 0 | M113: =G113+I113+K113 -> 492337 | N113: =H113+J113+L113 -> 231398
C114: 보통인부 | E114: 0.44 | F114: 인 | H114: =TRUNC(G114*$E114,0) -> 0 | I114: =노임!$D$17 -> 322627 | J114: =TRUNC(I114*$E114,0) -> 141955 | L114: =TRUNC(K114*$E114,0) -> 0 | M114: =G114+I114+K114 -> 322627 | N114: =H114+J114+L114 -> 141955
...

Sheet 내역서(1350)
B1: 부단수 차단공사 설계서
B2: <순공사비내역서>
B3: 공 종 명 | D3: 규 격 | E3: 수량 | F3: 단위 | G3: 재 료 비 | I3: 노 무 비 | K3: 경 비 | M3: 합 계 | O3: 비 고
G4: 단 가 | H4: 금 액 | I4: 단 가 | J4: 금 액 | K4: 단 가 | L4: 금 액 | M4: 단 가 | N4: 금 액
C5: 라인스토핑(강관제) | D5: 1350 | H5: =SUM(H6:H17) -> 42042653 | J5: =SUM(J6:J17) -> 29448519 | L5: =SUM(L6:L17) -> 13996950 | N5: =H5+J5+L5 -> 85488122
B6: 1 | C6: 바탕처리(강관제) | D6: 1350 | E6: 1 | F6: nr | G6: =H25 -> 720 | H6: =TRUNC(G6*$E6,0) -> 720 | I6: =J25 -> 362202 | J6: =TRUNC(I6*$E6,0) -> 362202 | K6: =L25 -> 1065 | L6: =TRUNC(K6*$E6,0) -> 1065 | M6: =G6+I6+K6 -> 363987 | N6: =H6+J6+L6 -> 363987 | O6: =B31 -> 3
B7: 2 | C7: 부단수 할정자관 부설 및 접합(강관제) | D7: 1350 | E7: 1 | F7: nr | G7: =H42 -> 14417885 | H7: =TRUNC(G7*$E7,0) -> 14417885 | I7: =J42 -> 8598998 | J7: =TRUNC(I7*$E7,0) -> 8598998 | K7: =L42 -> 930397 | L7: =TRUNC(K7*$E7,0) -> 930397 | M7: =G7+I7+K7 -> 23947280 | N7: =H7+J7+L7 -> 23947280 | O7: =B37 -> 4
B8: 3 | C8: 샌드위치 밸브 부설 및 접합 | D8: 900 | E8: 1 | F8: nr | G8: =H70 -> 303010 | H8: =TRUNC(G8*$E8,0) -> 303010 | I8: =J70 -> 933963 | J8: =TRUNC(I8*$E8,0) -> 933963 | K8: =L70 -> 1081584 | L8: =TRUNC(K8*$E8,0) -> 1081584 | M8: =G8+I8+K8 -> 2318557 | N8: =H8+J8+L8 -> 2318557 | O8: =B66 -> 8
B9: 4 | C9: 부단수천공 분기점 분기/철거 | D9: 900 | E9: 1 | F9: nr | G9: =H91 -> 4907155 | H9: =TRUNC(G9*$E9,0) -> 4907155 | I9: =J91 -> 4395174 | J9: =TRUNC(I9*$E9,0) -> 4395174 | K9: =L91 -> 5766184 | L9: =TRUNC(K9*$E9,0) -> 5766184 | M9: =G9+I9+K9 -> 15068513 | N9: =H9+J9+L9 -> 15068513 | O9: =B78 -> 10
B10: 5 | C10: 등압관 설치/철거 | D10: 100 | E10: 1 | F10: nr | G10: =H145 -> 441686 | H10: =TRUNC(G10*$E10,0) -> 441686 | I10: =J145 -> 441995 | J10: =TRUNC(I10*$E10,0) -> 441995 | K10: =L145 -> 84487 | L10: =TRUNC(K10*$E10,0) -> 84487 | M10: =G10+I10+K10 -> 968168 | N10: =H10+J10+L10 -> 968168 | O10: =B137 -> 18
B11: 6 | C11: 부단수차단/철거 | D11: 1350 | E11: 1 | F11: nr | G11: =H177 -> 15190577 | H11: =TRUNC(G11*$E11,0) -> 15190577 | I11: =J177 -> 10409905 | J11: =TRUNC(I11*$E11,0) -> 10409905 | K11: =L177 -> 4556115 | L11: =TRUNC(K11*$E11,0) -> 4556115 | M11: =G11+I11+K11 -> 30156597 | N11: =H11+J11+L11 -> 30156597 | O11: =B169 -> 22
B12: 7 | C12: 플러깅/철거 | D12: 900 | E12: 1 | F12: nr | G12: =H209 -> 5485950 | H12: =TRUNC(G12*$E12,0) -> 5485950 | I12: =J209 -> 1982079 | J12: =TRUNC(I12*$E12,0) -> 1982079 | K12: =L209 -> 733729 | L12: =TRUNC(K12*$E12,0) -> 733729 | M12: =G12+I12+K12 -> 8201758 | N12: =H12+J12+L12 -> 8201758 | O12: =B202 -> 27
B13: 8 | C13: 샌드위치 밸브 철거 | D13: 900 | E13: 1 | F13: nr | G13: =H234 -> 0 | H13: =TRUNC(G13*$E13,0) -> 0 | I13: =J234 -> 375554 | J13: =TRUNC(I13*$E13,0) -> 375554 | K13: =L234 -> 69460 | L13: =TRUNC(K13*$E13,0) -> 69460 | M13: =G13+I13+K13 -> 445014 | N13: =H13+J13+L13 -> 445014 | O13: =B230 -> 31
B14: 9 | C14: 마개플랜지 부설 및 접합 | D14: 900 | E14: 1 | F14: nr | G14: =H241 -> 1295670 | H14: =TRUNC(G14*$E14,0) -> 1295670 | I14: =J241 -> 475046 | J14: =TRUNC(I14*$E14,0) -> 475046 | K14: =L241 -> 22854 | L14: =TRUNC(K14*$E14,0) -> 22854 | M14: =G14+I14+K14 -> 1793570 | N14: =H14+J14+L14 -> 1793570 | O14: =B236 -> 32
B15: 10 | C15: 사전조사 | D15: 1350 | E15: 1 | F15: nr | G15: =H256 -> 0 | H15: =TRUNC(G15*$E15,0) -> 0 | I15: =J256 -> 335379 | J15: =TRUNC(I15*$E15,0) -> 335379 | K15: =L256 -> 0 | L15: =TRUNC(K15*$E15,0) -> 0 | M15: =G15+I15+K15 -> 335379 | N15: =H15+J15+L15 -> 335379 | O15: =B254 -> 35
B16: 11 | C16: 장비운반비 | D16: 1350 | E16: 1 | F16: set | G16: =H260 -> 0 | H16: =TRUNC(G16*$E16,0) -> 0 | I16: =J260 -> 0 | J16: =TRUNC(I16*$E16,0) -> 0 | K16: =L260 -> 751075 | L16: =TRUNC(K16*$E16,0) -> 751075 | M16: =G16+I16+K16 -> 751075 | N16: =H16+J16+L16 -> 751075 | O16: =B258 -> 36
B17: 12 | C17: 밸브개폐비 | D17: 900 | E17: 1 | F17: nr | G17: =H264 -> 0 | H17: =TRUNC(G17*$E17,0) -> 0 | I17: =J264 -> 1138224 | J17: =TRUNC(I17*$E17,0) -> 1138224 | K17: =L264 -> 0 | L17: =TRUNC(K17*$E17,0) -> 0 | M17: =G17+I17+K17 -> 1138224 | N17: =H17+J17+L17 -> 1138224 | O17: =B262 -> 37
B19: <일위대가표>
B20: 공 종 명 | D20: 규 격 | E20: 수량 | F20: 단위 | G20: 재 료 비 | I20: 노 무 비 | K20: 경 비 | M20: 합 계 | O20: 비 고
G21: 단 가 | H21: 금 액 | I21: 단 가 | J21: 금 액 | K21: 단 가 | L21: 금 액 | M21: 단 가 | N21: 금 액
B22: 1 | C22: 바탕처리(강관제) | D22: 1350 | E22: 1 | F22: nr
C23: 강관 도복장 제거 | E23: 1 | F23: nr | G23: =H29 -> 0 | H23: =TRUNC(G23*$E23,0) -> 0 | I23: =J29 -> 290686 | J23: =TRUNC(I23*$E23,0) -> 290686 | K23: =L29 -> 0 | L23: =TRUNC(K23*$E23,0) -> 0 | M23: =G23+I23+K23 -> 290686 | N23: =H23+J23+L23 -> 290686 | O23: =B27 -> 2
C24: 표면정리 | D24: #180 | E24: 1 | F24: nr | G24: 720 | H24: =TRUNC(G24*$E24,0) -> 720 | I24: =J35 -> 71516 | J24: =TRUNC(I24*$E24,0) -> 71516 | K24: 1065 | L24: =TRUNC(K24*$E24,0) -> 1065 | M24: =G24+I24+K24 -> 73301 | N24: =H24+J24+L24 -> 73301 | O24: =B31 -> 3
C25: 계 | H25: =SUM(H23:H24) -> 720 | J25: =SUM(J23:J24) -> 362202 | L25: =SUM(L23:L24) -> 1065 | N25: =H25+J25+L25 -> 363987
B27: =B22+1 -> 2 | C27: 강관 도복장 제거 | D27: 1350 | E27: 1 | F27: nr
C28: 보통인부 | E28: 0.901 | F28: 인 | H28: =TRUNC(G28*$E28,0) -> 0 | I28: =노임!$D$17 -> 322627 | J28: =TRUNC(I28*$E28,0) -> 290686 | L28: =TRUNC(K28*$E28,0) -> 0 | M28: =G28+I28+K28 -> 322627 | N28: =H28+J28+L28 -> 290686
C29: 계 | H29: =SUM(H28:H28) -> 0 | J29: =SUM(J28:J28) -> 290686 | L29: =SUM(L28:L28) -> 0 | N29: =H29+J29+L29 -> 290686
B31: =B27+1 -> 3 | C31: 표면정리 | D31: 1350 | E31: 1 | F31: nr
C32: 도장공 | E32: 0.135 | F32: 인 | H32: =TRUNC(G32*$E32,0) -> 0 | I32: =노임!$D$21 -> 529755 | J32: =TRUNC(I32*$E32,0) -> 71516 | L32: =TRUNC(K32*$E32,0) -> 0 | M32: =G32+I32+K32 -> 529755 | N32: =H32+J32+L32 -> 71516
C33: 연마지 | D33: #180 | E33: 2.25 | F33: 매 | G33: 320 | H33: =TRUNC(G33*$E33,0) -> 720 | J33: =TRUNC(I33*$E33,0) -> 0 | L33: =TRUNC(K33*$E33,0) -> 0 | M33: =G33+I33+K33 -> 320 | N33: =H33+J33+L33 -> 720
C34: 공구손료 | D34: 도장공 인력품의 | E34: 0.03 | H34: =TRUNC(G34*$E34,0) -> 0 | J34: =TRUNC(I34*$E34,0) -> 0 | K34: 35507 | L34: =TRUNC(K34*$E34,0) -> 1065 | M34: =G34+I34+K34 -> 35507 | N34: =H34+J34+L34 -> 1065
C35: 계 | H35: =SUM(H32:H34) -> 720 | J35: =SUM(J32:J34) -> 71516 | L35: =SUM(L32:L34) -> 1065 | N35: =H35+J35+L35 -> 73301
B37: =B31+1 -> 4 | C37: 부단수 할정자관 부설 및 접합(강관제) | D37: 1350 | E37: 1 | F37: nr
C38: 부단수 할정자관 부설(강관제) | D38: 1350 | E38: 1 | F38: nr | G38: 0 | H38: =TRUNC(G38*$E38,0) -> 0 | I38: =J48 -> 2819403 | J38: =TRUNC(I38*$E38,0) -> 2819403 | K38: 143882 | L38: =TRUNC(K38*$E38,0) -> 143882 | M38: =G38+I38+K38 -> 2963285 | N38: =H38+J38+L38 -> 2963285 | O38: =B44 -> 5
C39: 부단수 할정자관 접합(강관제) | D39: 1350 | E39: 1 | F39: nr | G39: 103929 | H39: =TRUNC(G39*$E39,0) -> 103929 | I39: =J55 -> 5212789 | J39: =TRUNC(I39*$E39,0) -> 5212789 | K39: 786515 | L39: =TRUNC(K39*$E39,0) -> 786515 | M39: =G39+I39+K39 -> 6103233 | N39: =H39+J39+L39 -> 6103233 | O39: =B50 -> 6
C40: 부단수 할정자관 접합부 도장 | D40: 1350 | E40: 1 | F40: nr | G40: 59956 | H40: =TRUNC(G40*$E40,0) -> 59956 | I40: =J64 -> 566806 | J40: =TRUNC(I40*$E40,0) -> 566806 | K40: 0 | L40: =TRUNC(K40*$E40,0) -> 0 | M40: =G40+I40+K40 -> 626762 | N40: =H40+J40+L40 -> 626762 | O40: =B57 -> 7
C41: 부단수 할정자관 | D41: 1350 | E41: 1 | F41: nr | G41: 14254000 | H41: =TRUNC(G41*$E41,0) -> 14254000 | J41: =TRUNC(I41*$E41,0) -> 0 | L41: =TRUNC(K41*$E41,0) -> 0 | M41: =G41+I41+K41 -> 14254000 | N41: =H41+J41+L41 -> 14254000
C42: 계 | H42: =SUM(H38:H41) -> 14417885 | J42: =SUM(J38:J41) -> 8598998 | L42: =SUM(L38:L41) -> 930397 | N42: =H42+J42+L42 -> 23947280
B44: =B37+1 -> 5 | C44: 부단수 할정자관 부설(강관제) | D44: 1350 | E44: 1 | F44: nr
C45: 배관공(수도) | E45: 3.8 | F45: 인 | H45: =TRUNC(G45*$E45,0) -> 0 | I45: =노임!$D$24 -> 492337 | J45: =TRUNC(I45*$E45,0) -> 1870880 | L45: =TRUNC(K45*$E45,0) -> 0 | M45: =G45+I45+K45 -> 492337 | N45: =H45+J45+L45 -> 1870880
C46: 보통인부 | E46: 2.94 | F46: 인 | H46: =TRUNC(G46*$E46,0) -> 0 | I46: =노임!$D$17 -> 322627 | J46: =TRUNC(I46*$E46,0) -> 948523 | L46: =TRUNC(K46*$E46,0) -> 0 | M46: =G46+I46+K46 -> 322627 | N46: =H46+J46+L46 -> 948523
C47: 트럭탑재형크레인 | D47: 15 | E47: 1.45 | F47: hr | H47: =TRUNC(G47*$E47,0) -> 0 | J47: =TRUNC(I47*$E47,0) -> 0 | K47: 99229 | L47: =TRUNC(K47*$E47,0) -> 143882 | M47: =G47+I47+K47 -> 99229 | N47: =H47+J47+L47 -> 143882
C48: 계 | H48: =SUM(H45:H47) -> 0 | J48: =SUM(J45:J47) -> 2819403 | L48: =SUM(L45:L47) -> 143882 | N48: =H48+J48+L48 -> 2963285
B50: =B44+1 -> 6 | C50: 부단수 할정자관 접합(강관제) | D50: 1350 | E50: 1 | F50: nr
C51: 용접공 | E51: 9.84 | F51: 인 | H51: =TRUNC(G51*$E51,0) -> 0 | I51: =노임!$D$21 -> 529755 | J51: =TRUNC(I51*$E51,0) -> 5212789 | L51: =TRUNC(K51*$E51,0) -> 0 | M51: =G51+I51+K51 -> 529755 | N51: =H51+J51+L51 -> 5212789
C52: 발전기(50KW) | E52: 14.06 | F52: hr | H52: =TRUNC(G52*$E52,0) -> 0 | J52: =TRUNC(I52*$E52,0) -> 0 | K52: 55756 | L52: =TRUNC(K52*$E52,0) -> 783929 | M52: =G52+I52+K52 -> 55756 | N52: =H52+J52+L52 -> 783929
C53: 용접기(200AMP) | E53: 28.11 | F53: hr | H53: =TRUNC(G53*$E53,0) -> 0 | J53: =TRUNC(I53*$E53,0) -> 0 | K53: 92 | L53: =TRUNC(K53*$E53,0) -> 2586 | M53: =G53+I53+K53 -> 92 | N53: =H53+J53+L53 -> 2586
C54: 용접봉(3.2㎜ KSE4301) | E54: 21.21 | F54: kg | G54: 4900 | H54: =TRUNC(G54*$E54,0) -> 103929 | J54: =TRUNC(I54*$E54,0) -> 0 | L54: =TRUNC(K54*$E54,0) -> 0 | M54: =G54+I54+K54 -> 4900 | N54: =H54+J54+L54 -> 103929
C55: 계 | H55: =SUM(H51:H54) -> 103929 | J55: =SUM(J51:J54) -> 5212789 | L55: =SUM(L51:L54) -> 786515 | N55: =H55+J55+L55 -> 6103233
B57: =B50+1 -> 7 | C57: 부단수 할정자관 접합부 도장 | D57: 1350 | E57: 1 | F57: nr
C58: 도장공 | E58: 0.94 | F58: 인 | H58: =TRUNC(G58*$E58,0) -> 0 | I58: =노임!$D$23 -> 493156 | J58: =TRUNC(I58*$E58,0) -> 463566 | L58: =TRUNC(K58*$E58,0) -> 0 | M58: =G58+I58+K58 -> 493156 | N58: =H58+J58+L58 -> 463566
C59: 보통인부 | E59: 0.32 | F59: 인 | H59: =TRUNC(G59*$E59,0) -> 0 | I59: =노임!$D$17 -> 322627 | J59: =TRUNC(I59*$E59,0) -> 103240 | L59: =TRUNC(K59*$E59,0) -> 0 | M59: =G59+I59+K59 -> 322627 | N59: =H59+J59+L59 -> 103240
C60: 액상접착제 | D60: (16.8kg/18.9ℓ) CAN | E60: 0.96 | F60: kg | G60: 20747 | H60: =TRUNC(G60*$E60,0) -> 19917 | J60: =TRUNC(I60*$E60,0) -> 0 | L60: =TRUNC(K60*$E60,0) -> 0 | M60: =G60+I60+K60 -> 20747 | N60: =H60+J60+L60 -> 19917
C61: 매스틱 | D61: 3T x 40 x 6m | E61: 9.48 | F61: m | G61: 2800 | H61: =TRUNC(G61*$E61,0) -> 26544 | J61: =TRUNC(I61*$E61,0) -> 0 | L61: =TRUNC(K61*$E61,0) -> 0 | M61: =G61+I61+K61 -> 2800 | N61: =H61+J61+L61 -> 26544
C62: 안쪽층테이프 | D62: 0.508㎜ x 100㎜ x 30m | E62: 8.92 | F62: ㎡ | G62: 773 | H62: =TRUNC(G62*$E62,0) -> 6895 | J62: =TRUNC(I62*$E62,0) -> 0 | L62: =TRUNC(K62*$E62,0) -> 0 | M62: =G62+I62+K62 -> 773 | N62: =H62+J62+L62 -> 6895
C63: 바깥층테이프 | D63: 0.381㎜ x 100㎜ x 30m | E63: 8.92 | F63: ㎡ | G63: 740 | H63: =TRUNC(G63*$E63,0) -> 6600 | J63: =TRUNC(I63*$E63,0) -> 0 | L63: =TRUNC(K63*$E63,0) -> 0 | M63: =G63+I63+K63 -> 740 | N63: =H63+J63+L63 -> 6600
C64: 계 | H64: =SUM(H58:H63) -> 59956 | J64: =SUM(J58:J63) -> 566806 | L64: =SUM(L58:L63) -> 0 | N64: =H64+J64+L64 -> 626762
B66: =B57+1 -> 8 | C66: 샌드위치 밸브 부설 및 접합 | D66: 900 | E66: 1 | F66: nr
C67: 샌드위치 밸브 부설 및 접합(손료제외) | D67: 900 | E67: 1 | F67: nr | G67: 0 | H67: =TRUNC(G67*$E67,0) -> 0 | I67: =J76 -> 933963 | J67: =TRUNC(I67*$E67,0) -> 933963 | K67: 84344 | L67: =TRUNC(K67*$E67,0) -> 84344 | M67: =G67+I67+K67 -> 1018307 | N67: =H67+J67+L67 -> 1018307 | O67: =B72 -> 9
C68: 샌드위치 밸브 손료 | D68: 1350 | E68: 65.41 | F68: hr | H68: =TRUNC(G68*$E68,0) -> 0 | J68: =TRUNC(I68*$E68,0) -> 0 | K68: 15246 | L68: =TRUNC(K68*$E68,0) -> 997240 | M68: =G68+I68+K68 -> 15246 | N68: =H68+J68+L68 -> 997240
C69: 플랜지접합부속 | D69: 900 | E69: 1 | F69: nr | G69: 303010 | H69: =TRUNC(G69*$E69,0) -> 303010 | J69: =TRUNC(I69*$E69,0) -> 0 | L69: =TRUNC(K69*$E69,0) -> 0 | M69: =G69+I69+K69 -> 303010 | N69: =H69+J69+L69 -> 303010
C70: 계 | H70: =SUM(H67:H69) -> 303010 | J70: =SUM(J67:J69) -> 933963 | L70: =SUM(L67:L69) -> 1081584 | N70: =H70+J70+L70 -> 2318557
B72: =B66+1 -> 9 | C72: 샌드위치 밸브 부설 및 접합(손료제외) | D72: 900 | E72: 1 | F72: nr
C73: 배관공(수도) | E73: 1.34 | F73: 인 | H73: =TRUNC(G73*$E73,0) -> 0 | I73: =노임!$D$24 -> 492337 | J73: =TRUNC(I73*$E73,0) -> 659731 | L73: =TRUNC(K73*$E73,0) -> 0 | M73: =G73+I73+K73 -> 492337 | N73: =H73+J73+L73 -> 659731
C74: 보통인부 | E74: 0.85 | F74: 인 | H74: =TRUNC(G74*$E74,0) -> 0 | I74: =노임!$D$17 -> 322627 | J74: =TRUNC(I74*$E74,0) -> 274232 | L74: =TRUNC(K74*$E74,0) -> 0 | M74: =G74+I74+K74 -> 322627 | N74: =H74+J74+L74 -> 274232
C75: 트럭탑재형크레인 | D75: 15 | E75: 0.85 | F75: hr | H75: =TRUNC(G75*$E75,0) -> 0 | J75: =TRUNC(I75*$E75,0) -> 0 | K75: 99229 | L75: =TRUNC(K75*$E75,0) -> 84344 | M75: =G75+I75+K75 -> 99229 | N75: =H75+J75+L75 -> 84344
C76: 계 | H76: =SUM(H73:H75) -> 0 | J76: =SUM(J73:J75) -> 933963 | L76: =SUM(L73:L75) -> 84344 | N76: =H76+J76+L76 -> 1018307
B78: =B72+1 -> 10 | C78: 부단수천공 분기점 분기/철거 | D78: 900 | E78: 1 | F78: nr
C79: 부단수천공 분기점 분기(손료제외) | D79: 900 | E79: 1 | F79: nr | G79: 0 | H79: =TRUNC(G79*$E79,0) -> 0 | I79: =J98 -> 2319695 | J79: =TRUNC(I79*$E79,0) -> 2319695 | K79: 592118 | L79: =TRUNC(K79*$E79,0) -> 592118 | M79: =G79+I79+K79 -> 2911813 | N79: =H79+J79+L79 -> 2911813 | O79: =B93 -> 11
C80: 부단수천공기 손료 | D80: 1350 | E80: 65.41 | F80: hr | H80: =TRUNC(G80*$E80,0) -> 0 | J80: =TRUNC(I80*$E80,0) -> 0 | K80: 68191 | L80: =TRUNC(K80*$E80,0) -> 4460373 | M80: =G80+I80+K80 -> 68191 | N80: =H80+J80+L80 -> 4460373
C81: 부단수천공기 운전경비 | D81: 900 | E81: 2.9 | F81: hr | G81: 19725 | H81: =TRUNC(G81*$E81,0) -> 57202 | I81: 0 | J81: =TRUNC(I81*$E81,0) -> 0 | K81: 0 | L81: =TRUNC(K81*$E81,0) -> 0 | M81: =G81+I81+K81 -> 19725 | N81: =H81+J81+L81 -> 57202 | O81: =B100 -> 12
C82: 기밀시험 | D82: 1350 | E82: 1 | F82: nr | G82: 2773 | H82: =TRUNC(G82*$E82,0) -> 2773 | I82: =J109 -> 173369 | J82: =TRUNC(I82*$E82,0) -> 173369 | K82: 0 | L82: =TRUNC(K82*$E82,0) -> 0 | M82: =G82+I82+K82 -> 176142 | N82: =H82+J82+L82 -> 176142 | O82: =B105 -> 13
C83: 칩제거(손료제외) | D83: 900 | E83: 1 | F83: nr | G83: 0 | H83: =TRUNC(G83*$E83,0) -> 0 | I83: =J116 -> 698207 | J83: =TRUNC(I83*$E83,0) -> 698207 | K83: 177454 | L83: =TRUNC(K83*$E83,0) -> 177454 | M83: =G83+I83+K83 -> 875661 | N83: =H83+J83+L83 -> 875661 | O83: =B111 -> 14
C84: 칩제거기 손료 | D84: 1350 | E84: 65.41 | F84: hr | H84: =TRUNC(G84*$E84,0) -> 0 | J84: =TRUNC(I84*$E84,0) -> 0 | K84: 3492 | L84: =TRUNC(K84*$E84,0) -> 228411 | M84: =G84+I84+K84 -> 3492 | N84: =H84+J84+L84 -> 228411
C85: 칩제거기 운전경비 | D85: 900 | E85: 0.87 | F85: hr | G85: 19725 | H85: =TRUNC(G85*$E85,0) -> 17160 | I85: 0 | J85: =TRUNC(I85*$E85,0) -> 0 | K85: 0 | L85: =TRUNC(K85*$E85,0) -> 0 | M85: =G85+I85+K85 -> 19725 | N85: =H85+J85+L85 -> 17160 | O85: =B118 -> 15
C86: 부단수천공기 철거 | D86: 900 | E86: 1 | F86: nr | G86: 0 | H86: =TRUNC(G86*$E86,0) -> 0 | I86: =J128 -> 928202 | J86: =TRUNC(I86*$E86,0) -> 928202 | K86: 237209 | L86: =TRUNC(K86*$E86,0) -> 237209 | M86: =G86+I86+K86 -> 1165411 | N86: =H86+J86+L86 -> 1165411 | O86: =B123 -> 16
C87: 칩제거기 철거 | D87: 900 | E87: 1 | F87: nr | G87: 0 | H87: =TRUNC(G87*$E87,0) -> 0 | I87: =J135 -> 275701 | J87: =TRUNC(I87*$E87,0) -> 275701 | K87: 70619 | L87: =TRUNC(K87*$E87,0) -> 70619 | M87: =G87+I87+K87 -> 346320 | N87: =H87+J87+L87 -> 346320 | O87: =B130 -> 17
C88: 컷터 | D88: 900 | E88: 1 | F88: nr | G88: 3600000 | H88: =TRUNC(G88*$E88,0) -> 3600000 | J88: =TRUNC(I88*$E88,0) -> 0 | L88: =TRUNC(K88*$E88,0) -> 0 | M88: =G88+I88+K88 -> 3600000 | N88: =H88+J88+L88 -> 3600000
C89: 드릴 | D89: 900 | E89: 1 | F89: nr | G89: 624000 | H89: =TRUNC(G89*$E89,0) -> 624000 | J89: =TRUNC(I89*$E89,0) -> 0 | L89: =TRUNC(K89*$E89,0) -> 0 | M89: =G89+I89+K89 -> 624000 | N89: =H89+J89+L89 -> 624000
C90: 플랜지접합부속 | D90: 900 | E90: 2 | F90: nr | G90: 303010 | H90: =TRUNC(G90*$E90,0) -> 606020 | J90: =TRUNC(I90*$E90,0) -> 0 | L90: =TRUNC(K90*$E90,0) -> 0 | M90: =G90+I90+K90 -> 303010 | N90: =H90+J90+L90 -> 606020
C91: 계 | H91: =SUM(H79:H90) -> 4907155 | J91: =SUM(J79:J88) -> 4395174 | L91: =SUM(L79:L88) -> 5766184 | N91: =H91+J91+L91 -> 15068513
B93: =B78+1 -> 11 | C93: 부단수천공 분기점 분기(손료제외) | D93: 900 | E93: 1 | F93: nr
C94: 일반기계운전사 | E94: 0.36 | F94: 인 | H94: =TRUNC(G94*$E94,0) -> 0 | I94: =노임!$D$28 -> 326240 | J94: =TRUNC(I94*$E94,0) -> 117446 | L94: =TRUNC(K94*$E94,0) -> 0 | M94: =G94+I94+K94 -> 326240 | N94: =H94+J94+L94 -> 117446
C95: 배관공(수도) | E95: 2.92 | F95: 인 | H95: =TRUNC(G95*$E95,0) -> 0 | I95: =노임!$D$24 -> 492337 | J95: =TRUNC(I95*$E95,0) -> 1437624 | L95: =TRUNC(K95*$E95,0) -> 0 | M95: =G95+I95+K95 -> 492337 | N95: =H95+J95+L95 -> 1437624
C96: 보통인부 | E96: 2.37 | F96: 인 | H96: =TRUNC(G96*$E96,0) -> 0 | I96: =노임!$D$17 -> 322627 | J96: =TRUNC(I96*$E96,0) -> 764625 | L96: =TRUNC(K96*$E96,0) -> 0 | M96: =G96+I96+K96 -> 322627 | N96: =H96+J96+L96 -> 764625
C97: 트럭탑재형크레인 | D97: 10 | E97: 6.54 | F97: hr | H97: =TRUNC(G97*$E97,0) -> 0 | J97: =TRUNC(I97*$E97,0) -> 0 | K97: 90538 | L97: =TRUNC(K97*$E97,0) -> 592118 | M97: =G97+I97+K97 -> 90538 | N97: =H97+J97+L97 -> 592118
C98: 계 | H98: =SUM(H94:H97) -> 0 | J98: =SUM(J94:J97) -> 2319695 | L98: =SUM(L94:L97) -> 592118 | N98: =H98+J98+L98 -> 2911813
B100: =B93+1 -> 12 | C100: 부단수천공기 운전경비 | D100: 900 | E100: 1 | F100: hr
C101: 주연료 | D101: 경유 | E101: 10.3 | F101: ℓ | G101: 1596 | H101: =TRUNC(G101*$E101,0) -> 16438 | J101: =TRUNC(I101*$E101,0) -> 0 | L101: =TRUNC(K101*$E101,0) -> 0 | M101: =G101+I101+K101 -> 1596 | N101: =H101+J101+L101 -> 16438
C102: 잡재료 | D102: 주연료의 | E102: 0.2 | G102: 16438 | H102: =TRUNC(G102*$E102,0) -> 3287 | J102: =TRUNC(I102*$E102,0) -> 0 | L102: =TRUNC(K102*$E102,0) -> 0 | M102: =G102+I102+K102 -> 16438 | N102: =H102+J102+L102 -> 3287
C103: 계 | H103: =SUM(H101:H102) -> 19725 | J103: =SUM(J101:J102) -> 0 | L103: =SUM(L101:L102) -> 0 | N103: =H103+J103+L103 -> 19725
B105: =B100+1 -> 13 | C105: 기밀시험 | D105: 1350 | E105: 1 | F105: hr
C106: 고급품질관리원 | E106: 0.25 | F106: 인 | H106: =TRUNC(G106*$E106,0) -> 0 | I106: =노임!$D$29 -> 370852 | J106: =TRUNC(I106*$E106,0) -> 92713 | L106: =TRUNC(K106*$E106,0) -> 0 | M106: =G106+I106+K106 -> 370852 | N106: =H106+J106+L106 -> 92713
C107: 보통인부 | E107: 0.25 | F107: 인 | H107: =TRUNC(G107*$E107,0) -> 0 | I107: =노임!$D$17 -> 322627 | J107: =TRUNC(I107*$E107,0) -> 80656 | L107: =TRUNC(K107*$E107,0) -> 0 | M107: =G107+I107+K107 -> 322627 | N107: =H107+J107+L107 -> 80656
C108: 잡재료 및 공구손료 | D108: 인건비의 | E108: 0.03 | G108: 92464 | H108: =TRUNC(G108*$E108,0) -> 2773 | J108: =TRUNC(I108*$E108,0) -> 0 | L108: =TRUNC(K108*$E108,0) -> 0 | M108: =G108+I108+K108 -> 92464 | N108: =H108+J108+L108 -> 2773
C109: 계 | H109: =SUM(H106:H108) -> 2773 | J109: =SUM(J106:J108) -> 173369 | L109: =SUM(L106:L108) -> 0 | N109: =H109+J109+L109 -> 176142
B111: =B105+1 -> 14 | C111: 칩제거(손료제외) | D111: 900 | E111: 1 | F111: nr
C112: 일반기계운전사 | E112: 0.11 | F112: 인 | H112: =TRUNC(G112*$E112,0) -> 0 | I112: =노임!$D$28 -> 326240 | J112: =TRUNC(I112*$E112,0) -> 35886 | L112: =TRUNC(K112*$E112,0) -> 0 | M112: =G112+I112+K112 -> 326240 | N112: =H112+J112+L112 -> 35886
C113: 배관공(수도) | E113: 0.88 | F113: 인 | H113: =TRUNC(G113*$E113,0) -> 0 | I113: =노임!$D$24 -> 492337 | J113: =TRUNC(I113*$E113,0) -> 433256 | L113: =TRUNC(K113*$E113,0) -> 0 | M113: =G113+I113+K113 -> 492337 | N113: =H113+J113+L113 -> 433256
C114: 보통인부 | E114: 0.71 | F114: 인 | H114: =TRUNC(G114*$E114,0) -> 0 | I114: =노임!$D$17 -> 322627 | J114: =TRUNC(I114*$E114,0) -> 229065 | L114: =TRUNC(K114*$E114,0) -> 0 | M114: =G114+I114+K114 -> 322627 | N114: =H114+J114+L114 -> 229065
...

Sheet 목록(강관)
A1: 일위대가목록
A2: 공 종 명 | C2: 규 격 | D2: 수 량 | E2: 단 위 | G2: 합 계 | I2: 재 료 비 | K2: 노 무 비 | M2: 경 비 | N2: 비 고
A4: 1 | B4: ='강관부설 및 철거'!B5 -> 강관부설(인력) | C4: ='강관부설 및 철거'!C5 -> D80㎜ | D4: 1 | E4: nr | G4: =I4+K4+M4 -> #REF! | I4: ='강관부설 및 철거'!I5 -> #REF! | K4: ='강관부설 및 철거'!K5 -> #REF! | M4: ='강관부설 및 철거'!M5 -> #REF!
A5: 2 | B5: ='강관부설 및 철거'!B11 -> 강관부설(인력) | C5: ='강관부설 및 철거'!C11 -> D100㎜ | D5: 1 | E5: nr | G5: =I5+K5+M5 -> #REF! | I5: ='강관부설 및 철거'!I11 -> #REF! | K5: ='강관부설 및 철거'!K11 -> #REF! | M5: ='강관부설 및 철거'!M11 -> #REF!
A6: 3 | B6: ='강관부설 및 철거'!B17 -> 강관부설(기계) | C6: ='강관부설 및 철거'!C17 -> D100㎜ 이하 | D6: 1 | E6: nr | G6: =I6+K6+M6 -> #REF! | I6: ='강관부설 및 철거'!I17 -> #REF! | K6: ='강관부설 및 철거'!K17 -> #REF! | M6: ='강관부설 및 철거'!M17 -> #REF!
A7: 4 | B7: ='강관부설 및 철거'!B23 -> 강관부설(인력) | C7: ='강관부설 및 철거'!C23 -> D150㎜ | D7: 1 | E7: nr | G7: =I7+K7+M7 -> #REF! | I7: ='강관부설 및 철거'!I23 -> #REF! | K7: ='강관부설 및 철거'!K23 -> #REF! | M7: ='강관부설 및 철거'!M23 -> #REF!
A8: 5 | B8: ='강관부설 및 철거'!B29 -> 강관부설(기계) | C8: ='강관부설 및 철거'!C29 -> D150㎜ | D8: 1 | E8: nr | G8: =I8+K8+M8 -> #REF! | I8: ='강관부설 및 철거'!I29 -> #REF! | K8: ='강관부설 및 철거'!K29 -> #REF! | M8: ='강관부설 및 철거'!M29 -> #REF!
A9: 6 | B9: ='강관부설 및 철거'!B35 -> 강관부설(인력) | C9: ='강관부설 및 철거'!C35 -> D200㎜ | D9: 1 | E9: nr | G9: =I9+K9+M9 -> #REF! | I9: ='강관부설 및 철거'!I35 -> #REF! | K9: ='강관부설 및 철거'!K35 -> #REF! | M9: ='강관부설 및 철거'!M35 -> #REF!
A10: 7 | B10: ='강관부설 및 철거'!B41 -> 강관부설(기계) | C10: ='강관부설 및 철거'!C41 -> D200㎜ | D10: 1 | E10: nr | G10: =I10+K10+M10 -> #REF! | I10: ='강관부설 및 철거'!I41 -> #REF! | K10: ='강관부설 및 철거'!K41 -> #REF! | M10: ='강관부설 및 철거'!M41 -> #REF!
A11: 8 | B11: ='강관부설 및 철거'!B47 -> 강관부설(인력) | C11: ='강관부설 및 철거'!C47 -> D250㎜ | D11: 1 | E11: nr | G11: =I11+K11+M11 -> #REF! | I11: ='강관부설 및 철거'!I47 -> #REF! | K11: ='강관부설 및 철거'!K47 -> #REF! | M11: ='강관부설 및 철거'!M47 -> #REF!
A12: 9 | B12: ='강관부설 및 철거'!B53 -> 강관부설(기계) | C12: ='강관부설 및 철거'!C53 -> D250㎜ | D12: 1 | E12: nr | G12: =I12+K12+M12 -> #REF! | I12: ='강관부설 및 철거'!I53 -> #REF! | K12: ='강관부설 및 철거'!K53 -> #REF! | M12: ='강관부설 및 철거'!M53 -> #REF!
A13: 10 | B13: ='강관부설 및 철거'!B59 -> 강관부설(기계) | C13: ='강관부설 및 철거'!C59 -> D300㎜ | D13: 1 | E13: nr | G13: =I13+K13+M13 -> #REF! | I13: ='강관부설 및 철거'!I59 -> #REF! | K13: ='강관부설 및 철거'!K59 -> #REF! | M13: ='강관부설 및 철거'!M59 -> #REF!
A14: 11 | B14: ='강관부설 및 철거'!B65 -> 강관부설(기계) | C14: ='강관부설 및 철거'!C65 -> D350㎜ | D14: 1 | E14: nr | G14: =I14+K14+M14 -> #REF! | I14: ='강관부설 및 철거'!I65 -> #REF! | K14: ='강관부설 및 철거'!K65 -> #REF! | M14: ='강관부설 및 철거'!M65 -> #REF!
A15: 12 | B15: ='강관부설 및 철거'!B71 -> 강관부설(기계) | C15: ='강관부설 및 철거'!C71 -> D400㎜ | D15: 1 | E15: nr | G15: =I15+K15+M15 -> #REF! | I15: ='강관부설 및 철거'!I71 -> #REF! | K15: ='강관부설 및 철거'!K71 -> #REF! | M15: ='강관부설 및 철거'!M71 -> #REF!
A16: 13 | B16: ='강관부설 및 철거'!B77 -> 강관부설(기계) | C16: ='강관부설 및 철거'!C77 -> D450㎜ | D16: 1 | E16: nr | G16: =I16+K16+M16 -> #REF! | I16: ='강관부설 및 철거'!I77 -> #REF! | K16: ='강관부설 및 철거'!K77 -> #REF! | M16: ='강관부설 및 철거'!M77 -> #REF!
A17: 14 | B17: ='강관부설 및 철거'!B83 -> 강관부설(기계) | C17: ='강관부설 및 철거'!C83 -> D500㎜ | D17: 1 | E17: nr | G17: =I17+K17+M17 -> #REF! | I17: ='강관부설 및 철거'!I83 -> #REF! | K17: ='강관부설 및 철거'!K83 -> #REF! | M17: ='강관부설 및 철거'!M83 -> #REF!
A18: 15 | B18: ='강관부설 및 철거'!B89 -> 강관부설(기계) | C18: ='강관부설 및 철거'!C89 -> D600㎜ | D18: 1 | E18: nr | G18: =I18+K18+M18 -> #REF! | I18: ='강관부설 및 철거'!I89 -> #REF! | K18: ='강관부설 및 철거'!K89 -> #REF! | M18: ='강관부설 및 철거'!M89 -> #REF!
A19: 16 | B19: ='강관부설 및 철거'!B95 -> 강관부설(기계) | C19: ='강관부설 및 철거'!C95 -> D700㎜ | D19: 1 | E19: nr | G19: =I19+K19+M19 -> #REF! | I19: ='강관부설 및 철거'!I95 -> #REF! | K19: ='강관부설 및 철거'!K95 -> #REF! | M19: ='강관부설 및 철거'!M95 -> #REF!
A20: 17 | B20: ='강관부설 및 철거'!B101 -> 강관부설(기계) | C20: ='강관부설 및 철거'!C101 -> D800㎜ | D20: 1 | E20: nr | G20: =I20+K20+M20 -> #REF! | I20: ='강관부설 및 철거'!I101 -> #REF! | K20: ='강관부설 및 철거'!K101 -> #REF! | M20: ='강관부설 및 철거'!M101 -> #REF!
A21: 18 | B21: ='강관부설 및 철거'!B107 -> 강관부설(기계) | C21: ='강관부설 및 철거'!C107 -> D900㎜ | D21: 1 | E21: nr | G21: =I21+K21+M21 -> #REF! | I21: ='강관부설 및 철거'!I107 -> #REF! | K21: ='강관부설 및 철거'!K107 -> #REF! | M21: ='강관부설 및 철거'!M107 -> #REF!
A22: 19 | B22: ='강관부설 및 철거'!B113 -> 강관부설(기계) | C22: ='강관부설 및 철거'!C113 -> D1000㎜ | D22: 1 | E22: nr | G22: =I22+K22+M22 -> #REF! | I22: ='강관부설 및 철거'!I113 -> #REF! | K22: ='강관부설 및 철거'!K113 -> #REF! | M22: ='강관부설 및 철거'!M113 -> #REF!
A23: 20 | B23: ='강관부설 및 철거'!B119 -> 강관부설(기계) | C23: ='강관부설 및 철거'!C119 -> D1100㎜ | D23: 1 | E23: nr | G23: =I23+K23+M23 -> #REF! | I23: ='강관부설 및 철거'!I119 -> #REF! | K23: ='강관부설 및 철거'!K119 -> #REF! | M23: ='강관부설 및 철거'!M119 -> #REF!
A24: 21 | B24: ='강관부설 및 철거'!B125 -> 강관부설(기계) | C24: ='강관부설 및 철거'!C125 -> D1200㎜ | D24: 1 | E24: nr | G24: =I24+K24+M24 -> #REF! | I24: ='강관부설 및 철거'!I125 -> #REF! | K24: ='강관부설 및 철거'!K125 -> #REF! | M24: ='강관부설 및 철거'!M125 -> #REF!
A25: 22 | B25: ='강관부설 및 철거'!B131 -> 강관부설(기계) | C25: ='강관부설 및 철거'!C131 -> D1350㎜ | D25: 1 | E25: nr | G25: =I25+K25+M25 -> #REF! | I25: ='강관부설 및 철거'!I131 -> #REF! | K25: ='강관부설 및 철거'!K131 -> #REF! | M25: ='강관부설 및 철거'!M131 -> #REF!
A26: 23 | B26: ='강관부설 및 철거'!B137 -> 강관부설(기계) | C26: ='강관부설 및 철거'!C137 -> D1500㎜ | D26: 1 | E26: nr | G26: =I26+K26+M26 -> #REF! | I26: ='강관부설 및 철거'!I137 -> #REF! | K26: ='강관부설 및 철거'!K137 -> #REF! | M26: ='강관부설 및 철거'!M137 -> #REF!
A27: 24 | B27: ='강관부설 및 철거'!B143 -> 강관부설(기계) | C27: ='강관부설 및 철거'!C143 -> D1650㎜ | D27: 1 | E27: nr | G27: =I27+K27+M27 -> #REF! | I27: ='강관부설 및 철거'!I143 -> #REF! | K27: ='강관부설 및 철거'!K143 -> #REF! | M27: ='강관부설 및 철거'!M143 -> #REF!
A28: 25 | B28: ='강관부설 및 철거'!B149 -> 강관부설(기계) | C28: ='강관부설 및 철거'!C149 -> D1800㎜ | D28: 1 | E28: nr | G28: =I28+K28+M28 -> #REF! | I28: ='강관부설 및 철거'!I149 -> #REF! | K28: ='강관부설 및 철거'!K149 -> #REF! | M28: ='강관부설 및 철거'!M149 -> #REF!
A29: 26 | B29: ='강관부설 및 철거'!B155 -> 강관부설(기계) | C29: ='강관부설 및 철거'!C155 -> D2000㎜ | D29: 1 | E29: nr | G29: =I29+K29+M29 -> #REF! | I29: ='강관부설 및 철거'!I155 -> #REF! | K29: ='강관부설 및 철거'!K155 -> #REF! | M29: ='강관부설 및 철거'!M155 -> #REF!
A30: 27 | B30: ='강관부설 및 철거'!B161 -> 강관부설(기계) | C30: ='강관부설 및 철거'!C161 -> D2200㎜ | D30: 1 | E30: nr | G30: =I30+K30+M30 -> #REF! | I30: ='강관부설 및 철거'!I161 -> #REF! | K30: ='강관부설 및 철거'!K161 -> #REF! | M30: ='강관부설 및 철거'!M161 -> #REF!
A31: 28 | B31: ='강관부설 및 철거'!B167 -> 강관부설(기계) | C31: ='강관부설 및 철거'!C167 -> D2400㎜ | D31: 1 | E31: nr | G31: =I31+K31+M31 -> #REF! | I31: ='강관부설 및 철거'!I167 -> #REF! | K31: ='강관부설 및 철거'!K167 -> #REF! | M31: ='강관부설 및 철거'!M167 -> #REF!
A32: 29 | B32: =강관용접!B5 -> 강관접합(A종) | C32: =강관용접!C5 -> D80㎜ | D32: 1 | E32: 개소 | G32: =I32+K32+M32 -> #REF! | I32: =강관용접!I5 -> #REF! | K32: =강관용접!K5 -> 25682.5 | M32: =강관용접!M5 -> 1540.9 | N32: 삭제
A33: 30 | B33: =강관용접!B11 -> 강관접합(A종) | C33: =강관용접!C11 -> D100㎜ 이하, 외부용접 | D33: 1 | E33: 개소 | G33: =I33+K33+M33 -> #REF! | I33: =강관용접!I11 -> #REF! | K33: =강관용접!K11 -> 25682.5 | M33: =강관용접!M11 -> 1540.9
A34: 31 | B34: =강관용접!B17 -> 강관접합(A종) | C34: =강관용접!C17 -> D125㎜, 외부용접 | D34: 1 | E34: 개소 | G34: =I34+K34+M34 -> #REF! | I34: =강관용접!I17 -> #REF! | K34: =강관용접!K17 -> 25682.5 | M34: =강관용접!M17 -> 1540.9
A35: 32 | B35: =강관용접!B23 -> 강관접합(A종) | C35: =강관용접!C23 -> D150㎜, 외부용접 | D35: 1 | E35: 개소 | G35: =I35+K35+M35 -> #REF! | I35: =강관용접!I23 -> #REF! | K35: =강관용접!K23 -> 28253.6 | M35: =강관용접!M23 -> 1695.2
A36: 33 | B36: =강관용접!B29 -> 강관접합(A종) | C36: =강관용접!C29 -> D200㎜, 외부용접 | D36: 1 | E36: 개소 | G36: =I36+K36+M36 -> #REF! | I36: =강관용접!I29 -> #REF! | K36: =강관용접!K29 -> 31389.7 | M36: =강관용접!M29 -> 1883.3
A37: 34 | B37: =강관용접!B35 -> 강관접합(A종) | C37: =강관용접!C35 -> D250㎜, 외부용접 | D37: 1 | E37: 개소 | G37: =I37+K37+M37 -> #REF! | I37: =강관용접!I35 -> #REF! | K37: =강관용접!K35 -> 37662 | M37: =강관용접!M35 -> 2259.7
A38: 35 | B38: =강관용접!B41 -> 강관접합(A종) | C38: =강관용접!C41 -> D300㎜, 외부용접 | D38: 1 | E38: 개소 | G38: =I38+K38+M38 -> #REF! | I38: =강관용접!I41 -> #REF! | K38: =강관용접!K41 -> 43454 | M38: =강관용접!M41 -> 2607.2
A39: 36 | B39: =강관용접!B47 -> 강관접합(A종) | C39: =강관용접!C47 -> D350㎜, 외부용접 | D39: 1 | E39: 개소 | G39: =I39+K39+M39 -> #REF! | I39: =강관용접!I47 -> #REF! | K39: =강관용접!K47 -> 51365 | M39: =강관용접!M47 -> 3081.8
A40: 37 | B40: =강관용접!B53 -> 강관접합(A종) | C40: =강관용접!C53 -> D400㎜, 외부용접 | D40: 1 | E40: 개소 | G40: =I40+K40+M40 -> #REF! | I40: =강관용접!I53 -> #REF! | K40: =강관용접!K53 -> 59502 | M40: =강관용접!M53 -> 3570.1
A41: 38 | B41: =강관용접!B59 -> 강관접합(A종) | C41: =강관용접!C59 -> D450㎜, 외부용접 | D41: 1 | E41: 개소 | G41: =I41+K41+M41 -> #REF! | I41: =강관용접!I59 -> #REF! | K41: =강관용접!K59 -> 70634 | M41: =강관용접!M59 -> 4238
A42: 39 | B42: =강관용접!B65 -> 강관접합(A종) | C42: =강관용접!C65 -> D500㎜, 외부용접 | D42: 1 | E42: 개소 | G42: =I42+K42+M42 -> #REF! | I42: =강관용접!I65 -> #REF! | K42: =강관용접!K65 -> 86908 | M42: =강관용접!M65 -> 5214.4
A43: 40 | B43: =강관용접!B71 -> 강관접합(A종) | C43: =강관용접!C71 -> D600㎜, 외부용접 | D43: 1 | E43: 개소 | G43: =I43+K43+M43 -> #REF! | I43: =강관용접!I71 -> #REF! | K43: =강관용접!K71 -> 113014.4 | M43: =강관용접!M71 -> 6780.8
A44: 41 | B44: =강관용접!B77 -> 강관접합(A종) | C44: =강관용접!C77 -> D700㎜, 외부용접 | D44: 1 | E44: 개소 | G44: =I44+K44+M44 -> #REF! | I44: =강관용접!I77 -> #REF! | K44: =강관용접!K77 -> 161441 | M44: =강관용접!M77 -> 9686.4
A45: 42 | B45: =강관용접!B83 -> 강관접합(B종) | C45: =강관용접!C83 -> D700㎜, 외부용접 | D45: 1 | E45: 개소 | G45: =I45+K45+M45 -> #REF! | I45: =강관용접!I83 -> #REF! | K45: =강관용접!K83 -> 0 | M45: =강관용접!M83 -> 0 | N45: 삭제
A46: 43 | B46: =강관용접!B89 -> 강관접합(A종) | C46: =강관용접!C89 -> D800㎜, 내·외부용접 | D46: 1 | E46: 개소 | G46: =I46+K46+M46 -> #REF! | I46: =강관용접!I89 -> #REF! | K46: =강관용접!K89 -> 339043.2 | M46: =강관용접!M89 -> 20342.5
A47: 44 | B47: =강관용접!B95 -> 강관접합(B종) | C47: =강관용접!C95 -> D800㎜, 내·외부용접 | D47: 1 | E47: 개소 | G47: =I47+K47+M47 -> #REF! | I47: =강관용접!I95 -> #REF! | K47: =강관용접!K95 -> 211902 | M47: =강관용접!M95 -> 12714.1
A48: 45 | B48: =강관용접!B101 -> 강관접합(A종) | C48: =강관용접!C101 -> D900㎜, 내·외부용접 | D48: 1 | E48: 개소 | G48: =I48+K48+M48 -> #REF! | I48: =강관용접!I101 -> #REF! | K48: =강관용접!K101 -> 423804 | M48: =강관용접!M101 -> 25428.2
A49: 46 | B49: =강관용접!B107 -> 강관접합(B종) | C49: =강관용접!C107 -> D900㎜, 내·외부용접 | D49: 1 | E49: 개소 | G49: =I49+K49+M49 -> #REF! | I49: =강관용접!I107 -> #REF! | K49: =강관용접!K107 -> 282507.7 | M49: =강관용접!M107 -> 16950.4
A50: 47 | B50: =강관용접!B113 -> 강관접합(A종) | C50: =강관용접!C113 -> D1000㎜, 내·외부용접 | D50: 1 | E50: 개소 | G50: =I50+K50+M50 -> #REF! | I50: =강관용접!I113 -> #REF! | K50: =강관용접!K113 -> 565100.2 | M50: =강관용접!M113 -> 33905.9
A51: 48 | B51: =강관용접!B119 -> 강관접합(B종) | C51: =강관용접!C119 -> D1000㎜, 내·외부용접 | D51: 1 | E51: 개소 | G51: =I51+K51+M51 -> #REF! | I51: =강관용접!I119 -> #REF! | K51: =강관용접!K119 -> 339043.2 | M51: =강관용접!M119 -> 20342.5
A52: 49 | B52: =강관용접!B125 -> 강관접합(A종) | C52: =강관용접!C125 -> D1100㎜, 내·외부용접 | D52: 1 | E52: 개소 | G52: =I52+K52+M52 -> #REF! | I52: =강관용접!I125 -> #REF! | K52: =강관용접!K125 -> 565100.2 | M52: =강관용접!M125 -> 33905.9
A53: 50 | B53: =강관용접!B131 -> 강관접합(B종) | C53: =강관용접!C131 -> D1100㎜, 내·외부용접 | D53: 1 | E53: 개소 | G53: =I53+K53+M53 -> #REF! | I53: =강관용접!I131 -> #REF! | K53: =강관용접!K131 -> 423804 | M53: =강관용접!M131 -> 25428.2
A54: 51 | B54: =강관용접!B137 -> 강관접합(A종) | C54: =강관용접!C137 -> D1200㎜, 내·외부용접 | D54: 1 | E54: 개소 | G54: =I54+K54+M54 -> #REF! | I54: =강관용접!I137 -> #REF! | K54: =강관용접!K137 -> 847608 | M54: =강관용접!M137 -> 50856.4
A55: 52 | B55: =강관용접!B143 -> 강관접합(B종) | C55: =강관용접!C143 -> D1200㎜, 내·외부용접 | D55: 1 | E55: 개소 | G55: =I55+K55+M55 -> #REF! | I55: =강관용접!I143 -> #REF! | K55: =강관용접!K143 -> 423804 | M55: =강관용접!M143 -> 25428.2
A56: 53 | B56: =강관용접!B149 -> 강관접합(A종) | C56: =강관용접!C149 -> D1350㎜, 내·외부용접 | D56: 1 | E56: 개소 | G56: =I56+K56+M56 -> #REF! | I56: =강관용접!I149 -> #REF! | K56: =강관용접!K149 -> 847608 | M56: =강관용접!M149 -> 50856.4
A57: 54 | B57: =강관용접!B155 -> 강관접합(B종) | C57: =강관용접!C155 -> D1350㎜, 내·외부용접 | D57: 1 | E57: 개소 | G57: =I57+K57+M57 -> #REF! | I57: =강관용접!I155 -> #REF! | K57: =강관용접!K155 -> 565100.2 | M57: =강관용접!M155 -> 33905.9
A58: 55 | B58: =강관용접!B161 -> 강관접합(A종) | C58: =강관용접!C161 -> D1500㎜, 내·외부용접 | D58: 1 | E58: 개소 | G58: =I58+K58+M58 -> #REF! | I58: =강관용접!I161 -> #REF! | K58: =강관용접!K161 -> 847608 | M58: =강관용접!M161 -> 50856.4
A59: 56 | B59: =강관용접!B167 -> 강관접합(B종) | C59: =강관용접!C167 -> D1500㎜, 내·외부용접 | D59: 1 | E59: 개소 | G59: =I59+K59+M59 -> #REF! | I59: =강관용접!I167 -> #REF! | K59: =강관용접!K167 -> 565100.2 | M59: =강관용접!M167 -> 33905.9
A60: 57 | B60: =강관용접!B173 -> 강관접합(A종) | C60: =강관용접!C173 -> D1650㎜, 내·외부용접 | D60: 1 | E60: 개소 | G60: =I60+K60+M60 -> #REF! | I60: =강관용접!I173 -> #REF! | K60: =강관용접!K173 -> 847608 | M60: =강관용접!M173 -> 50856.4
A61: 58 | B61: =강관용접!B179 -> 강관접합(B종) | C61: =강관용접!C179 -> D1650㎜, 내·외부용접 | D61: 1 | E61: 개소 | G61: =I61+K61+M61 -> #REF! | I61: =강관용접!I179 -> #REF! | K61: =강관용접!K179 -> 565100.2 | M61: =강관용접!M179 -> 33905.9
A62: 59 | B62: =강관용접!B185 -> 강관접합(A종) | C62: =강관용접!C185 -> D1800㎜, 내·외부용접 | D62: 1 | E62: 개소 | G62: =I62+K62+M62 -> #REF! | I62: =강관용접!I185 -> #REF! | K62: =강관용접!K185 -> 1130144 | M62: =강관용접!M185 -> 67808.6
A63: 60 | B63: =강관용접!B191 -> 강관접합(B종) | C63: =강관용접!C191 -> D1800㎜, 내·외부용접 | D63: 1 | E63: 개소 | G63: =I63+K63+M63 -> #REF! | I63: =강관용접!I191 -> #REF! | K63: =강관용접!K191 -> 753467 | M63: =강관용접!M191 -> 45207.9
A64: 61 | B64: =강관용접!B197 -> 강관접합(A종) | C64: =강관용접!C197 -> D2000㎜, 내·외부용접 | D64: 1 | E64: 개소 | G64: =I64+K64+M64 -> #REF! | I64: =강관용접!I197 -> #REF! | K64: =강관용접!K197 -> 1130144 | M64: =강관용접!M197 -> 67808.6
A65: 62 | B65: =강관용접!B203 -> 강관접합(B종) | C65: =강관용접!C203 -> D2000㎜, 내·외부용접 | D65: 1 | E65: 개소 | G65: =I65+K65+M65 -> #REF! | I65: =강관용접!I203 -> #REF! | K65: =강관용접!K203 -> 753467 | M65: =강관용접!M203 -> 45207.9
A66: 63 | B66: =강관용접!B209 -> 강관접합(A종) | C66: =강관용접!C209 -> D2200㎜, 내·외부용접 | D66: 1 | E66: 개소 | G66: =I66+K66+M66 -> #REF! | I66: =강관용접!I209 -> #REF! | K66: =강관용접!K209 -> 1130144 | M66: =강관용접!M209 -> 67808.6
A67: 64 | B67: =강관용접!B215 -> 강관접합(B종) | C67: =강관용접!C215 -> D2200㎜, 내·외부용접 | D67: 1 | E67: 개소 | G67: =I67+K67+M67 -> #REF! | I67: =강관용접!I215 -> #REF! | K67: =강관용접!K215 -> 753467 | M67: =강관용접!M215 -> 45207.9
A68: 65 | B68: =강관용접!B221 -> 강관접합(A종) | C68: =강관용접!C221 -> D2400㎜, 내·외부용접 | D68: 1 | E68: 개소 | G68: =I68+K68+M68 -> #REF! | I68: =강관용접!I221 -> #REF! | K68: =강관용접!K221 -> 1130144 | M68: =강관용접!M221 -> 67808.6
A69: 66 | B69: =강관용접!B227 -> 강관접합(B종) | C69: =강관용접!C227 -> D2400㎜, 내·외부용접 | D69: 1 | E69: 개소 | G69: =I69+K69+M69 -> #REF! | I69: =강관용접!I227 -> #REF! | K69: =강관용접!K227 -> 1130144 | M69: =강관용접!M227 -> 67808.6
A70: 67 | B70: =강관용접!B233 -> 발전기(1대)+용접기(2대)조합 | C70: =강관용접!C233 -> 발전기(50kw)+용접기(200Amp) | D70: 1 | E70: 개소 | G70: =I70+K70+M70 -> #REF! | I70: =강관용접!I233 -> #REF! | K70: =강관용접!K233 -> #REF! | M70: =강관용접!M233 -> #REF!
A71: 68 | B71: =강관용접!B237 -> 강관용접부 산소압축시험 | C71: =강관용접!C237 -> D1500㎜이하 | D71: 1 | E71: 개소 | G71: =I71+K71+M71 -> #REF! | I71: =강관용접!I237 -> #REF! | K71: =강관용접!K237 -> 92464 | M71: =강관용접!M237 -> 0
A72: 69 | B72: =강관용접!B245 -> 강관용접부 산소압축시험 | C72: =강관용접!C245 -> D1650㎜이상 | D72: 1 | E72: 개소 | G72: =I72+K72+M72 -> #REF! | I72: =강관용접!I245 -> #REF! | K72: =강관용접!K245 -> 110956 | L72: =강관용접!L245 -> 0 | M72: =강관용접!M245 -> 0
A73: 70 | B73: =강관도장!B5 -> 강관도장(외부) | C73: =강관도장!C5 -> D80㎜ | D73: 1 | E73: 개소 | G73: =I73+K73+M73 -> #REF! | I73: =강관도장!I5 -> #REF! | K73: =강관도장!K5 -> 14460 | M73: =강관도장!M5 -> 0
A74: 71 | B74: =강관도장!B8 -> 강관도장(외부) | C74: =강관도장!C8 -> D100㎜ | D74: 1 | E74: 개소 | G74: =I74+K74+M74 -> #REF! | I74: =강관도장!I8 -> #REF! | K74: =강관도장!K8 -> 18075 | M74: =강관도장!M8 -> 0
A75: 72 | B75: =강관도장!B11 -> 강관도장(외부) | C75: =강관도장!C11 -> D150㎜ | D75: 1 | E75: 개소 | G75: =I75+K75+M75 -> #REF! | I75: =강관도장!I11 -> #REF! | K75: =강관도장!K11 -> 27112 | M75: =강관도장!M11 -> 0
A76: 73 | B76: =강관도장!B14 -> 강관도장(외부) | C76: =강관도장!C14 -> D200㎜ | D76: 1 | E76: 개소 | G76: =I76+K76+M76 -> #REF! | I76: =강관도장!I14 -> #REF! | K76: =강관도장!K14 -> 36150 | M76: =강관도장!M14 -> 0
A77: 74 | B77: =강관도장!B17 -> 강관도장(외부) | C77: =강관도장!C17 -> D250㎜ | D77: 1 | E77: 개소 | G77: =I77+K77+M77 -> #REF! | I77: =강관도장!I17 -> #REF! | K77: =강관도장!K17 -> 45187 | M77: =강관도장!M17 -> 0
A78: 75 | B78: =강관도장!B20 -> 강관도장(외부) | C78: =강관도장!C20 -> D300㎜ | D78: 1 | E78: 개소 | G78: =I78+K78+M78 -> #REF! | I78: =강관도장!I20 -> #REF! | K78: =강관도장!K20 -> 54225 | L78: =강관도장!L20 -> 0 | M78: =강관도장!M20 -> 0
A79: 76 | B79: =강관도장!B28 -> 강관도장(외부) | C79: =강관도장!C28 -> D350㎜ | D79: 1 | E79: 개소 | G79: =I79+K79+M79 -> #REF! | I79: =강관도장!I28 -> #REF! | K79: =강관도장!K28 -> 63836 | M79: =강관도장!M28 -> 0
A80: 77 | B80: =강관도장!B36 -> 강관도장(외부) | C80: =강관도장!C36 -> D400㎜ | D80: 1 | E80: 개소 | G80: =I80+K80+M80 -> #REF! | I80: =강관도장!I36 -> #REF! | K80: =강관도장!K36 -> 70817 | M80: =강관도장!M36 -> 0
A81: 78 | B81: =강관도장!B44 -> 강관도장(외부) | C81: =강관도장!C44 -> D450㎜ | D81: 1 | E81: 개소 | G81: =I81+K81+M81 -> #REF! | I81: =강관도장!I44 -> #REF! | K81: =강관도장!K44 -> 76078 | M81: =강관도장!M44 -> 0
A82: 79 | B82: =강관도장!B52 -> 강관도장(외부) | C82: =강관도장!C52 -> D500㎜ | D82: 1 | E82: 개소 | G82: =I82+K82+M82 -> #REF! | I82: =강관도장!I52 -> #REF! | K82: =강관도장!K52 -> 83059 | M82: =강관도장!M52 -> 0
A83: 80 | B83: =강관도장!B60 -> 강관도장(외부) | C83: =강관도장!C60 -> D600㎜ | D83: 1 | E83: 개소 | G83: =I83+K83+M83 -> #REF! | I83: =강관도장!I60 -> #REF! | K83: =강관도장!K60 -> 90949 | M83: =강관도장!M60 -> 0
A84: 81 | B84: =강관도장!B68 -> 강관도장(외부) | C84: =강관도장!C68 -> D700㎜ | D84: 1 | E84: 개소 | G84: =I84+K84+M84 -> #REF! | I84: =강관도장!I68 -> #REF! | K84: =강관도장!K68 -> 97930 | M84: =강관도장!M68 -> 0
A85: 82 | B85: =강관도장!B81 -> 강관도장(내,외부) | C85: =강관도장!C81 -> D800㎜ | D85: 1 | E85: 개소 | G85: =I85+K85+M85 -> #REF! | I85: =강관도장!I81 -> #REF! | K85: =강관도장!K81 -> 186250 | M85: =강관도장!M81 -> 0
A86: 83 | B86: =강관도장!B94 -> 강관도장(내,외부) | C86: =강관도장!C94 -> D900㎜ | D86: 1 | E86: 개소 | G86: =I86+K86+M86 -> #REF! | I86: =강관도장!I94 -> #REF! | K86: =강관도장!K94 -> 195861 | M86: =강관도장!M94 -> 0
A87: 84 | B87: =강관도장!B107 -> 강관도장(내,외부) | C87: =강관도장!C107 -> D1000㎜ | D87: 1 | E87: 개소 | G87: =I87+K87+M87 -> #REF! | I87: =강관도장!I107 -> #REF! | K87: =강관도장!K107 -> 206382 | M87: =강관도장!M107 -> 0
A88: 85 | B88: =강관도장!B120 -> 강관도장(내,외부) | C88: =강관도장!C120 -> D1100㎜ | D88: 1 | E88: 개소 | G88: =I88+K88+M88 -> #REF! | I88: =강관도장!I120 -> #REF! | K88: =강관도장!K120 -> 217714 | M88: =강관도장!M120 -> 0
A89: 86 | B89: =강관도장!B133 -> 강관도장(내,외부) | C89: =강관도장!C133 -> D1200㎜ | D89: 1 | E89: 개소 | G89: =I89+K89+M89 -> #REF! | I89: =강관도장!I133 -> #REF! | K89: =강관도장!K133 -> 222974 | M89: =강관도장!M133 -> 0
A90: 87 | B90: =강관도장!B146 -> 강관도장(내,외부) | C90: =강관도장!C146 -> D1350㎜ | D90: 1 | E90: 개소 | G90: =I90+K90+M90 -> #REF! | I90: =강관도장!I146 -> #REF! | K90: =강관도장!K146 -> 232585 | M90: =강관도장!M146 -> 0
A91: 88 | B91: =강관도장!B159 -> 강관도장(내,외부) | C91: =강관도장!C159 -> D1500㎜ | D91: 1 | E91: 개소 | G91: =I91+K91+M91 -> #REF! | I91: =강관도장!I159 -> #REF! | K91: =강관도장!K159 -> 244827 | M91: =강관도장!M159 -> 0
A92: 89 | B92: =강관도장!B172 -> 강관도장(내,외부) | C92: =강관도장!C172 -> D1650㎜ | D92: 1 | E92: 개소 | G92: =I92+K92+M92 -> #REF! | I92: =강관도장!I172 -> #REF! | K92: =강관도장!K172 -> 250087 | M92: =강관도장!M172 -> 0
A93: 90 | B93: =강관도장!B185 -> 강관도장(내,외부) | C93: =강관도장!C185 -> D1800㎜ | D93: 1 | E93: 개소 | G93: =I93+K93+M93 -> #REF! | I93: =강관도장!I185 -> #REF! | K93: =강관도장!K185 -> 259698 | M93: =강관도장!M185 -> 0
A94: 91 | B94: =강관도장!B198 -> 강관도장(내,외부) | C94: =강관도장!C198 -> D2000㎜ | D94: 1 | E94: 개소 | G94: =I94+K94+M94 -> #REF! | I94: =강관도장!I198 -> #REF! | K94: =강관도장!K198 -> 267589 | M94: =강관도장!M198 -> 0
A95: 92 | B95: =강관도장!B211 -> 강관도장(내,외부) | C95: =강관도장!C211 -> D2200㎜ | D95: 1 | E95: 개소 | G95: =I95+K95+M95 -> #REF! | I95: =강관도장!I211 -> #REF! | K95: =강관도장!K211 -> 284181 | M95: =강관도장!M211 -> 0
A96: 93 | B96: =강관도장!B224 -> 강관도장(내,외부) | C96: =강관도장!C224 -> D2400㎜ | D96: 1 | E96: 개소 | G96: =I96+K96+M96 -> #REF! | I96: =강관도장!I224 -> #REF! | K96: =강관도장!K224 -> 286811 | M96: =강관도장!M224 -> 0
A97: 94 | B97: ='강관절단 및 절단(철거)'!B5 -> 강관절단(A종) | C97: ='강관절단 및 절단(철거)'!C5 -> D80㎜ | D97: 1 | E97: 개소 | G97: =I97+K97+M97 -> #REF! | I97: ='강관절단 및 절단(철거)'!I5 -> #REF! | K97: ='강관절단 및 절단(철거)'!K5 -> 22602 | M97: ='강관절단 및 절단(철거)'!M5 -> 0
A98: 95 | B98: ='강관절단 및 절단(철거)'!B12 -> 강관절단(A종) | C98: ='강관절단 및 절단(철거)'!C12 -> D100㎜ | D98: 1 | E98: 개소 | G98: =I98+K98+M98 -> #REF! | I98: ='강관절단 및 절단(철거)'!I12 -> #REF! | K98: ='강관절단 및 절단(철거)'!K12 -> 22602 | M98: ='강관절단 및 절단(철거)'!M12 -> 0
A99: 96 | B99: ='강관절단 및 절단(철거)'!B19 -> 강관절단(A종) | C99: ='강관절단 및 절단(철거)'!C19 -> D125㎜ | D99: 1 | E99: 개소 | G99: =I99+K99+M99 -> #REF! | I99: ='강관절단 및 절단(철거)'!I19 -> #REF! | K99: ='강관절단 및 절단(철거)'!K19 -> 25428 | M99: ='강관절단 및 절단(철거)'!M19 -> 0
A100: 97 | B100: ='강관절단 및 절단(철거)'!B26 -> 강관절단(A종) | C100: ='강관절단 및 절단(철거)'!C26 -> D150㎜ | D100: 1 | E100: 개소 | G100: =I100+K100+M100 -> #REF! | I100: ='강관절단 및 절단(철거)'!I26 -> #REF! | K100: ='강관절단 및 절단(철거)'!K26 -> 28253 | M100: ='강관절단 및 절단(철거)'!M26 -> 0
A101: 98 | B101: ='강관절단 및 절단(철거)'!B33 -> 강관절단(A종) | C101: ='강관절단 및 절단(철거)'!C33 -> D200㎜ | D101: 1 | E101: 개소 | G101: =I101+K101+M101 -> #REF! | I101: ='강관절단 및 절단(철거)'!I33 -> #REF! | K101: ='강관절단 및 절단(철거)'!K33 -> 36729 | M101: ='강관절단 및 절단(철거)'!M33 -> 0
...

Sheet 강관부설 및 철거
A1: 일위대가_호표_강관부설(2025년)
A2: 공 종 명 | C2: 규 격 | D2: 수량 | E2: 단위 | F2: 합 계 | H2: 재 료 비 | J2: 노 무 비 | L2: 경 비 | N2: 비 고
F3: 단 가 | G3: 금 액 | H3: 단 가 | I3: 금 액 | J3: 단 가 | K3: 금 액 | L3: 단 가 | M3: 금 액
A5: 1 | B5: 강관부설(인력) | C5: D80㎜ | D5: 1 | E5: nr | G5: =I5+K5+M5 -> #REF! | I5: =I9 -> #REF! | K5: =K9 -> #REF! | M5: =M9 -> #REF! | N5: 토목6-3-1
B6: 배 관 공 | C6: 수도 | D6: 2 | E6: 인 | F6: =H6+J6+L6 -> 262580 | G6: =I6+K6+M6 -> 525160 | H6: 0 | J6: =노임!$D$10 -> 262580 | K6: =TRUNC(J6*D6,1) -> 525160 | L6: 0
B7: 보통인부 | D7: 1 | E7: 인 | F7: =H7+J7+L7 -> 172068 | G7: =I7+K7+M7 -> 172068 | H7: 0 | J7: =노임!$D$3 -> 172068 | K7: =TRUNC(J7*D7,1) -> 172068 | L7: 0
B8: 트럭탑제형 크레인 | C8: 10 TON | E8: hr | F8: =H8+J8+L8 -> #REF! | G8: =I8+K8+M8 -> #REF! | H8: =#REF! -> #REF! | I8: =TRUNC(H8*D8,1) -> #REF! | J8: =#REF! -> #REF! | K8: =TRUNC(J8*D8,1) -> #REF! | L8: =#REF! -> #REF! | M8: =TRUNC(L8*D8,1) -> #REF!
B9: 일 시공량 | C9: 8 | D9: =ROUND(1/C9,4) -> 0.125 | E9: 일/본 | G9: =I9+K9+M9 -> #REF! | I9: =TRUNC(SUM(I6:I8)*$D9,1) -> #REF! | K9: =TRUNC(SUM(K6:K8)*$D9,1) -> #REF! | M9: =TRUNC(SUM(M6:M8)*$D9,1) -> #REF!
A11: =A5+1 -> 2 | B11: 강관부설(인력) | C11: D100㎜ | D11: 1 | E11: nr | G11: =I11+K11+M11 -> #REF! | I11: =I15 -> #REF! | K11: =K15 -> #REF! | M11: =M15 -> #REF! | N11: 토목6-3-1
B12: 배 관 공 | C12: 수도 | D12: 2 | E12: 인 | F12: =H12+J12+L12 -> 262580 | G12: =I12+K12+M12 -> 525160 | H12: 0 | J12: =노임!D10 -> 262580 | K12: =TRUNC(J12*D12,1) -> 525160 | L12: 0
B13: 보통인부 | D13: 1 | E13: 인 | F13: =H13+J13+L13 -> 172068 | G13: =I13+K13+M13 -> 172068 | H13: 0 | J13: =노임!D3 -> 172068 | K13: =TRUNC(J13*D13,1) -> 172068 | L13: 0
B14: 트럭탑제형 크레인 | C14: 10 TON | E14: hr | F14: =H14+J14+L14 -> #REF! | G14: =I14+K14+M14 -> #REF! | H14: =#REF! -> #REF! | I14: =TRUNC(H14*D14,1) -> #REF! | J14: =#REF! -> #REF! | K14: =TRUNC(J14*D14,1) -> #REF! | L14: =#REF! -> #REF! | M14: =TRUNC(L14*D14,1) -> #REF!
B15: 일 시공량 | C15: 6 | D15: =ROUND(1/C15,4) -> 0.1667 | E15: 일/본 | G15: =I15+K15+M15 -> #REF! | I15: =TRUNC(SUM(I12:I14)*$D15,1) -> #REF! | K15: =TRUNC(SUM(K12:K14)*$D15,1) -> #REF! | M15: =TRUNC(SUM(M12:M14)*$D15,1) -> #REF!
A17: =A11+1 -> 3 | B17: 강관부설(기계) | C17: D100㎜ 이하 | D17: 1 | E17: nr | G17: =I17+K17+M17 -> #REF! | I17: =I21 -> #REF! | K17: =K21 -> #REF! | M17: =M21 -> #REF! | N17: 토목6-3-1
B18: 배 관 공 | C18: 수도 | D18: 2 | E18: 인 | F18: =H18+J18+L18 -> 197788 | G18: =I18+K18+M18 -> 395576 | H18: 0 | J18: =노임!D15 -> 197788 | K18: =TRUNC(J18*D18,1) -> 395576 | L18: 0
B19: 보통인부 | D19: 1 | E19: 인 | F19: =H19+J19+L19 -> 282536 | G19: =I19+K19+M19 -> 282536 | H19: 0 | J19: =노임!D7 -> 282536 | K19: =TRUNC(J19*D19,1) -> 282536 | L19: 0
B20: 트럭탑제형 크레인 | C20: 10 TON | D20: 8 | E20: hr | F20: =H20+J20+L20 -> #REF! | G20: =I20+K20+M20 -> #REF! | H20: =#REF! -> #REF! | I20: =TRUNC(H20*D20,1) -> #REF! | J20: =#REF! -> #REF! | K20: =TRUNC(J20*D20,1) -> #REF! | L20: =#REF! -> #REF! | M20: =TRUNC(L20*D20,1) -> #REF!
B21: 일 시공량 | C21: 14 | D21: =ROUND(1/C21,4) -> 0.0714 | E21: 일/본 | G21: =I21+K21+M21 -> #REF! | I21: =TRUNC(SUM(I18:I20)*$D21,1) -> #REF! | K21: =TRUNC(SUM(K18:K20)*$D21,1) -> #REF! | M21: =TRUNC(SUM(M18:M20)*$D21,1) -> #REF!
A23: =A17+1 -> 4 | B23: 강관부설(인력) | C23: D150㎜ | D23: 1 | E23: nr | G23: =I23+K23+M23 -> #REF! | I23: =I27 -> #REF! | K23: =K27 -> #REF! | M23: =M27 -> #REF! | N23: 토목6-3-1
B24: 배 관 공 | C24: 수도 | D24: 3 | E24: 인 | F24: =H24+J24+L24 -> 262580 | G24: =I24+K24+M24 -> 787740 | H24: 0 | J24: =노임!$D$10 -> 262580 | K24: =TRUNC(J24*D24,1) -> 787740 | L24: 0
B25: 보통인부 | D25: 1 | E25: 인 | F25: =H25+J25+L25 -> 172068 | G25: =I25+K25+M25 -> 172068 | H25: 0 | J25: =노임!$D$3 -> 172068 | K25: =TRUNC(J25*D25,1) -> 172068 | L25: 0
B26: 트럭탑제형 크레인 | C26: 10 TON | E26: hr | F26: =H26+J26+L26 -> #REF! | G26: =I26+K26+M26 -> #REF! | H26: =#REF! -> #REF! | I26: =TRUNC(H26*D26,1) -> #REF! | J26: =#REF! -> #REF! | K26: =TRUNC(J26*D26,1) -> #REF! | L26: =#REF! -> #REF! | M26: =TRUNC(L26*D26,1) -> #REF!
B27: 일 시공량 | C27: 6 | D27: =ROUND(1/C27,4) -> 0.1667 | E27: 일/본 | G27: =I27+K27+M27 -> #REF! | I27: =TRUNC(SUM(I24:I26)*$D27,1) -> #REF! | K27: =TRUNC(SUM(K24:K26)*$D27,1) -> #REF! | M27: =TRUNC(SUM(M24:M26)*$D27,1) -> #REF!
A29: =A23+1 -> 5 | B29: 강관부설(기계) | C29: D150㎜ | D29: 1 | E29: nr | G29: =I29+K29+M29 -> #REF! | I29: =I33 -> #REF! | K29: =K33 -> #REF! | M29: =M33 -> #REF! | N29: 토목6-3-1
B30: 배 관 공 | C30: 수도 | D30: 2 | E30: 인 | F30: =H30+J30+L30 -> 262580 | G30: =I30+K30+M30 -> 525160 | H30: 0 | J30: =노임!$D$10 -> 262580 | K30: =TRUNC(J30*D30,1) -> 525160 | L30: 0
B31: 보통인부 | D31: 1 | E31: 인 | F31: =H31+J31+L31 -> 172068 | G31: =I31+K31+M31 -> 172068 | H31: 0 | J31: =노임!$D$3 -> 172068 | K31: =TRUNC(J31*D31,1) -> 172068 | L31: 0
B32: 트럭탑제형 크레인 | C32: 10 TON | D32: 8 | E32: hr | F32: =H32+J32+L32 -> #REF! | G32: =I32+K32+M32 -> #REF! | H32: =#REF! -> #REF! | I32: =TRUNC(H32*D32,1) -> #REF! | J32: =#REF! -> #REF! | K32: =TRUNC(J32*D32,1) -> #REF! | L32: =#REF! -> #REF! | M32: =TRUNC(L32*D32,1) -> #REF!
B33: 일 시공량 | C33: 13 | D33: =ROUND(1/C33,4) -> 0.0769 | E33: 일/본 | G33: =I33+K33+M33 -> #REF! | I33: =TRUNC(SUM(I30:I32)*$D33,1) -> #REF! | K33: =TRUNC(SUM(K30:K32)*$D33,1) -> #REF! | M33: =TRUNC(SUM(M30:M32)*$D33,1) -> #REF!
A35: =A29+1 -> 6 | B35: 강관부설(인력) | C35: D200㎜ | D35: 1 | E35: nr | G35: =I35+K35+M35 -> #REF! | I35: =I39 -> #REF! | K35: =K39 -> #REF! | M35: =M39 -> #REF! | N35: 토목6-3-1
B36: 배 관 공 | C36: 수도 | D36: 4 | E36: 인 | F36: =H36+J36+L36 -> 262580 | G36: =I36+K36+M36 -> 1050320 | H36: 0 | J36: =노임!$D$10 -> 262580 | K36: =TRUNC(J36*D36,1) -> 1050320 | L36: 0
B37: 보통인부 | D37: 1 | E37: 인 | F37: =H37+J37+L37 -> 172068 | G37: =I37+K37+M37 -> 172068 | H37: 0 | J37: =노임!$D$3 -> 172068 | K37: =TRUNC(J37*D37,1) -> 172068 | L37: 0
B38: 트럭탑제형 크레인 | C38: 10 TON | E38: hr | F38: =H38+J38+L38 -> #REF! | G38: =I38+K38+M38 -> #REF! | H38: =#REF! -> #REF! | I38: =TRUNC(H38*D38,1) -> #REF! | J38: =#REF! -> #REF! | K38: =TRUNC(J38*D38,1) -> #REF! | L38: =#REF! -> #REF! | M38: =TRUNC(L38*D38,1) -> #REF!
B39: 일 시공량 | C39: 5 | D39: =ROUND(1/C39,4) -> 0.2 | E39: 일/본 | G39: =I39+K39+M39 -> #REF! | I39: =TRUNC(SUM(I36:I38)*$D39,1) -> #REF! | K39: =TRUNC(SUM(K36:K38)*$D39,1) -> #REF! | M39: =TRUNC(SUM(M36:M38)*$D39,1) -> #REF!
A41: =A35+1 -> 7 | B41: 강관부설(기계) | C41: D200㎜ | D41: 1 | E41: nr | G41: =I41+K41+M41 -> #REF! | I41: =I45 -> #REF! | K41: =K45 -> #REF! | M41: =M45 -> #REF! | N41: 토목6-3-1
B42: 배 관 공 | C42: 수도 | D42: 2 | E42: 인 | F42: =H42+J42+L42 -> 262580 | G42: =I42+K42+M42 -> 525160 | H42: 0 | J42: =노임!$D$10 -> 262580 | K42: =TRUNC(J42*D42,1) -> 525160 | L42: 0
B43: 보통인부 | D43: 1 | E43: 인 | F43: =H43+J43+L43 -> 172068 | G43: =I43+K43+M43 -> 172068 | H43: 0 | J43: =노임!$D$3 -> 172068 | K43: =TRUNC(J43*D43,1) -> 172068 | L43: 0
B44: 트럭탑제형 크레인 | C44: 10 TON | D44: 8 | E44: hr | F44: =H44+J44+L44 -> #REF! | G44: =I44+K44+M44 -> #REF! | H44: =#REF! -> #REF! | I44: =TRUNC(H44*D44,1) -> #REF! | J44: =#REF! -> #REF! | K44: =TRUNC(J44*D44,1) -> #REF! | L44: =#REF! -> #REF! | M44: =TRUNC(L44*D44,1) -> #REF!
B45: 일 시공량 | C45: 12 | D45: =ROUND(1/C45,4) -> 0.0833 | E45: 일/본 | G45: =I45+K45+M45 -> #REF! | I45: =TRUNC(SUM(I42:I44)*$D45,1) -> #REF! | K45: =TRUNC(SUM(K42:K44)*$D45,1) -> #REF! | M45: =TRUNC(SUM(M42:M44)*$D45,1) -> #REF!
A47: =A41+1 -> 8 | B47: 강관부설(인력) | C47: D250㎜ | D47: 1 | E47: nr | G47: =I47+K47+M47 -> #REF! | I47: =I51 -> #REF! | K47: =K51 -> #REF! | M47: =M51 -> #REF! | N47: 토목6-3-1
B48: 배 관 공 | C48: 수도 | D48: 4 | E48: 인 | F48: =H48+J48+L48 -> 262580 | G48: =I48+K48+M48 -> 1050320 | H48: 0 | J48: =노임!$D$10 -> 262580 | K48: =TRUNC(J48*D48,1) -> 1050320 | L48: 0
B49: 보통인부 | D49: 1 | E49: 인 | F49: =H49+J49+L49 -> 172068 | G49: =I49+K49+M49 -> 172068 | H49: 0 | J49: =노임!$D$3 -> 172068 | K49: =TRUNC(J49*D49,1) -> 172068 | L49: 0
B50: 트럭탑제형 크레인 | C50: 10 TON | E50: hr | F50: =H50+J50+L50 -> #REF! | G50: =I50+K50+M50 -> #REF! | H50: =#REF! -> #REF! | I50: =TRUNC(H50*D50,1) -> #REF! | J50: =#REF! -> #REF! | K50: =TRUNC(J50*D50,1) -> #REF! | L50: =#REF! -> #REF! | M50: =TRUNC(L50*D50,1) -> #REF!
B51: 일 시공량 | C51: 4 | D51: =ROUND(1/C51,4) -> 0.25 | E51: 일/본 | G51: =I51+K51+M51 -> #REF! | I51: =TRUNC(SUM(I48:I50)*$D51,1) -> #REF! | K51: =TRUNC(SUM(K48:K50)*$D51,1) -> #REF! | M51: =TRUNC(SUM(M48:M50)*$D51,1) -> #REF!
A53: =A47+1 -> 9 | B53: 강관부설(기계) | C53: D250㎜ | D53: 1 | E53: nr | G53: =I53+K53+M53 -> #REF! | I53: =I57 -> #REF! | K53: =K57 -> #REF! | M53: =M57 -> #REF! | N53: 토목6-3-1
B54: 배 관 공 | C54: 수도 | D54: 2 | E54: 인 | F54: =H54+J54+L54 -> 262580 | G54: =I54+K54+M54 -> 525160 | H54: 0 | J54: =노임!$D$10 -> 262580 | K54: =TRUNC(J54*D54,1) -> 525160 | L54: 0
B55: 보통인부 | D55: 1 | E55: 인 | F55: =H55+J55+L55 -> 172068 | G55: =I55+K55+M55 -> 172068 | H55: 0 | J55: =노임!$D$3 -> 172068 | K55: =TRUNC(J55*D55,1) -> 172068 | L55: 0
B56: 트럭탑제형 크레인 | C56: 10 TON | D56: 8 | E56: hr | F56: =H56+J56+L56 -> #REF! | G56: =I56+K56+M56 -> #REF! | H56: =#REF! -> #REF! | I56: =TRUNC(H56*D56,1) -> #REF! | J56: =#REF! -> #REF! | K56: =TRUNC(J56*D56,1) -> #REF! | L56: =#REF! -> #REF! | M56: =TRUNC(L56*D56,1) -> #REF!
B57: 일 시공량 | C57: 11 | D57: =ROUND(1/C57,4) -> 0.0909 | E57: 일/본 | G57: =I57+K57+M57 -> #REF! | I57: =TRUNC(SUM(I54:I56)*$D57,1) -> #REF! | K57: =TRUNC(SUM(K54:K56)*$D57,1) -> #REF! | M57: =TRUNC(SUM(M54:M56)*$D57,1) -> #REF!
A59: =A53+1 -> 10 | B59: 강관부설(기계) | C59: D300㎜ | D59: 1 | E59: nr | G59: =I59+K59+M59 -> #REF! | I59: =I63 -> #REF! | K59: =K63 -> #REF! | M59: =M63 -> #REF! | N59: 토목6-3-1
B60: 배 관 공 | C60: 수도 | D60: 2 | E60: 인 | F60: =H60+J60+L60 -> 262580 | G60: =I60+K60+M60 -> 525160 | H60: 0 | J60: =노임!$D$10 -> 262580 | K60: =TRUNC(J60*D60,1) -> 525160 | L60: 0
B61: 보통인부 | D61: 1 | E61: 인 | F61: =H61+J61+L61 -> 172068 | G61: =I61+K61+M61 -> 172068 | H61: 0 | J61: =노임!$D$3 -> 172068 | K61: =TRUNC(J61*D61,1) -> 172068 | L61: 0
B62: 트럭탑제형 크레인 | C62: 10 TON | D62: 8 | E62: hr | F62: =H62+J62+L62 -> #REF! | G62: =I62+K62+M62 -> #REF! | H62: =#REF! -> #REF! | I62: =TRUNC(H62*D62,1) -> #REF! | J62: =#REF! -> #REF! | K62: =TRUNC(J62*D62,1) -> #REF! | L62: =#REF! -> #REF! | M62: =TRUNC(L62*D62,1) -> #REF!
B63: 일 시공량 | C63: 10 | D63: =ROUND(1/C63,4) -> 0.1 | E63: 일/본 | G63: =I63+K63+M63 -> #REF! | I63: =TRUNC(SUM(I60:I62)*$D63,1) -> #REF! | K63: =TRUNC(SUM(K60:K62)*$D63,1) -> #REF! | M63: =TRUNC(SUM(M60:M62)*$D63,1) -> #REF!
A65: =A59+1 -> 11 | B65: 강관부설(기계) | C65: D350㎜ | D65: 1 | E65: nr | G65: =I65+K65+M65 -> #REF! | I65: =I69 -> #REF! | K65: =K69 -> #REF! | M65: =M69 -> #REF! | N65: 토목6-3-1
B66: 배 관 공 | C66: 수도 | D66: 2 | E66: 인 | F66: =H66+J66+L66 -> 262580 | G66: =I66+K66+M66 -> 525160 | H66: 0 | J66: =노임!$D$10 -> 262580 | K66: =TRUNC(J66*D66,1) -> 525160 | L66: 0
B67: 보통인부 | D67: 1 | E67: 인 | F67: =H67+J67+L67 -> 172068 | G67: =I67+K67+M67 -> 172068 | H67: 0 | J67: =노임!$D$3 -> 172068 | K67: =TRUNC(J67*D67,1) -> 172068 | L67: 0
B68: 트럭탑제형 크레인 | C68: 10 TON | D68: 8 | E68: hr | F68: =H68+J68+L68 -> #REF! | G68: =I68+K68+M68 -> #REF! | H68: =#REF! -> #REF! | I68: =TRUNC(H68*D68,1) -> #REF! | J68: =#REF! -> #REF! | K68: =TRUNC(J68*D68,1) -> #REF! | L68: =#REF! -> #REF! | M68: =TRUNC(L68*D68,1) -> #REF!
B69: 일 시공량 | C69: 10 | D69: =ROUND(1/C69,4) -> 0.1 | E69: 일/본 | G69: =I69+K69+M69 -> #REF! | I69: =TRUNC(SUM(I66:I68)*$D69,1) -> #REF! | K69: =TRUNC(SUM(K66:K68)*$D69,1) -> #REF! | M69: =TRUNC(SUM(M66:M68)*$D69,1) -> #REF!
A71: =A65+1 -> 12 | B71: 강관부설(기계) | C71: D400㎜ | D71: 1 | E71: nr | G71: =I71+K71+M71 -> #REF! | I71: =I75 -> #REF! | K71: =K75 -> #REF! | M71: =M75 -> #REF! | N71: 토목6-3-1
B72: 배 관 공 | C72: 수도 | D72: 2 | E72: 인 | F72: =H72+J72+L72 -> 262580 | G72: =I72+K72+M72 -> 525160 | H72: 0 | J72: =노임!$D$10 -> 262580 | K72: =TRUNC(J72*D72,1) -> 525160 | L72: 0
B73: 보통인부 | D73: 1 | E73: 인 | F73: =H73+J73+L73 -> 172068 | G73: =I73+K73+M73 -> 172068 | H73: 0 | J73: =노임!$D$3 -> 172068 | K73: =TRUNC(J73*D73,1) -> 172068 | L73: 0
B74: 트럭탑제형 크레인 | C74: 10 TON | D74: 8 | E74: hr | F74: =H74+J74+L74 -> #REF! | G74: =I74+K74+M74 -> #REF! | H74: =#REF! -> #REF! | I74: =TRUNC(H74*D74,1) -> #REF! | J74: =#REF! -> #REF! | K74: =TRUNC(J74*D74,1) -> #REF! | L74: =#REF! -> #REF! | M74: =TRUNC(L74*D74,1) -> #REF!
B75: 일 시공량 | C75: 9 | D75: =ROUND(1/C75,4) -> 0.1111 | E75: 일/본 | G75: =I75+K75+M75 -> #REF! | I75: =TRUNC(SUM(I72:I74)*$D75,1) -> #REF! | K75: =TRUNC(SUM(K72:K74)*$D75,1) -> #REF! | M75: =TRUNC(SUM(M72:M74)*$D75,1) -> #REF!
A77: =A71+1 -> 13 | B77: 강관부설(기계) | C77: D450㎜ | D77: 1 | E77: nr | G77: =I77+K77+M77 -> #REF! | I77: =I81 -> #REF! | K77: =K81 -> #REF! | M77: =M81 -> #REF! | N77: 토목6-3-1
B78: 배 관 공 | C78: 수도 | D78: 2 | E78: 인 | F78: =H78+J78+L78 -> 262580 | G78: =I78+K78+M78 -> 525160 | H78: 0 | J78: =노임!$D$10 -> 262580 | K78: =TRUNC(J78*D78,1) -> 525160 | L78: 0
B79: 보통인부 | D79: 1 | E79: 인 | F79: =H79+J79+L79 -> 172068 | G79: =I79+K79+M79 -> 172068 | H79: 0 | J79: =노임!$D$3 -> 172068 | K79: =TRUNC(J79*D79,1) -> 172068 | L79: 0
B80: 트럭탑제형 크레인 | C80: 10 TON | D80: 8 | E80: hr | F80: =H80+J80+L80 -> #REF! | G80: =I80+K80+M80 -> #REF! | H80: =#REF! -> #REF! | I80: =TRUNC(H80*D80,1) -> #REF! | J80: =#REF! -> #REF! | K80: =TRUNC(J80*D80,1) -> #REF! | L80: =#REF! -> #REF! | M80: =TRUNC(L80*D80,1) -> #REF!
B81: 일 시공량 | C81: 8 | D81: =ROUND(1/C81,4) -> 0.125 | E81: 일/본 | G81: =I81+K81+M81 -> #REF! | I81: =TRUNC(SUM(I78:I80)*$D81,1) -> #REF! | K81: =TRUNC(SUM(K78:K80)*$D81,1) -> #REF! | M81: =TRUNC(SUM(M78:M80)*$D81,1) -> #REF!
A83: =A77+1 -> 14 | B83: 강관부설(기계) | C83: D500㎜ | D83: 1 | E83: nr | G83: =I83+K83+M83 -> #REF! | I83: =I87 -> #REF! | K83: =K87 -> #REF! | M83: =M87 -> #REF! | N83: =N77 -> 토목6-3-1
B84: 배 관 공 | C84: 수도 | D84: 2 | E84: 인 | F84: =H84+J84+L84 -> 262580 | G84: =I84+K84+M84 -> 525160 | H84: 0 | J84: =노임!$D$10 -> 262580 | K84: =TRUNC(J84*D84,1) -> 525160 | L84: 0
B85: 보통인부 | D85: 1 | E85: 인 | F85: =H85+J85+L85 -> 172068 | G85: =I85+K85+M85 -> 172068 | H85: 0 | J85: =노임!$D$3 -> 172068 | K85: =TRUNC(J85*D85,1) -> 172068 | L85: 0
B86: 트럭탑제형 크레인 | C86: 10 TON | D86: 8 | E86: hr | F86: =H86+J86+L86 -> #REF! | G86: =I86+K86+M86 -> #REF! | H86: =#REF! -> #REF! | I86: =TRUNC(H86*D86,1) -> #REF! | J86: =#REF! -> #REF! | K86: =TRUNC(J86*D86,1) -> #REF! | L86: =#REF! -> #REF! | M86: =TRUNC(L86*D86,1) -> #REF!
B87: 일 시공량 | C87: 7 | D87: =ROUND(1/C87,4) -> 0.1429 | E87: 일/본 | G87: =I87+K87+M87 -> #REF! | I87: =TRUNC(SUM(I84:I86)*$D87,1) -> #REF! | K87: =TRUNC(SUM(K84:K86)*$D87,1) -> #REF! | M87: =TRUNC(SUM(M84:M86)*$D87,1) -> #REF!
A89: =A83+1 -> 15 | B89: 강관부설(기계) | C89: D600㎜ | D89: 1 | E89: nr | G89: =I89+K89+M89 -> #REF! | I89: =I93 -> #REF! | K89: =K93 -> #REF! | M89: =M93 -> #REF! | N89: =N83 -> 토목6-3-1
B90: 배 관 공 | C90: 수도 | D90: 2 | E90: 인 | F90: =H90+J90+L90 -> 262580 | G90: =I90+K90+M90 -> 525160 | H90: 0 | J90: =노임!$D$10 -> 262580 | K90: =TRUNC(J90*D90,1) -> 525160 | L90: 0
B91: 보통인부 | D91: 1 | E91: 인 | F91: =H91+J91+L91 -> 172068 | G91: =I91+K91+M91 -> 172068 | H91: 0 | J91: =노임!$D$3 -> 172068 | K91: =TRUNC(J91*D91,1) -> 172068 | L91: 0
B92: 트럭탑제형 크레인 | C92: 10 TON | D92: 8 | E92: hr | F92: =H92+J92+L92 -> #REF! | G92: =I92+K92+M92 -> #REF! | H92: =#REF! -> #REF! | I92: =TRUNC(H92*D92,1) -> #REF! | J92: =#REF! -> #REF! | K92: =TRUNC(J92*D92,1) -> #REF! | L92: =#REF! -> #REF! | M92: =TRUNC(L92*D92,1) -> #REF!
B93: 일 시공량 | C93: 6 | D93: =ROUND(1/C93,4) -> 0.1667 | E93: 일/본 | G93: =I93+K93+M93 -> #REF! | I93: =TRUNC(SUM(I90:I92)*$D93,1) -> #REF! | K93: =TRUNC(SUM(K90:K92)*$D93,1) -> #REF! | M93: =TRUNC(SUM(M90:M92)*$D93,1) -> #REF!
A95: =A89+1 -> 16 | B95: 강관부설(기계) | C95: D700㎜ | D95: 1 | E95: nr | G95: =I95+K95+M95 -> #REF! | I95: =I99 -> #REF! | K95: =K99 -> #REF! | M95: =M99 -> #REF! | N95: =N89 -> 토목6-3-1
B96: 배 관 공 | C96: 수도 | D96: 2 | E96: 인 | F96: =H96+J96+L96 -> 262580 | G96: =I96+K96+M96 -> 525160 | H96: 0 | J96: =노임!$D$10 -> 262580 | K96: =TRUNC(J96*D96,1) -> 525160 | L96: 0
B97: 보통인부 | D97: 1 | E97: 인 | F97: =H97+J97+L97 -> 172068 | G97: =I97+K97+M97 -> 172068 | H97: 0 | J97: =노임!$D$3 -> 172068 | K97: =TRUNC(J97*D97,1) -> 172068 | L97: 0
B98: 트럭탑제형 크레인 | C98: 10 TON | D98: 8 | E98: hr | F98: =H98+J98+L98 -> #REF! | G98: =I98+K98+M98 -> #REF! | H98: =#REF! -> #REF! | I98: =TRUNC(H98*D98,1) -> #REF! | J98: =#REF! -> #REF! | K98: =TRUNC(J98*D98,1) -> #REF! | L98: =#REF! -> #REF! | M98: =TRUNC(L98*D98,1) -> #REF!
B99: 일 시공량 | C99: 5 | D99: =ROUND(1/C99,4) -> 0.2 | E99: 일/본 | G99: =I99+K99+M99 -> #REF! | I99: =TRUNC(SUM(I96:I98)*$D99,1) -> #REF! | K99: =TRUNC(SUM(K96:K98)*$D99,1) -> #REF! | M99: =TRUNC(SUM(M96:M98)*$D99,1) -> #REF!
A101: =A95+1 -> 17 | B101: 강관부설(기계) | C101: D800㎜ | D101: 1 | E101: nr | G101: =I101+K101+M101 -> #REF! | I101: =I105 -> #REF! | K101: =K105 -> #REF! | M101: =M105 -> #REF! | N101: =N95 -> 토목6-3-1
B102: 배 관 공 | C102: 수도 | D102: 3 | E102: 인 | F102: =H102+J102+L102 -> 262580 | G102: =I102+K102+M102 -> 787740 | H102: 0 | J102: =노임!$D$10 -> 262580 | K102: =TRUNC(J102*D102,1) -> 787740 | L102: 0
B103: 보통인부 | D103: 1 | E103: 인 | F103: =H103+J103+L103 -> 172068 | G103: =I103+K103+M103 -> 172068 | H103: 0 | J103: =노임!$D$3 -> 172068 | K103: =TRUNC(J103*D103,1) -> 172068 | L103: 0
B104: 트럭탑제형 크레인 | C104: 10 TON | D104: 8 | E104: hr | F104: =H104+J104+L104 -> #REF! | G104: =I104+K104+M104 -> #REF! | H104: =#REF! -> #REF! | I104: =TRUNC(H104*D104,1) -> #REF! | J104: =#REF! -> #REF! | K104: =TRUNC(J104*D104,1) -> #REF! | L104: =#REF! -> #REF! | M104: =TRUNC(L104*D104,1) -> #REF!
B105: 일 시공량 | C105: 5.5 | D105: =ROUND(1/C105,4) -> 0.1818 | E105: 일/본 | G105: =I105+K105+M105 -> #REF! | I105: =TRUNC(SUM(I102:I104)*$D105,1) -> #REF! | K105: =TRUNC(SUM(K102:K104)*$D105,1) -> #REF! | M105: =TRUNC(SUM(M102:M104)*$D105,1) -> #REF!
A107: =A101+1 -> 18 | B107: 강관부설(기계) | C107: D900㎜ | D107: 1 | E107: nr | G107: =I107+K107+M107 -> #REF! | I107: =I111 -> #REF! | K107: =K111 -> #REF! | M107: =M111 -> #REF! | N107: =N101 -> 토목6-3-1
B108: 배 관 공 | C108: 수도 | D108: 3 | E108: 인 | F108: =H108+J108+L108 -> 262580 | G108: =I108+K108+M108 -> 787740 | H108: 0 | J108: =노임!$D$10 -> 262580 | K108: =TRUNC(J108*D108,1) -> 787740 | L108: 0
B109: 보통인부 | D109: 1 | E109: 인 | F109: =H109+J109+L109 -> 172068 | G109: =I109+K109+M109 -> 172068 | H109: 0 | J109: =노임!$D$3 -> 172068 | K109: =TRUNC(J109*D109,1) -> 172068 | L109: 0
B110: 트럭탑제형 크레인 | C110: 10 TON | D110: 8 | E110: hr | F110: =H110+J110+L110 -> #REF! | G110: =I110+K110+M110 -> #REF! | H110: =#REF! -> #REF! | I110: =TRUNC(H110*D110,1) -> #REF! | J110: =#REF! -> #REF! | K110: =TRUNC(J110*D110,1) -> #REF! | L110: =#REF! -> #REF! | M110: =TRUNC(L110*D110,1) -> #REF!
B111: 일 시공량 | C111: 4.5 | D111: =ROUND(1/C111,4) -> 0.2222 | E111: 일/본 | G111: =I111+K111+M111 -> #REF! | I111: =TRUNC(SUM(I108:I110)*$D111,1) -> #REF! | K111: =TRUNC(SUM(K108:K110)*$D111,1) -> #REF! | M111: =TRUNC(SUM(M108:M110)*$D111,1) -> #REF!
A113: =A107+1 -> 19 | B113: 강관부설(기계) | C113: D1000㎜ | D113: 1 | E113: nr | G113: =I113+K113+M113 -> #REF! | I113: =I117 -> #REF! | K113: =K117 -> #REF! | M113: =M117 -> #REF! | N113: =N107 -> 토목6-3-1
B114: 배 관 공 | C114: 수도 | D114: 3 | E114: 인 | F114: =H114+J114+L114 -> 262580 | G114: =I114+K114+M114 -> 787740 | H114: 0 | J114: =노임!$D$10 -> 262580 | K114: =TRUNC(J114*D114,1) -> 787740 | L114: 0
B115: 보통인부 | D115: 1 | E115: 인 | F115: =H115+J115+L115 -> 172068 | G115: =I115+K115+M115 -> 172068 | H115: 0 | J115: =노임!$D$3 -> 172068 | K115: =TRUNC(J115*D115,1) -> 172068 | L115: 0
B116: 트럭탑제형 크레인 | C116: 15 TON | D116: 8 | E116: hr | F116: =H116+J116+L116 -> #REF! | G116: =I116+K116+M116 -> #REF! | H116: =#REF! -> #REF! | I116: =TRUNC(H116*D116,1) -> #REF! | J116: =#REF! -> #REF! | K116: =TRUNC(J116*D116,1) -> #REF! | L116: =#REF! -> #REF! | M116: =TRUNC(L116*D116,1) -> #REF!
B117: 일 시공량 | C117: 3.5 | D117: =ROUND(1/C117,4) -> 0.2857 | E117: 일/본 | G117: =I117+K117+M117 -> #REF! | I117: =TRUNC(SUM(I114:I116)*$D117,1) -> #REF! | K117: =TRUNC(SUM(K114:K116)*$D117,1) -> #REF! | M117: =TRUNC(SUM(M114:M116)*$D117,1) -> #REF!
A119: =A113+1 -> 20 | B119: 강관부설(기계) | C119: D1100㎜ | D119: 1 | E119: nr | G119: =I119+K119+M119 -> #REF! | I119: =I123 -> #REF! | K119: =K123 -> #REF! | M119: =M123 -> #REF! | N119: =N113 -> 토목6-3-1
B120: 배 관 공 | C120: 수도 | D120: 3 | E120: 인 | F120: =H120+J120+L120 -> 262580 | G120: =I120+K120+M120 -> 787740 | H120: 0 | J120: =노임!$D$10 -> 262580 | K120: =TRUNC(J120*D120,1) -> 787740 | L120: 0
...

Sheet 강관용접
A1: 일위대가_호표_강관용접(용접봉-2010년 표준품셈 기준)
A2: 공 종 명 | C2: 규 격 | D2: 수량 | E2: 단위 | F2: 합 계 | H2: 재 료 비 | J2: 노 무 비 | L2: 경 비 | N2: 비 고
F3: 단 가 | G3: 금 액 | H3: 단 가 | I3: 금 액 | J3: 단 가 | K3: 금 액 | L3: 단 가 | M3: 금 액
A5: ='강관부설 및 철거'!A167 -> 28 | B5: 강관접합(A종) | C5: D80㎜ | D5: 1 | E5: 개소 | G5: =I5+K5+M5 -> #REF! | I5: =I8+I9 -> #REF! | K5: =K8+K9 -> 25682.5 | M5: =M8+M9 -> 1540.9
B6: 용 접 공(일 반) | D6: 1 | E6: 인 | F6: =H6+J6+L6 -> 282536 | G6: =I6+K6+M6 -> 282536 | H6: 0 | J6: =노임!$D$7 -> 282536 | K6: =TRUNC(J6*D6,1) -> 282536 | L6: 0
B7: 공구손료 및 경장비 | C7: 인력품의 | D7: 6 | E7: % | F7: =H7+J7+L7 -> 282536 | G7: =I7+K7+M7 -> 16952.1 | I7: =TRUNC(H7*D7,1) -> 0 | K7: =TRUNC(J7*D7,1) -> 0 | L7: =K6 -> 282536 | M7: =TRUNC(L7*D7/100,1) -> 16952.1
B8: 일 시공량 | C8: 11 | D8: =ROUND(1/C8,4) -> 0.0909 | E8: 일/개소 | G8: =I8+K8+M8 -> 27223.4 | I8: =TRUNC(SUM(I6:I7)*$D8,1) -> 0 | K8: =TRUNC(SUM(K6:K7)*$D8,1) -> 25682.5 | M8: =TRUNC(SUM(M6:M7)*$D8,1) -> 1540.9
B9: 용접봉(고장력강용) | C9: 4.0㎜ KSD5316 | D9: 0.1 | E9: kg | F9: =H9+J9+L9 -> #REF! | G9: =I9+K9+M9 -> #REF! | H9: =#REF! -> #REF! | I9: =TRUNC(H9*D9,1) -> #REF! | J9: 0 | L9: 0
A11: =A5+1 -> 29 | B11: 강관접합(A종) | C11: D100㎜ 이하, 외부용접 | D11: 1 | E11: 개소 | G11: =I11+K11+M11 -> #REF! | I11: =I14+I15 -> #REF! | K11: =K14+K15 -> 25682.5 | M11: =M14+M15 -> 1540.9 | N11: 토목6-3-2
B12: 용 접 공(일 반) | D12: 1 | E12: 인 | F12: =H12+J12+L12 -> 282536 | G12: =I12+K12+M12 -> 282536 | H12: 0 | J12: =노임!$D$7 -> 282536 | K12: =TRUNC(J12*D12,1) -> 282536 | L12: 0
B13: 공구손료 및 경장비 | C13: 인력품의 | D13: 6 | E13: % | F13: =H13+J13+L13 -> 282536 | G13: =I13+K13+M13 -> 16952.1 | I13: =TRUNC(H13*D13,1) -> 0 | K13: =TRUNC(J13*D13,1) -> 0 | L13: =K12 -> 282536 | M13: =TRUNC(L13*D13/100,1) -> 16952.1
B14: 일 시공량 | C14: 11 | D14: =ROUND(1/C14,4) -> 0.0909 | E14: 일/개소 | G14: =I14+K14+M14 -> 27223.4 | I14: =TRUNC(SUM(I12:I13)*$D14,1) -> 0 | K14: =TRUNC(SUM(K12:K13)*$D14,1) -> 25682.5 | M14: =TRUNC(SUM(M12:M13)*$D14,1) -> 1540.9
B15: 용접봉(고장력강용) | C15: 4.0㎜ KSD5316 | D15: 0.14 | E15: kg | F15: =H15+J15+L15 -> #REF! | G15: =I15+K15+M15 -> #REF! | H15: =#REF! -> #REF! | I15: =TRUNC(H15*D15,1) -> #REF! | J15: 0 | L15: 0
A17: =A11+1 -> 30 | B17: 강관접합(A종) | C17: D125㎜, 외부용접 | D17: 1 | E17: 개소 | G17: =I17+K17+M17 -> #REF! | I17: =I20+I21 -> #REF! | K17: =K20+K21 -> 25682.5 | M17: =M20+M21 -> 1540.9 | N17: =N11 -> 토목6-3-2
B18: 용 접 공(일 반) | D18: 1 | E18: 인 | F18: =H18+J18+L18 -> 282536 | G18: =I18+K18+M18 -> 282536 | H18: 0 | J18: =노임!$D$7 -> 282536 | K18: =TRUNC(J18*D18,1) -> 282536 | L18: 0
B19: 공구손료 및 경장비 | C19: 인력품의 | D19: 6 | E19: % | F19: =H19+J19+L19 -> 282536 | G19: =I19+K19+M19 -> 16952.1 | I19: =TRUNC(H19*D19,1) -> 0 | K19: =TRUNC(J19*D19,1) -> 0 | L19: =K18 -> 282536 | M19: =TRUNC(L19*D19/100,1) -> 16952.1
B20: 일 시공량 | C20: 11 | D20: =ROUND(1/C20,4) -> 0.0909 | E20: 일/개소 | G20: =I20+K20+M20 -> 27223.4 | I20: =TRUNC(SUM(I18:I19)*$D20,1) -> 0 | K20: =TRUNC(SUM(K18:K19)*$D20,1) -> 25682.5 | M20: =TRUNC(SUM(M18:M19)*$D20,1) -> 1540.9
B21: 용접봉(고장력강용) | C21: 4.0㎜ KSD5316 | D21: 0.25 | E21: kg | F21: =H21+J21+L21 -> #REF! | G21: =I21+K21+M21 -> #REF! | H21: =#REF! -> #REF! | I21: =TRUNC(H21*D21,1) -> #REF! | J21: 0 | L21: 0
A23: =A17+1 -> 31 | B23: 강관접합(A종) | C23: D150㎜, 외부용접 | D23: 1 | E23: 개소 | G23: =I23+K23+M23 -> #REF! | I23: =I26+I27 -> #REF! | K23: =K26+K27 -> 28253.6 | M23: =M26+M27 -> 1695.2 | N23: =N17 -> 토목6-3-2
B24: 용 접 공(일 반) | D24: 1 | E24: 인 | F24: =H24+J24+L24 -> 282536 | G24: =I24+K24+M24 -> 282536 | H24: 0 | J24: =노임!$D$7 -> 282536 | K24: =TRUNC(J24*D24,1) -> 282536 | L24: 0
B25: 공구손료 및 경장비 | C25: 인력품의 | D25: 6 | E25: % | F25: =H25+J25+L25 -> 282536 | G25: =I25+K25+M25 -> 16952.1 | I25: =TRUNC(H25*D25,1) -> 0 | K25: =TRUNC(J25*D25,1) -> 0 | L25: =K24 -> 282536 | M25: =TRUNC(L25*D25/100,1) -> 16952.1
B26: 일 시공량 | C26: 10 | D26: =ROUND(1/C26,4) -> 0.1 | E26: 일/개소 | G26: =I26+K26+M26 -> 29948.8 | I26: =TRUNC(SUM(I24:I25)*$D26,1) -> 0 | K26: =TRUNC(SUM(K24:K25)*$D26,1) -> 28253.6 | M26: =TRUNC(SUM(M24:M25)*$D26,1) -> 1695.2
B27: 용접봉(고장력강용) | C27: 4.0㎜ KSD5316 | D27: 0.37 | E27: kg | F27: =H27+J27+L27 -> #REF! | G27: =I27+K27+M27 -> #REF! | H27: =#REF! -> #REF! | I27: =TRUNC(H27*D27,1) -> #REF! | J27: 0 | L27: 0
A29: =A23+1 -> 32 | B29: 강관접합(A종) | C29: D200㎜, 외부용접 | D29: 1 | E29: 개소 | G29: =I29+K29+M29 -> #REF! | I29: =I32+I33 -> #REF! | K29: =K32+K33 -> 31389.7 | M29: =M32+M33 -> 1883.3 | N29: =N23 -> 토목6-3-2
B30: 용 접 공(일 반) | D30: 1 | E30: 인 | F30: =H30+J30+L30 -> 282536 | G30: =I30+K30+M30 -> 282536 | H30: 0 | J30: =노임!$D$7 -> 282536 | K30: =TRUNC(J30*D30,1) -> 282536 | L30: 0
B31: 공구손료 및 경장비 | C31: 인력품의 | D31: 6 | E31: % | F31: =H31+J31+L31 -> 282536 | G31: =I31+K31+M31 -> 16952.1 | I31: =TRUNC(H31*D31,1) -> 0 | K31: =TRUNC(J31*D31,1) -> 0 | L31: =K30 -> 282536 | M31: =TRUNC(L31*D31/100,1) -> 16952.1
B32: 일 시공량 | C32: 9 | D32: =ROUND(1/C32,4) -> 0.1111 | E32: 일/개소 | G32: =I32+K32+M32 -> 33273 | I32: =TRUNC(SUM(I30:I31)*$D32,1) -> 0 | K32: =TRUNC(SUM(K30:K31)*$D32,1) -> 31389.7 | M32: =TRUNC(SUM(M30:M31)*$D32,1) -> 1883.3
B33: 용접봉(고장력강용) | C33: 4.0㎜ KSD5316 | D33: 0.54 | E33: kg | F33: =H33+J33+L33 -> #REF! | G33: =I33+K33+M33 -> #REF! | H33: =#REF! -> #REF! | I33: =TRUNC(H33*D33,1) -> #REF! | J33: 0 | L33: 0
A35: =A29+1 -> 33 | B35: 강관접합(A종) | C35: D250㎜, 외부용접 | D35: 1 | E35: 개소 | G35: =I35+K35+M35 -> #REF! | I35: =I38+I39 -> #REF! | K35: =K38+K39 -> 37662 | M35: =M38+M39 -> 2259.7 | N35: =N29 -> 토목6-3-2
B36: 용 접 공(일 반) | D36: 1 | E36: 인 | F36: =H36+J36+L36 -> 282536 | G36: =I36+K36+M36 -> 282536 | H36: 0 | J36: =노임!$D$7 -> 282536 | K36: =TRUNC(J36*D36,1) -> 282536 | L36: 0
B37: 공구손료 및 경장비 | C37: 인력품의 | D37: 6 | E37: % | F37: =H37+J37+L37 -> 282536 | G37: =I37+K37+M37 -> 16952.1 | I37: =TRUNC(H37*D37,1) -> 0 | K37: =TRUNC(J37*D37,1) -> 0 | L37: =K36 -> 282536 | M37: =TRUNC(L37*D37/100,1) -> 16952.1
B38: 일 시공량 | C38: 7.5 | D38: =ROUND(1/C38,4) -> 0.1333 | E38: 일/개소 | G38: =I38+K38+M38 -> 39921.7 | I38: =TRUNC(SUM(I36:I37)*$D38,1) -> 0 | K38: =TRUNC(SUM(K36:K37)*$D38,1) -> 37662 | M38: =TRUNC(SUM(M36:M37)*$D38,1) -> 2259.7
B39: 용접봉(고장력강용) | C39: 4.0㎜ KSD5316 | D39: 0.54 | E39: kg | F39: =H39+J39+L39 -> #REF! | G39: =I39+K39+M39 -> #REF! | H39: =#REF! -> #REF! | I39: =TRUNC(H39*D39,1) -> #REF! | J39: 0 | L39: 0
A41: =A35+1 -> 34 | B41: 강관접합(A종) | C41: D300㎜, 외부용접 | D41: 1 | E41: 개소 | G41: =I41+K41+M41 -> #REF! | I41: =I44+I45 -> #REF! | K41: =K44+K45 -> 43454 | M41: =M44+M45 -> 2607.2 | N41: =N35 -> 토목6-3-2
B42: 용 접 공(일 반) | D42: 1 | E42: 인 | F42: =H42+J42+L42 -> 282536 | G42: =I42+K42+M42 -> 282536 | H42: 0 | J42: =노임!$D$7 -> 282536 | K42: =TRUNC(J42*D42,1) -> 282536 | L42: 0
B43: 공구손료 및 경장비 | C43: 인력품의 | D43: 6 | E43: % | F43: =H43+J43+L43 -> 282536 | G43: =I43+K43+M43 -> 16952.1 | I43: =TRUNC(H43*D43,1) -> 0 | K43: =TRUNC(J43*D43,1) -> 0 | L43: =K42 -> 282536 | M43: =TRUNC(L43*D43/100,1) -> 16952.1
B44: 일 시공량 | C44: 6.5 | D44: =ROUND(1/C44,4) -> 0.1538 | E44: 일/개소 | G44: =I44+K44+M44 -> 46061.2 | I44: =TRUNC(SUM(I42:I43)*$D44,1) -> 0 | K44: =TRUNC(SUM(K42:K43)*$D44,1) -> 43454 | M44: =TRUNC(SUM(M42:M43)*$D44,1) -> 2607.2
B45: 용접봉(고장력강용) | C45: 4.0㎜ KSD5316 | D45: 0.58 | E45: kg | F45: =H45+J45+L45 -> #REF! | G45: =I45+K45+M45 -> #REF! | H45: =#REF! -> #REF! | I45: =TRUNC(H45*D45,1) -> #REF! | J45: 0 | L45: 0
A47: =A41+1 -> 35 | B47: 강관접합(A종) | C47: D350㎜, 외부용접 | D47: 1 | E47: 개소 | G47: =I47+K47+M47 -> #REF! | I47: =I50+I51 -> #REF! | K47: =K50+K51 -> 51365 | M47: =M50+M51 -> 3081.8 | N47: =N41 -> 토목6-3-2
B48: 용 접 공(일 반) | D48: 1 | E48: 인 | F48: =H48+J48+L48 -> 282536 | G48: =I48+K48+M48 -> 282536 | H48: 0 | J48: =노임!$D$7 -> 282536 | K48: =TRUNC(J48*D48,1) -> 282536 | L48: 0
B49: 공구손료 및 경장비 | C49: 인력품의 | D49: 6 | E49: % | F49: =H49+J49+L49 -> 282536 | G49: =I49+K49+M49 -> 16952.1 | I49: =TRUNC(H49*D49,1) -> 0 | K49: =TRUNC(J49*D49,1) -> 0 | L49: =K48 -> 282536 | M49: =TRUNC(L49*D49/100,1) -> 16952.1
B50: 일 시공량 | C50: 5.5 | D50: =ROUND(1/C50,4) -> 0.1818 | E50: 일/개소 | G50: =I50+K50+M50 -> 54446.8 | I50: =TRUNC(SUM(I48:I49)*$D50,1) -> 0 | K50: =TRUNC(SUM(K48:K49)*$D50,1) -> 51365 | M50: =TRUNC(SUM(M48:M49)*$D50,1) -> 3081.8
B51: 용접봉(고장력강용) | C51: 4.0㎜ KSD5316 | D51: 0.62 | E51: kg | F51: =H51+J51+L51 -> #REF! | G51: =I51+K51+M51 -> #REF! | H51: =#REF! -> #REF! | I51: =TRUNC(H51*D51,1) -> #REF! | J51: 0 | L51: 0
A53: =A47+1 -> 36 | B53: 강관접합(A종) | C53: D400㎜, 외부용접 | D53: 1 | E53: 개소 | G53: =I53+K53+M53 -> #REF! | I53: =I56+I57 -> #REF! | K53: =K56+K57 -> 59502 | M53: =M56+M57 -> 3570.1 | N53: =N47 -> 토목6-3-2
B54: 용 접 공(일 반) | D54: 2 | E54: 인 | F54: =H54+J54+L54 -> 282536 | G54: =I54+K54+M54 -> 565072 | H54: 0 | J54: =노임!$D$7 -> 282536 | K54: =TRUNC(J54*D54,1) -> 565072 | L54: 0
B55: 공구손료 및 경장비 | C55: 인력품의 | D55: 6 | E55: % | F55: =H55+J55+L55 -> 565072 | G55: =I55+K55+M55 -> 33904.3 | I55: =TRUNC(H55*D55,1) -> 0 | K55: =TRUNC(J55*D55,1) -> 0 | L55: =K54 -> 565072 | M55: =TRUNC(L55*D55/100,1) -> 33904.3
B56: 일 시공량 | C56: 9.5 | D56: =ROUND(1/C56,4) -> 0.1053 | E56: 일/개소 | G56: =I56+K56+M56 -> 63072.1 | I56: =TRUNC(SUM(I54:I55)*$D56,1) -> 0 | K56: =TRUNC(SUM(K54:K55)*$D56,1) -> 59502 | M56: =TRUNC(SUM(M54:M55)*$D56,1) -> 3570.1
B57: 용접봉(고장력강용) | C57: 4.0㎜ KSD5316 | D57: 0.71 | E57: kg | F57: =H57+J57+L57 -> #REF! | G57: =I57+K57+M57 -> #REF! | H57: =#REF! -> #REF! | I57: =TRUNC(H57*D57,1) -> #REF! | J57: 0 | L57: 0
A59: =A53+1 -> 37 | B59: 강관접합(A종) | C59: D450㎜, 외부용접 | D59: 1 | E59: 개소 | G59: =I59+K59+M59 -> #REF! | I59: =I62+I63 -> #REF! | K59: =K62+K63 -> 70634 | M59: =M62+M63 -> 4238 | N59: =N53 -> 토목6-3-2
B60: 용 접 공(일 반) | D60: 2 | E60: 인 | F60: =H60+J60+L60 -> 282536 | G60: =I60+K60+M60 -> 565072 | H60: 0 | J60: =노임!$D$7 -> 282536 | K60: =TRUNC(J60*D60,1) -> 565072 | L60: 0
B61: 공구손료 및 경장비 | C61: 인력품의 | D61: 6 | E61: % | F61: =H61+J61+L61 -> 565072 | G61: =I61+K61+M61 -> 33904.3 | I61: =TRUNC(H61*D61,1) -> 0 | K61: =TRUNC(J61*D61,1) -> 0 | L61: =K60 -> 565072 | M61: =TRUNC(L61*D61/100,1) -> 33904.3
B62: 일 시공량 | C62: 8 | D62: =ROUND(1/C62,4) -> 0.125 | E62: 일/개소 | G62: =I62+K62+M62 -> 74872 | I62: =TRUNC(SUM(I60:I61)*$D62,1) -> 0 | K62: =TRUNC(SUM(K60:K61)*$D62,1) -> 70634 | M62: =TRUNC(SUM(M60:M61)*$D62,1) -> 4238
B63: 용접봉(고장력강용) | C63: 4.0㎜ KSD5316 | D63: 0.8 | E63: kg | F63: =H63+J63+L63 -> #REF! | G63: =I63+K63+M63 -> #REF! | H63: =#REF! -> #REF! | I63: =TRUNC(H63*D63,1) -> #REF! | J63: 0 | L63: 0
A65: =A59+1 -> 38 | B65: 강관접합(A종) | C65: D500㎜, 외부용접 | D65: 1 | E65: 개소 | G65: =I65+K65+M65 -> #REF! | I65: =I68+I69 -> #REF! | K65: =K68+K69 -> 86908 | M65: =M68+M69 -> 5214.4 | N65: =N59 -> 토목6-3-2
B66: 용 접 공(일 반) | D66: 2 | E66: 인 | F66: =H66+J66+L66 -> 282536 | G66: =I66+K66+M66 -> 565072 | H66: 0 | J66: =노임!$D$7 -> 282536 | K66: =TRUNC(J66*D66,1) -> 565072 | L66: 0
B67: 공구손료 및 경장비 | C67: 인력품의 | D67: 6 | E67: % | F67: =H67+J67+L67 -> 565072 | G67: =I67+K67+M67 -> 33904.3 | I67: =TRUNC(H67*D67,1) -> 0 | K67: =TRUNC(J67*D67,1) -> 0 | L67: =K66 -> 565072 | M67: =TRUNC(L67*D67/100,1) -> 33904.3
B68: 일 시공량 | C68: 6.5 | D68: =ROUND(1/C68,4) -> 0.1538 | E68: 일/개소 | G68: =I68+K68+M68 -> 92122.4 | I68: =TRUNC(SUM(I66:I67)*$D68,1) -> 0 | K68: =TRUNC(SUM(K66:K67)*$D68,1) -> 86908 | M68: =TRUNC(SUM(M66:M67)*$D68,1) -> 5214.4
B69: 용접봉(고장력강용) | C69: 4.0㎜ KSD5316 | D69: 0.88 | E69: kg | F69: =H69+J69+L69 -> #REF! | G69: =I69+K69+M69 -> #REF! | H69: =#REF! -> #REF! | I69: =TRUNC(H69*D69,1) -> #REF! | J69: 0 | L69: 0
A71: =A65+1 -> 39 | B71: 강관접합(A종) | C71: D600㎜, 외부용접 | D71: 1 | E71: 개소 | G71: =I71+K71+M71 -> #REF! | I71: =I74+I75 -> #REF! | K71: =K74+K75 -> 113014.4 | M71: =M74+M75 -> 6780.8 | N71: =N65 -> 토목6-3-2
B72: 용 접 공(일 반) | D72: 2 | E72: 인 | F72: =H72+J72+L72 -> 282536 | G72: =I72+K72+M72 -> 565072 | H72: 0 | J72: =노임!$D$7 -> 282536 | K72: =TRUNC(J72*D72,1) -> 565072 | L72: 0
B73: 공구손료 및 경장비 | C73: 인력품의 | D73: 6 | E73: % | F73: =H73+J73+L73 -> 565072 | G73: =I73+K73+M73 -> 33904.3 | I73: =TRUNC(H73*D73,1) -> 0 | K73: =TRUNC(J73*D73,1) -> 0 | L73: =K72 -> 565072 | M73: =TRUNC(L73*D73/100,1) -> 33904.3
B74: 일 시공량 | C74: 5 | D74: =ROUND(1/C74,4) -> 0.2 | E74: 일/개소 | G74: =I74+K74+M74 -> 119795.2 | I74: =TRUNC(SUM(I72:I73)*$D74,1) -> 0 | K74: =TRUNC(SUM(K72:K73)*$D74,1) -> 113014.4 | M74: =TRUNC(SUM(M72:M73)*$D74,1) -> 6780.8
B75: 용접봉(고장력강용) | C75: 4.0㎜ KSD5316 | D75: 1.06 | E75: kg | F75: =H75+J75+L75 -> #REF! | G75: =I75+K75+M75 -> #REF! | H75: =#REF! -> #REF! | I75: =TRUNC(H75*D75,1) -> #REF! | J75: 0 | L75: 0
A77: =A71+1 -> 40 | B77: 강관접합(A종) | C77: D700㎜, 외부용접 | D77: 1 | E77: 개소 | G77: =I77+K77+M77 -> #REF! | I77: =I80+I81 -> #REF! | K77: =K80+K81 -> 161441 | M77: =M80+M81 -> 9686.4 | N77: =N71 -> 토목6-3-2
B78: 용 접 공(일 반) | D78: 2 | E78: 인 | F78: =H78+J78+L78 -> 282536 | G78: =I78+K78+M78 -> 565072 | H78: 0 | J78: =노임!$D$7 -> 282536 | K78: =TRUNC(J78*D78,1) -> 565072 | L78: 0
B79: 공구손료 및 경장비 | C79: 인력품의 | D79: 6 | E79: % | F79: =H79+J79+L79 -> 565072 | G79: =I79+K79+M79 -> 33904.3 | I79: =TRUNC(H79*D79,1) -> 0 | K79: =TRUNC(J79*D79,1) -> 0 | L79: =K78 -> 565072 | M79: =TRUNC(L79*D79/100,1) -> 33904.3
B80: 일 시공량 | C80: 3.5 | D80: =ROUND(1/C80,4) -> 0.2857 | E80: 일/개소 | G80: =I80+K80+M80 -> 171127.4 | I80: =TRUNC(SUM(I78:I79)*$D80,1) -> 0 | K80: =TRUNC(SUM(K78:K79)*$D80,1) -> 161441 | M80: =TRUNC(SUM(M78:M79)*$D80,1) -> 9686.4
B81: 용접봉(고장력강용) | C81: 4.0㎜ KSD5316 | D81: 1.6 | E81: kg | F81: =H81+J81+L81 -> #REF! | G81: =I81+K81+M81 -> #REF! | H81: =#REF! -> #REF! | I81: =TRUNC(H81*D81,1) -> #REF! | J81: 0 | L81: 0
A83: =A77+1 -> 41 | B83: 강관접합(B종) | C83: D700㎜, 외부용접 | D83: 1 | E83: 개소 | G83: =I83+K83+M83 -> #REF! | I83: =I86+I87 -> #REF! | K83: =K86+K87 -> 0 | M83: =M86+M87 -> 0 | N83: 삭제
B84: 용 접 공(일 반) | E84: 인 | F84: =H84+J84+L84 -> 282536 | G84: =I84+K84+M84 -> 0 | H84: 0 | J84: =노임!$D$7 -> 282536 | K84: =TRUNC(J84*D84,1) -> 0 | L84: 0
B85: 공구손료 및 경장비 | C85: 인력품의 | D85: 6 | E85: % | F85: =H85+J85+L85 -> 0 | G85: =I85+K85+M85 -> 0 | I85: =TRUNC(H85*D85,1) -> 0 | K85: =TRUNC(J85*D85,1) -> 0 | L85: =K84 -> 0 | M85: =TRUNC(L85*D85/100,1) -> 0
B86: 일 시공량 | C86: 3.5 | D86: =ROUND(1/C86,4) -> 0.2857 | E86: 일/개소 | G86: =I86+K86+M86 -> 0 | I86: =TRUNC(SUM(I84:I85)*$D86,1) -> 0 | K86: =TRUNC(SUM(K84:K85)*$D86,1) -> 0 | M86: =TRUNC(SUM(M84:M85)*$D86,1) -> 0
B87: 용접봉(고장력강용) | C87: 4.0㎜ KSD5316 | E87: kg | F87: =H87+J87+L87 -> #REF! | G87: =I87+K87+M87 -> #REF! | H87: =#REF! -> #REF! | I87: =TRUNC(H87*D87,1) -> #REF! | J87: 0 | L87: 0
A89: =A83+1 -> 42 | B89: 강관접합(A종) | C89: D800㎜, 내·외부용접 | D89: 1 | E89: 개소 | G89: =I89+K89+M89 -> #REF! | I89: =I92+I93 -> #REF! | K89: =K92+K93 -> 339043.2 | M89: =M92+M93 -> 20342.5 | N89: =N77 -> 토목6-3-2
B90: 용 접 공(일 반) | D90: 3 | E90: 인 | F90: =H90+J90+L90 -> 282536 | G90: =I90+K90+M90 -> 847608 | H90: 0 | J90: =노임!$D$7 -> 282536 | K90: =TRUNC(J90*D90,1) -> 847608 | L90: 0
B91: 공구손료 및 경장비 | C91: 인력품의 | D91: 6 | E91: % | F91: =H91+J91+L91 -> 847608 | G91: =I91+K91+M91 -> 50856.4 | I91: =TRUNC(H91*D91,1) -> 0 | K91: =TRUNC(J91*D91,1) -> 0 | L91: =K90 -> 847608 | M91: =TRUNC(L91*D91/100,1) -> 50856.4
B92: 일 시공량 | C92: 2.5 | D92: =ROUND(1/C92,4) -> 0.4 | E92: 일/개소 | G92: =I92+K92+M92 -> 359385.7 | I92: =TRUNC(SUM(I90:I91)*$D92,1) -> 0 | K92: =TRUNC(SUM(K90:K91)*$D92,1) -> 339043.2 | M92: =TRUNC(SUM(M90:M91)*$D92,1) -> 20342.5
B93: 용접봉(고장력강용) | C93: 4.0㎜ KSD5316 | D93: 2.3 | E93: kg | F93: =H93+J93+L93 -> #REF! | G93: =I93+K93+M93 -> #REF! | H93: =#REF! -> #REF! | I93: =TRUNC(H93*D93,1) -> #REF! | J93: 0 | L93: 0
A95: =A89+1 -> 43 | B95: 강관접합(B종) | C95: D800㎜, 내·외부용접 | D95: 1 | E95: 개소 | G95: =I95+K95+M95 -> #REF! | I95: =I98+I99 -> #REF! | K95: =K98+K99 -> 211902 | M95: =M98+M99 -> 12714.1 | N95: =N89 -> 토목6-3-2
B96: 용 접 공(일 반) | D96: 3 | E96: 인 | F96: =H96+J96+L96 -> 282536 | G96: =I96+K96+M96 -> 847608 | H96: 0 | J96: =노임!$D$7 -> 282536 | K96: =TRUNC(J96*D96,1) -> 847608 | L96: 0
B97: 공구손료 및 경장비 | C97: 인력품의 | D97: 6 | E97: % | F97: =H97+J97+L97 -> 847608 | G97: =I97+K97+M97 -> 50856.4 | I97: =TRUNC(H97*D97,1) -> 0 | K97: =TRUNC(J97*D97,1) -> 0 | L97: =K96 -> 847608 | M97: =TRUNC(L97*D97/100,1) -> 50856.4
B98: 일 시공량 | C98: 4 | D98: =ROUND(1/C98,4) -> 0.25 | E98: 일/개소 | G98: =I98+K98+M98 -> 224616.1 | I98: =TRUNC(SUM(I96:I97)*$D98,1) -> 0 | K98: =TRUNC(SUM(K96:K97)*$D98,1) -> 211902 | M98: =TRUNC(SUM(M96:M97)*$D98,1) -> 12714.1
B99: 용접봉(고장력강용) | C99: 4.0㎜ KSD5316 | D99: 1.9 | E99: kg | F99: =H99+J99+L99 -> #REF! | G99: =I99+K99+M99 -> #REF! | H99: =#REF! -> #REF! | I99: =TRUNC(H99*D99,1) -> #REF! | J99: 0 | L99: 0
A101: =A95+1 -> 44 | B101: 강관접합(A종) | C101: D900㎜, 내·외부용접 | D101: 1 | E101: 개소 | G101: =I101+K101+M101 -> #REF! | I101: =I104+I105 -> #REF! | K101: =K104+K105 -> 423804 | M101: =M104+M105 -> 25428.2 | N101: =N95 -> 토목6-3-2
B102: 용 접 공(일 반) | D102: 3 | E102: 인 | F102: =H102+J102+L102 -> 282536 | G102: =I102+K102+M102 -> 847608 | H102: 0 | J102: =노임!$D$7 -> 282536 | K102: =TRUNC(J102*D102,1) -> 847608 | L102: 0
B103: 공구손료 및 경장비 | C103: 인력품의 | D103: 6 | E103: % | F103: =H103+J103+L103 -> 847608 | G103: =I103+K103+M103 -> 50856.4 | I103: =TRUNC(H103*D103,1) -> 0 | K103: =TRUNC(J103*D103,1) -> 0 | L103: =K102 -> 847608 | M103: =TRUNC(L103*D103/100,1) -> 50856.4
B104: 일 시공량 | C104: 2 | D104: =ROUND(1/C104,4) -> 0.5 | E104: 일/개소 | G104: =I104+K104+M104 -> 449232.2 | I104: =TRUNC(SUM(I102:I103)*$D104,1) -> 0 | K104: =TRUNC(SUM(K102:K103)*$D104,1) -> 423804 | M104: =TRUNC(SUM(M102:M103)*$D104,1) -> 25428.2
B105: 용접봉(고장력강용) | C105: 4.0㎜ KSD5316 | D105: 2.6 | E105: kg | F105: =H105+J105+L105 -> #REF! | G105: =I105+K105+M105 -> #REF! | H105: =#REF! -> #REF! | I105: =TRUNC(H105*D105,1) -> #REF! | J105: 0 | L105: 0
A107: =A101+1 -> 45 | B107: 강관접합(B종) | C107: D900㎜, 내·외부용접 | D107: 1 | E107: 개소 | G107: =I107+K107+M107 -> #REF! | I107: =I110+I111 -> #REF! | K107: =K110+K111 -> 282507.7 | M107: =M110+M111 -> 16950.4 | N107: =N101 -> 토목6-3-2
B108: 용 접 공(일 반) | D108: 3 | E108: 인 | F108: =H108+J108+L108 -> 282536 | G108: =I108+K108+M108 -> 847608 | H108: 0 | J108: =노임!$D$7 -> 282536 | K108: =TRUNC(J108*D108,1) -> 847608 | L108: 0
B109: 공구손료 및 경장비 | C109: 인력품의 | D109: 6 | E109: % | F109: =H109+J109+L109 -> 847608 | G109: =I109+K109+M109 -> 50856.4 | I109: =TRUNC(H109*D109,1) -> 0 | K109: =TRUNC(J109*D109,1) -> 0 | L109: =K108 -> 847608 | M109: =TRUNC(L109*D109/100,1) -> 50856.4
B110: 일 시공량 | C110: 3 | D110: =ROUND(1/C110,4) -> 0.3333 | E110: 일/개소 | G110: =I110+K110+M110 -> 299458.1 | I110: =TRUNC(SUM(I108:I109)*$D110,1) -> 0 | K110: =TRUNC(SUM(K108:K109)*$D110,1) -> 282507.7 | M110: =TRUNC(SUM(M108:M109)*$D110,1) -> 16950.4
B111: 용접봉(고장력강용) | C111: 4.0㎜ KSD5316 | D111: 2.1 | E111: kg | F111: =H111+J111+L111 -> #REF! | G111: =I111+K111+M111 -> #REF! | H111: =#REF! -> #REF! | I111: =TRUNC(H111*D111,1) -> #REF! | J111: 0 | L111: 0
A113: =A107+1 -> 46 | B113: 강관접합(A종) | C113: D1000㎜, 내·외부용접 | D113: 1 | E113: 개소 | G113: =I113+K113+M113 -> #REF! | I113: =I116+I117 -> #REF! | K113: =K116+K117 -> 565100.2 | M113: =M116+M117 -> 33905.9 | N113: =N107 -> 토목6-3-2
B114: 용 접 공(일 반) | D114: 3 | E114: 인 | F114: =H114+J114+L114 -> 282536 | G114: =I114+K114+M114 -> 847608 | H114: 0 | J114: =노임!$D$7 -> 282536 | K114: =TRUNC(J114*D114,1) -> 847608 | L114: 0
B115: 공구손료 및 경장비 | C115: 인력품의 | D115: 6 | E115: % | F115: =H115+J115+L115 -> 847608 | G115: =I115+K115+M115 -> 50856.4 | I115: =TRUNC(H115*D115,1) -> 0 | K115: =TRUNC(J115*D115,1) -> 0 | L115: =K114 -> 847608 | M115: =TRUNC(L115*D115/100,1) -> 50856.4
B116: 일 시공량 | C116: 1.5 | D116: =ROUND(1/C116,4) -> 0.6667 | E116: 일/개소 | G116: =I116+K116+M116 -> 599006.1 | I116: =TRUNC(SUM(I114:I115)*$D116,1) -> 0 | K116: =TRUNC(SUM(K114:K115)*$D116,1) -> 565100.2 | M116: =TRUNC(SUM(M114:M115)*$D116,1) -> 33905.9
B117: 용접봉(고장력강용) | C117: 4.0㎜ KSD5316 | D117: 3.5 | E117: kg | F117: =H117+J117+L117 -> #REF! | G117: =I117+K117+M117 -> #REF! | H117: =#REF! -> #REF! | I117: =TRUNC(H117*D117,1) -> #REF! | J117: 0 | L117: 0
A119: =A113+1 -> 47 | B119: 강관접합(B종) | C119: D1000㎜, 내·외부용접 | D119: 1 | E119: 개소 | G119: =I119+K119+M119 -> #REF! | I119: =I122+I123 -> #REF! | K119: =K122+K123 -> 339043.2 | M119: =M122+M123 -> 20342.5 | N119: =N113 -> 토목6-3-2
B120: 용 접 공(일 반) | D120: 3 | E120: 인 | F120: =H120+J120+L120 -> 282536 | G120: =I120+K120+M120 -> 847608 | H120: 0 | J120: =노임!$D$7 -> 282536 | K120: =TRUNC(J120*D120,1) -> 847608 | L120: 0
...

Sheet 강관도장
A1: 일위대가_호표_강관도장(재료비-2010년 표준품셈 기준)
A2: 공 종 명 | C2: 규 격 | D2: 수량 | E2: 단위 | F2: 합 계 | H2: 재 료 비 | J2: 노 무 비 | L2: 경 비 | N2: 비 고
F3: 단 가 | G3: 금 액 | H3: 단 가 | I3: 금 액 | J3: 단 가 | K3: 금 액 | L3: 단 가 | M3: 금 액
A5: =강관용접!A245+1 -> 69 | B5: 강관도장(외부) | C5: D80㎜ | D5: 1 | E5: 개소 | G5: =I5+K5+M5 -> #REF! | I5: =TRUNC(I6,0) -> #REF! | K5: =TRUNC(K6,0) -> 14460 | M5: =TRUNC(M6,0) -> 0
B6: 강관도장(외부) | C6: D300㎜적용(80/300=0.2667) | D6: =80/300 -> 0.26666667 | E6: 개소 | F6: =H6+J6+L6 -> #REF! | G6: =I6+K6+M6 -> #REF! | H6: ='목록(강관)'!$I$78 -> #REF! | I6: =TRUNC(H6*D6,1) -> #REF! | J6: ='목록(강관)'!$K$78 -> 54225 | K6: =TRUNC(J6*D6,1) -> 14460 | L6: ='목록(강관)'!$M$78 -> 0 | M6: =TRUNC(L6*D6,1) -> 0
A8: =A5+1 -> 70 | B8: 강관도장(외부) | C8: D100㎜ | D8: 1 | E8: 개소 | G8: =I8+K8+M8 -> #REF! | I8: =TRUNC(I9,0) -> #REF! | K8: =TRUNC(K9,0) -> 18075 | M8: =TRUNC(M9,0) -> 0
B9: 강관도장(외부) | C9: D300㎜적용(100/300=0.3333) | D9: =100/300 -> 0.33333333 | E9: 개소 | F9: =H9+J9+L9 -> #REF! | G9: =I9+K9+M9 -> #REF! | H9: ='목록(강관)'!$I$78 -> #REF! | I9: =TRUNC(H9*D9,1) -> #REF! | J9: ='목록(강관)'!$K$78 -> 54225 | K9: =TRUNC(J9*D9,1) -> 18075 | L9: ='목록(강관)'!$M$78 -> 0 | M9: =TRUNC(L9*D9,1) -> 0
A11: =A8+1 -> 71 | B11: 강관도장(외부) | C11: D150㎜ | D11: 1 | E11: 개소 | G11: =I11+K11+M11 -> #REF! | I11: =TRUNC(I12,0) -> #REF! | K11: =TRUNC(K12,0) -> 27112 | M11: =TRUNC(M12,0) -> 0
B12: 강관도장(외부) | C12: D300㎜적용(150/300=0.5000) | D12: =150/300 -> 0.5 | E12: 개소 | F12: =H12+J12+L12 -> #REF! | G12: =I12+K12+M12 -> #REF! | H12: ='목록(강관)'!$I$78 -> #REF! | I12: =TRUNC(H12*D12,1) -> #REF! | J12: ='목록(강관)'!$K$78 -> 54225 | K12: =TRUNC(J12*D12,1) -> 27112.5 | L12: ='목록(강관)'!$M$78 -> 0 | M12: =TRUNC(L12*D12,1) -> 0
A14: =A11+1 -> 72 | B14: 강관도장(외부) | C14: D200㎜ | D14: 1 | E14: 개소 | G14: =I14+K14+M14 -> #REF! | I14: =TRUNC(I15,0) -> #REF! | K14: =TRUNC(K15,0) -> 36150 | M14: =TRUNC(M15,0) -> 0
B15: 강관도장(외부) | C15: D300㎜적용(200/300=0.6667) | D15: =200/300 -> 0.66666667 | E15: 개소 | F15: =H15+J15+L15 -> #REF! | G15: =I15+K15+M15 -> #REF! | H15: ='목록(강관)'!$I$78 -> #REF! | I15: =TRUNC(H15*D15,1) -> #REF! | J15: ='목록(강관)'!$K$78 -> 54225 | K15: =TRUNC(J15*D15,1) -> 36150 | L15: ='목록(강관)'!$M$78 -> 0 | M15: =TRUNC(L15*D15,1) -> 0
A17: =A14+1 -> 73 | B17: 강관도장(외부) | C17: D250㎜ | D17: 1 | E17: 개소 | G17: =I17+K17+M17 -> #REF! | I17: =TRUNC(I18,0) -> #REF! | K17: =TRUNC(K18,0) -> 45187 | M17: =TRUNC(M18,0) -> 0 | N17: 토목6-3-3
B18: 강관도장(외부) | C18: D300㎜적용(250/300=0.8333) | D18: =250/300 -> 0.83333333 | E18: 개소 | F18: =H18+J18+L18 -> #REF! | G18: =I18+K18+M18 -> #REF! | H18: ='목록(강관)'!$I$78 -> #REF! | I18: =TRUNC(H18*D18,1) -> #REF! | J18: ='목록(강관)'!$K$78 -> 54225 | K18: =TRUNC(J18*D18,1) -> 45187.5 | L18: ='목록(강관)'!$M$78 -> 0 | M18: =TRUNC(L18*D18,1) -> 0
A20: =A17+1 -> 74 | B20: 강관도장(외부) | C20: D300㎜ | D20: 1 | E20: 개소 | G20: =I20+K20+M20 -> #REF! | I20: =TRUNC(I21+I22+I23+I24+I25+I26,0) -> #REF! | K20: =TRUNC(K21+K22+K23+K24+K25+K26,0) -> 54225 | M20: =TRUNC(M21+M22+M23+M24+M25+M26,0) -> 0 | N20: =N17 -> 토목6-3-3
B21: 액상접착재 | C21: 15kg(18ℓ)/can | D21: 0.1 | E21: kg | F21: =H21+J21+L21 -> #REF! | G21: =I21+K21+M21 -> #REF! | H21: =#REF! -> #REF! | I21: =TRUNC(H21*D21,1) -> #REF! | J21: 0 | L21: 0
B22: 매스틱 | C22: 3T x 40 x 6m | D22: 1.1 | E22: m | F22: =H22+J22+L22 -> #REF! | G22: =I22+K22+M22 -> #REF! | H22: =#REF! -> #REF! | I22: =TRUNC(H22*D22,1) -> #REF! | J22: 0 | L22: 0
B23: 안쪽층테이프 | C23: 0.508mm x 100mm x 30m | D23: 0.79 | E23: ㎡ | F23: =H23+J23+L23 -> #REF! | G23: =I23+K23+M23 -> #REF! | H23: =#REF! -> #REF! | I23: =TRUNC(H23*D23,1) -> #REF! | J23: 0 | L23: 0
B24: 바깥층테이프 | C24: 0.381mm x 100mm x 30m | D24: 0.79 | E24: ㎡ | F24: =H24+J24+L24 -> #REF! | G24: =I24+K24+M24 -> #REF! | H24: =#REF! -> #REF! | I24: =TRUNC(H24*D24,1) -> #REF! | J24: 0 | L24: 0
B25: 도 장 공 | D25: 0.18 | E25: 인 | F25: =H25+J25+L25 -> 263017 | G25: =I25+K25+M25 -> 47343 | H25: 0 | J25: =노임!$D$9 -> 263017 | K25: =TRUNC(J25*D25,1) -> 47343 | L25: 0
B26: 보통인부 | D26: 0.04 | E26: 인 | F26: =H26+J26+L26 -> 172068 | G26: =I26+K26+M26 -> 6882.7 | H26: 0 | J26: =노임!$D$3 -> 172068 | K26: =TRUNC(J26*D26,1) -> 6882.7 | L26: 0
A28: =A20+1 -> 75 | B28: 강관도장(외부) | C28: D350㎜ | D28: 1 | E28: 개소 | G28: =I28+K28+M28 -> #REF! | I28: =TRUNC(I29+I30+I31+I32+I33+I34,0) -> #REF! | K28: =TRUNC(K29+K30+K31+K32+K33+K34,0) -> 63836 | M28: =TRUNC(M29+M30+M31+M32+M33+M34,0) -> 0 | N28: =N20 -> 토목6-3-3
B29: 액상접착재 | C29: 15kg(18ℓ)/can | D29: 0.11 | E29: kg | F29: =H29+J29+L29 -> #REF! | G29: =I29+K29+M29 -> #REF! | H29: =#REF! -> #REF! | I29: =TRUNC(H29*D29,1) -> #REF! | J29: 0 | L29: 0
B30: 매스틱 | C30: 3T x 40 x 6m | D30: 1.23 | E30: m | F30: =H30+J30+L30 -> #REF! | G30: =I30+K30+M30 -> #REF! | H30: =#REF! -> #REF! | I30: =TRUNC(H30*D30,1) -> #REF! | J30: 0 | L30: 0
B31: 안쪽층테이프 | C31: 0.508mm x 100mm x 30m | D31: 0.92 | E31: ㎡ | F31: =H31+J31+L31 -> #REF! | G31: =I31+K31+M31 -> #REF! | H31: =#REF! -> #REF! | I31: =TRUNC(H31*D31,1) -> #REF! | J31: 0 | L31: 0
B32: 바깥층테이프 | C32: 0.381mm x 100mm x 30m | D32: 0.92 | E32: ㎡ | F32: =H32+J32+L32 -> #REF! | G32: =I32+K32+M32 -> #REF! | H32: =#REF! -> #REF! | I32: =TRUNC(H32*D32,1) -> #REF! | J32: 0 | L32: 0
B33: 도 장 공 | D33: 0.21 | E33: 인 | F33: =H33+J33+L33 -> 263017 | G33: =I33+K33+M33 -> 55233.5 | H33: 0 | J33: =노임!$D$9 -> 263017 | K33: =TRUNC(J33*D33,1) -> 55233.5 | L33: 0
B34: 보통인부 | D34: 0.05 | E34: 인 | F34: =H34+J34+L34 -> 172068 | G34: =I34+K34+M34 -> 8603.4 | H34: 0 | J34: =노임!$D$3 -> 172068 | K34: =TRUNC(J34*D34,1) -> 8603.4 | L34: 0
A36: =A28+1 -> 76 | B36: 강관도장(외부) | C36: D400㎜ | D36: 1 | E36: 개소 | G36: =I36+K36+M36 -> #REF! | I36: =TRUNC(I37+I38+I39+I40+I41+I42,0) -> #REF! | K36: =TRUNC(K37+K38+K39+K40+K41+K42,0) -> 70817 | M36: =TRUNC(M37+M38+M39+M40+M41+M42,0) -> 0 | N36: =N28 -> 토목6-3-3
B37: 액상접착재 | C37: 15kg(18ℓ)/can | D37: 0.13 | E37: kg | F37: =H37+J37+L37 -> #REF! | G37: =I37+K37+M37 -> #REF! | H37: =#REF! -> #REF! | I37: =TRUNC(H37*D37,1) -> #REF! | J37: 0 | L37: 0
B38: 매스틱 | C38: 3T x 40 x 6m | D38: 1.4 | E38: m | F38: =H38+J38+L38 -> #REF! | G38: =I38+K38+M38 -> #REF! | H38: =#REF! -> #REF! | I38: =TRUNC(H38*D38,1) -> #REF! | J38: 0 | L38: 0
B39: 안쪽층테이프 | C39: 0.508mm x 100mm x 30m | D39: 1.05 | E39: ㎡ | F39: =H39+J39+L39 -> #REF! | G39: =I39+K39+M39 -> #REF! | H39: =#REF! -> #REF! | I39: =TRUNC(H39*D39,1) -> #REF! | J39: 0 | L39: 0
B40: 바깥층테이프 | C40: 0.381mm x 100mm x 30m | D40: 1.05 | E40: ㎡ | F40: =H40+J40+L40 -> #REF! | G40: =I40+K40+M40 -> #REF! | H40: =#REF! -> #REF! | I40: =TRUNC(H40*D40,1) -> #REF! | J40: 0 | L40: 0
B41: 도 장 공 | D41: 0.23 | E41: 인 | F41: =H41+J41+L41 -> 263017 | G41: =I41+K41+M41 -> 60493.9 | H41: 0 | J41: =노임!$D$9 -> 263017 | K41: =TRUNC(J41*D41,1) -> 60493.9 | L41: 0
B42: 보통인부 | D42: 0.06 | E42: 인 | F42: =H42+J42+L42 -> 172068 | G42: =I42+K42+M42 -> 10324 | H42: 0 | J42: =노임!$D$3 -> 172068 | K42: =TRUNC(J42*D42,1) -> 10324 | L42: 0
A44: =A36+1 -> 77 | B44: 강관도장(외부) | C44: D450㎜ | D44: 1 | E44: 개소 | G44: =I44+K44+M44 -> #REF! | I44: =TRUNC(I45+I46+I47+I48+I49+I50,0) -> #REF! | K44: =TRUNC(K45+K46+K47+K48+K49+K50,0) -> 76078 | M44: =TRUNC(M45+M46+M47+M48+M49+M50,0) -> 0 | N44: =N36 -> 토목6-3-3
B45: 액상접착재 | C45: 15kg(18ℓ)/can | D45: 0.14 | E45: kg | F45: =H45+J45+L45 -> #REF! | G45: =I45+K45+M45 -> #REF! | H45: =#REF! -> #REF! | I45: =TRUNC(H45*D45,1) -> #REF! | J45: 0 | L45: 0
B46: 매스틱 | C46: 3T x 40 x 6m | D46: 1.58 | E46: m | F46: =H46+J46+L46 -> #REF! | G46: =I46+K46+M46 -> #REF! | H46: =#REF! -> #REF! | I46: =TRUNC(H46*D46,1) -> #REF! | J46: 0 | L46: 0
B47: 안쪽층테이프 | C47: 0.508mm x 100mm x 30m | D47: 1.18 | E47: ㎡ | F47: =H47+J47+L47 -> #REF! | G47: =I47+K47+M47 -> #REF! | H47: =#REF! -> #REF! | I47: =TRUNC(H47*D47,1) -> #REF! | J47: 0 | L47: 0
B48: 바깥층테이프 | C48: 0.381mm x 100mm x 30m | D48: 1.18 | E48: ㎡ | F48: =H48+J48+L48 -> #REF! | G48: =I48+K48+M48 -> #REF! | H48: =#REF! -> #REF! | I48: =TRUNC(H48*D48,1) -> #REF! | J48: 0 | L48: 0
B49: 도 장 공 | D49: 0.25 | E49: 인 | F49: =H49+J49+L49 -> 263017 | G49: =I49+K49+M49 -> 65754.2 | H49: 0 | J49: =노임!$D$9 -> 263017 | K49: =TRUNC(J49*D49,1) -> 65754.2 | L49: 0
B50: 보통인부 | D50: 0.06 | E50: 인 | F50: =H50+J50+L50 -> 172068 | G50: =I50+K50+M50 -> 10324 | H50: 0 | J50: =노임!$D$3 -> 172068 | K50: =TRUNC(J50*D50,1) -> 10324 | L50: 0
A52: =A44+1 -> 78 | B52: 강관도장(외부) | C52: D500㎜ | D52: 1 | E52: 개소 | G52: =I52+K52+M52 -> #REF! | I52: =TRUNC(I53+I54+I55+I56+I57+I58,0) -> #REF! | K52: =TRUNC(K53+K54+K55+K56+K57+K58,0) -> 83059 | M52: =TRUNC(M53+M54+M55+M56+M57+M58,0) -> 0 | N52: =N44 -> 토목6-3-3
B53: 액상접착재 | C53: 15kg(18ℓ)/can | D53: 0.16 | E53: kg | F53: =H53+J53+L53 -> #REF! | G53: =I53+K53+M53 -> #REF! | H53: =#REF! -> #REF! | I53: =TRUNC(H53*D53,1) -> #REF! | J53: 0 | L53: 0
B54: 매스틱 | C54: 3T x 40 x 6m | D54: 1.75 | E54: m | F54: =H54+J54+L54 -> #REF! | G54: =I54+K54+M54 -> #REF! | H54: =#REF! -> #REF! | I54: =TRUNC(H54*D54,1) -> #REF! | J54: 0 | L54: 0
B55: 안쪽층테이프 | C55: 0.508mm x 100mm x 30m | D55: 1.32 | E55: ㎡ | F55: =H55+J55+L55 -> #REF! | G55: =I55+K55+M55 -> #REF! | H55: =#REF! -> #REF! | I55: =TRUNC(H55*D55,1) -> #REF! | J55: 0 | L55: 0
B56: 바깥층테이프 | C56: 0.381mm x 100mm x 30m | D56: 1.32 | E56: ㎡ | F56: =H56+J56+L56 -> #REF! | G56: =I56+K56+M56 -> #REF! | H56: =#REF! -> #REF! | I56: =TRUNC(H56*D56,1) -> #REF! | J56: 0 | L56: 0
B57: 도 장 공 | D57: 0.27 | E57: 인 | F57: =H57+J57+L57 -> 263017 | G57: =I57+K57+M57 -> 71014.5 | H57: 0 | J57: =노임!$D$9 -> 263017 | K57: =TRUNC(J57*D57,1) -> 71014.5 | L57: 0
B58: 보통인부 | D58: 0.07 | E58: 인 | F58: =H58+J58+L58 -> 172068 | G58: =I58+K58+M58 -> 12044.7 | H58: 0 | J58: =노임!$D$3 -> 172068 | K58: =TRUNC(J58*D58,1) -> 12044.7 | L58: 0
A60: =A52+1 -> 79 | B60: 강관도장(외부) | C60: D600㎜ | D60: 1 | E60: 개소 | G60: =I60+K60+M60 -> #REF! | I60: =TRUNC(I61+I62+I63+I64+I65+I66,0) -> #REF! | K60: =TRUNC(K61+K62+K63+K64+K65+K66,0) -> 90949 | M60: =TRUNC(M61+M62+M63+M64+M65+M66,0) -> 0 | N60: =N52 -> 토목6-3-3
B61: 액상접착재 | C61: 15kg(18ℓ)/can | D61: 0.19 | E61: kg | F61: =H61+J61+L61 -> #REF! | G61: =I61+K61+M61 -> #REF! | H61: =#REF! -> #REF! | I61: =TRUNC(H61*D61,1) -> #REF! | J61: 0 | L61: 0
B62: 매스틱 | C62: 3T x 40 x 6m | D62: 2.11 | E62: m | F62: =H62+J62+L62 -> #REF! | G62: =I62+K62+M62 -> #REF! | H62: =#REF! -> #REF! | I62: =TRUNC(H62*D62,1) -> #REF! | J62: 0 | L62: 0
B63: 안쪽층테이프 | C63: 0.508mm x 100mm x 30m | D63: 1.58 | E63: ㎡ | F63: =H63+J63+L63 -> #REF! | G63: =I63+K63+M63 -> #REF! | H63: =#REF! -> #REF! | I63: =TRUNC(H63*D63,1) -> #REF! | J63: 0 | L63: 0
B64: 바깥층테이프 | C64: 0.381mm x 100mm x 30m | D64: 1.58 | E64: ㎡ | F64: =H64+J64+L64 -> #REF! | G64: =I64+K64+M64 -> #REF! | H64: =#REF! -> #REF! | I64: =TRUNC(H64*D64,1) -> #REF! | J64: 0 | L64: 0
B65: 도 장 공 | D65: 0.3 | E65: 인 | F65: =H65+J65+L65 -> 263017 | G65: =I65+K65+M65 -> 78905.1 | H65: 0 | J65: =노임!$D$9 -> 263017 | K65: =TRUNC(J65*D65,1) -> 78905.1 | L65: 0
B66: 보통인부 | D66: 0.07 | E66: 인 | F66: =H66+J66+L66 -> 172068 | G66: =I66+K66+M66 -> 12044.7 | H66: 0 | J66: =노임!$D$3 -> 172068 | K66: =TRUNC(J66*D66,1) -> 12044.7 | L66: 0
A68: =A60+1 -> 80 | B68: 강관도장(외부) | C68: D700㎜ | D68: 1 | E68: 개소 | G68: =I68+K68+M68 -> #REF! | I68: =TRUNC(I69+I70+I71+I72+I73+I74+I75+I76+I77+I78+I79,0) -> #REF! | K68: =TRUNC(K69+K70+K71+K72+K73+K74+K75+K76+K77+K78+K79,0) -> 97930 | M68: =TRUNC(M69+M70+M71+M72+M73+M74+M75+M76+M77+M78+M79,0) -> 0 | N68: =N60 -> 토목6-3-3
B69: 프라이머 | E69: kg | F69: =H69+J69+L69 -> #REF! | G69: =I69+K69+M69 -> #REF! | H69: =#REF! -> #REF! | I69: =TRUNC(H69*D69,1) -> #REF! | J69: 0 | L69: 0
B70: 에폭시 | E70: kg | F70: =H70+J70+L70 -> #REF! | G70: =I70+K70+M70 -> #REF! | H70: =#REF! -> #REF! | I70: =TRUNC(H70*D70,1) -> #REF! | J70: 0 | L70: 0
B71: 신너 | C71: 조합페인트용 | E71: ℓ | F71: =H71+J71+L71 -> #REF! | G71: =I71+K71+M71 -> #REF! | H71: =#REF! -> #REF! | I71: =TRUNC(H71*D71,1) -> #REF! | J71: 0 | L71: 0
B72: 도 장 공 | E72: 인 | F72: =H72+J72+L72 -> 263017 | G72: =I72+K72+M72 -> 0 | H72: 0 | J72: =노임!$D$9 -> 263017 | K72: =TRUNC(J72*D72,1) -> 0 | L72: 0
B73: 보통인부 | E73: 인 | F73: =H73+J73+L73 -> 172068 | G73: =I73+K73+M73 -> 0 | H73: 0 | J73: =노임!$D$3 -> 172068 | K73: =TRUNC(J73*D73,1) -> 0 | L73: 0
B74: 액상접착재 | C74: 15kg(18ℓ)/can | D74: 0.22 | E74: kg | F74: =H74+J74+L74 -> #REF! | G74: =I74+K74+M74 -> #REF! | H74: =#REF! -> #REF! | I74: =TRUNC(H74*D74,1) -> #REF! | J74: 0 | L74: 0
B75: 매스틱 | C75: 3T x 40 x 6m | D75: 2.46 | E75: m | F75: =H75+J75+L75 -> #REF! | G75: =I75+K75+M75 -> #REF! | H75: =#REF! -> #REF! | I75: =TRUNC(H75*D75,1) -> #REF! | J75: 0 | L75: 0
B76: 안쪽층테이프 | C76: 0.508mm x 100mm x 30m | D76: 1.84 | E76: ㎡ | F76: =H76+J76+L76 -> #REF! | G76: =I76+K76+M76 -> #REF! | H76: =#REF! -> #REF! | I76: =TRUNC(H76*D76,1) -> #REF! | J76: 0 | L76: 0
B77: 바깥층테이프 | C77: 0.381mm x 100mm x 30m | D77: 1.84 | E77: ㎡ | F77: =H77+J77+L77 -> #REF! | G77: =I77+K77+M77 -> #REF! | H77: =#REF! -> #REF! | I77: =TRUNC(H77*D77,1) -> #REF! | J77: 0 | L77: 0
B78: 도 장 공 | D78: 0.32 | E78: 인 | F78: =H78+J78+L78 -> 263017 | G78: =I78+K78+M78 -> 84165.4 | H78: 0 | J78: =노임!$D$9 -> 263017 | K78: =TRUNC(J78*D78,1) -> 84165.4 | L78: 0
B79: 보통인부 | D79: 0.08 | E79: 인 | F79: =H79+J79+L79 -> 172068 | G79: =I79+K79+M79 -> 13765.4 | H79: 0 | J79: =노임!$D$3 -> 172068 | K79: =TRUNC(J79*D79,1) -> 13765.4 | L79: 0
A81: =A68+1 -> 81 | B81: 강관도장(내,외부) | C81: D800㎜ | D81: 1 | E81: 개소 | G81: =I81+K81+M81 -> #REF! | I81: =TRUNC(I82+I83+I84+I85+I86+I87+I88+I89+I90+I91+I92,0) -> #REF! | K81: =TRUNC(K82+K83+K84+K85+K86+K87+K88+K89+K90+K91+K92,0) -> 186250 | M81: =TRUNC(M82+M83+M84+M85+M86+M87+M88+M89+M90+M91+M92,0) -> 0 | N81: =N68 -> 토목6-3-3
B82: 프라이머 | D82: 0.25 | E82: kg | F82: =H82+J82+L82 -> #REF! | G82: =I82+K82+M82 -> #REF! | H82: =#REF! -> #REF! | I82: =TRUNC(H82*D82,1) -> #REF! | J82: 0 | L82: 0
B83: 에폭시 | D83: 1.27 | E83: kg | F83: =H83+J83+L83 -> #REF! | G83: =I83+K83+M83 -> #REF! | H83: =#REF! -> #REF! | I83: =TRUNC(H83*D83,1) -> #REF! | J83: 0 | L83: 0
B84: 신너 | C84: 조합페인트용 | D84: 0.11 | E84: ℓ | F84: =H84+J84+L84 -> #REF! | G84: =I84+K84+M84 -> #REF! | H84: =#REF! -> #REF! | I84: =TRUNC(H84*D84,1) -> #REF! | J84: 0 | L84: 0
B85: 도 장 공 | D85: 0.27 | E85: 인 | F85: =H85+J85+L85 -> 263017 | G85: =I85+K85+M85 -> 71014.5 | H85: 0 | J85: =노임!$D$9 -> 263017 | K85: =TRUNC(J85*D85,1) -> 71014.5 | L85: 0
B86: 보통인부 | D86: 0.07 | E86: 인 | F86: =H86+J86+L86 -> 172068 | G86: =I86+K86+M86 -> 12044.7 | H86: 0 | J86: =노임!$D$3 -> 172068 | K86: =TRUNC(J86*D86,1) -> 12044.7 | L86: 0
B87: 액상접착재 | C87: 15kg(18ℓ)/can | D87: 0.26 | E87: kg | F87: =H87+J87+L87 -> #REF! | G87: =I87+K87+M87 -> #REF! | H87: =#REF! -> #REF! | I87: =TRUNC(H87*D87,1) -> #REF! | J87: 0 | L87: 0
B88: 매스틱 | C88: 3T x 40 x 6m | D88: 2.81 | E88: m | F88: =H88+J88+L88 -> #REF! | G88: =I88+K88+M88 -> #REF! | H88: =#REF! -> #REF! | I88: =TRUNC(H88*D88,1) -> #REF! | J88: 0 | L88: 0
B89: 안쪽층테이프 | C89: 0.508mm x 100mm x 30m | D89: 2.37 | E89: ㎡ | F89: =H89+J89+L89 -> #REF! | G89: =I89+K89+M89 -> #REF! | H89: =#REF! -> #REF! | I89: =TRUNC(H89*D89,1) -> #REF! | J89: 0 | L89: 0
B90: 바깥층테이프 | C90: 0.381mm x 100mm x 30m | D90: 2.37 | E90: ㎡ | F90: =H90+J90+L90 -> #REF! | G90: =I90+K90+M90 -> #REF! | H90: =#REF! -> #REF! | I90: =TRUNC(H90*D90,1) -> #REF! | J90: 0 | L90: 0
B91: 도 장 공 | D91: 0.34 | E91: 인 | F91: =H91+J91+L91 -> 263017 | G91: =I91+K91+M91 -> 89425.7 | H91: 0 | J91: =노임!$D$9 -> 263017 | K91: =TRUNC(J91*D91,1) -> 89425.7 | L91: 0
B92: 보통인부 | D92: 0.08 | E92: 인 | F92: =H92+J92+L92 -> 172068 | G92: =I92+K92+M92 -> 13765.4 | H92: 0 | J92: =노임!$D$3 -> 172068 | K92: =TRUNC(J92*D92,1) -> 13765.4 | L92: 0
A94: =A81+1 -> 82 | B94: 강관도장(내,외부) | C94: D900㎜ | D94: 1 | E94: 개소 | G94: =I94+K94+M94 -> #REF! | I94: =TRUNC(I95+I96+I97+I98+I99+I100+I101+I102+I103+I104+I105,0) -> #REF! | K94: =TRUNC(K95+K96+K97+K98+K99+K100+K101+K102+K103+K104+K105,0) -> 195861 | M94: =TRUNC(M95+M96+M97+M98+M99+M100+M101+M102+M103+M104+M105,0) -> 0 | N94: =N81 -> 토목6-3-3
B95: 프라이머 | D95: 0.28 | E95: kg | F95: =H95+J95+L95 -> #REF! | G95: =I95+K95+M95 -> #REF! | H95: =#REF! -> #REF! | I95: =TRUNC(H95*D95,1) -> #REF! | J95: 0 | L95: 0
B96: 에폭시 | D96: 1.43 | E96: kg | F96: =H96+J96+L96 -> #REF! | G96: =I96+K96+M96 -> #REF! | H96: =#REF! -> #REF! | I96: =TRUNC(H96*D96,1) -> #REF! | J96: 0 | L96: 0
B97: 신너 | C97: 조합페인트용 | D97: 0.12 | E97: ℓ | F97: =H97+J97+L97 -> #REF! | G97: =I97+K97+M97 -> #REF! | H97: =#REF! -> #REF! | I97: =TRUNC(H97*D97,1) -> #REF! | J97: 0 | L97: 0
B98: 도 장 공 | D98: 0.28 | E98: 인 | F98: =H98+J98+L98 -> 263017 | G98: =I98+K98+M98 -> 73644.7 | H98: 0 | J98: =노임!$D$9 -> 263017 | K98: =TRUNC(J98*D98,1) -> 73644.7 | L98: 0
B99: 보통인부 | D99: 0.07 | E99: 인 | F99: =H99+J99+L99 -> 172068 | G99: =I99+K99+M99 -> 12044.7 | H99: 0 | J99: =노임!$D$3 -> 172068 | K99: =TRUNC(J99*D99,1) -> 12044.7 | L99: 0
B100: 액상접착재 | C100: 15kg(18ℓ)/can | D100: 0.29 | E100: kg | F100: =H100+J100+L100 -> #REF! | G100: =I100+K100+M100 -> #REF! | H100: =#REF! -> #REF! | I100: =TRUNC(H100*D100,1) -> #REF! | J100: 0 | L100: 0
B101: 매스틱 | C101: 3T x 40 x 6m | D101: 3.16 | E101: m | F101: =H101+J101+L101 -> #REF! | G101: =I101+K101+M101 -> #REF! | H101: =#REF! -> #REF! | I101: =TRUNC(H101*D101,1) -> #REF! | J101: 0 | L101: 0
B102: 안쪽층테이프 | C102: 0.508mm x 100mm x 30m | D102: 2.66 | E102: ㎡ | F102: =H102+J102+L102 -> #REF! | G102: =I102+K102+M102 -> #REF! | H102: =#REF! -> #REF! | I102: =TRUNC(H102*D102,1) -> #REF! | J102: 0 | L102: 0
B103: 바깥층테이프 | C103: 0.381mm x 100mm x 30m | D103: 2.66 | E103: ㎡ | F103: =H103+J103+L103 -> #REF! | G103: =I103+K103+M103 -> #REF! | H103: =#REF! -> #REF! | I103: =TRUNC(H103*D103,1) -> #REF! | J103: 0 | L103: 0
B104: 도 장 공 | D104: 0.36 | E104: 인 | F104: =H104+J104+L104 -> 263017 | G104: =I104+K104+M104 -> 94686.1 | H104: 0 | J104: =노임!$D$9 -> 263017 | K104: =TRUNC(J104*D104,1) -> 94686.1 | L104: 0
B105: 보통인부 | D105: 0.09 | E105: 인 | F105: =H105+J105+L105 -> 172068 | G105: =I105+K105+M105 -> 15486.1 | H105: 0 | J105: =노임!$D$3 -> 172068 | K105: =TRUNC(J105*D105,1) -> 15486.1 | L105: 0
A107: =A94+1 -> 83 | B107: 강관도장(내,외부) | C107: D1000㎜ | D107: 1 | E107: 개소 | G107: =I107+K107+M107 -> #REF! | I107: =TRUNC(I108+I109+I110+I111+I112+I113+I114+I115+I116+I117+I118,0) -> #REF! | K107: =TRUNC(K108+K109+K110+K111+K112+K113+K114+K115+K116+K117+K118,0) -> 206382 | M107: =TRUNC(M108+M109+M110+M111+M112+M113+M114+M115+M116+M117+M118,0) -> 0 | N107: =N94 -> 토목6-3-3
B108: 프라이머 | D108: 0.32 | E108: kg | F108: =H108+J108+L108 -> #REF! | G108: =I108+K108+M108 -> #REF! | H108: =#REF! -> #REF! | I108: =TRUNC(H108*D108,1) -> #REF! | J108: 0 | L108: 0
B109: 에폭시 | D109: 1.59 | E109: kg | F109: =H109+J109+L109 -> #REF! | G109: =I109+K109+M109 -> #REF! | H109: =#REF! -> #REF! | I109: =TRUNC(H109*D109,1) -> #REF! | J109: 0 | L109: 0
B110: 신너 | C110: 조합페인트용 | D110: 0.14 | E110: ℓ | F110: =H110+J110+L110 -> #REF! | G110: =I110+K110+M110 -> #REF! | H110: =#REF! -> #REF! | I110: =TRUNC(H110*D110,1) -> #REF! | J110: 0 | L110: 0
B111: 도 장 공 | D111: 0.3 | E111: 인 | F111: =H111+J111+L111 -> 263017 | G111: =I111+K111+M111 -> 78905.1 | H111: 0 | J111: =노임!$D$9 -> 263017 | K111: =TRUNC(J111*D111,1) -> 78905.1 | L111: 0
B112: 보통인부 | D112: 0.07 | E112: 인 | F112: =H112+J112+L112 -> 172068 | G112: =I112+K112+M112 -> 12044.7 | H112: 0 | J112: =노임!$D$3 -> 172068 | K112: =TRUNC(J112*D112,1) -> 12044.7 | L112: 0
B113: 액상접착재 | C113: 15kg(18ℓ)/can | D113: 0.32 | E113: kg | F113: =H113+J113+L113 -> #REF! | G113: =I113+K113+M113 -> #REF! | H113: =#REF! -> #REF! | I113: =TRUNC(H113*D113,1) -> #REF! | J113: 0 | L113: 0
B114: 매스틱 | C114: 3T x 40 x 6m | D114: 3.51 | E114: m | F114: =H114+J114+L114 -> #REF! | G114: =I114+K114+M114 -> #REF! | H114: =#REF! -> #REF! | I114: =TRUNC(H114*D114,1) -> #REF! | J114: 0 | L114: 0
B115: 안쪽층테이프 | C115: 0.508mm x 100mm x 30m | D115: 2.97 | E115: ㎡ | F115: =H115+J115+L115 -> #REF! | G115: =I115+K115+M115 -> #REF! | H115: =#REF! -> #REF! | I115: =TRUNC(H115*D115,1) -> #REF! | J115: 0 | L115: 0
...

Sheet 강관절단 및 절단(철거)
A1: 일위대가_호표_강관절단(재료비-2010년 표준품셈 기준)
A2: 공 종 명 | C2: 규 격 | D2: 수량 | E2: 단위 | F2: 합 계 | H2: 재 료 비 | J2: 노 무 비 | L2: 경 비 | N2: 비 고
F3: 단 가 | G3: 금 액 | H3: 단 가 | I3: 금 액 | J3: 단 가 | K3: 금 액 | L3: 단 가 | M3: 금 액
A5: =강관도장!A224+1 -> 93 | B5: 강관절단(A종) | C5: D80㎜ | D5: 1 | E5: 개소 | G5: =I5+K5+M5 -> #REF! | I5: =TRUNC(I6+I7+I8+I9+I10,0) -> #REF! | K5: =TRUNC(K6+K7+K8+K9+K10,0) -> 22602 | M5: =TRUNC(M6+M7+M8+M9+M10,0) -> 0 | N5: 토목6-3-4
B6: 용 접 공(일 반) | D6: 0.08 | E6: 인 | F6: =H6+J6+L6 -> 282536 | G6: =I6+K6+M6 -> 22602.8 | H6: 0 | J6: =노임!$D$7 -> 282536 | K6: =TRUNC(J6*D6,1) -> 22602.8 | L6: 0
B7: 산소 | C7: 99% 6000ℓ(기체) 40ℓ | D7: 160 | E7: L | F7: =H7+J7+L7 -> #REF! | G7: =I7+K7+M7 -> #REF! | H7: =#REF! -> #REF! | I7: =TRUNC(H7*D7,1) -> #REF! | J7: 0 | L7: 0
B8: 아세칠렌 | C8: 98% (용접용) 1kg=853ℓ | D8: 0.08 | E8: KG | F8: =H8+J8+L8 -> #REF! | G8: =I8+K8+M8 -> #REF! | H8: =#REF! -> #REF! | I8: =TRUNC(H8*D8,1) -> #REF! | J8: 0 | L8: 0
B9: 연마숫돌 | C9: 355x3.5mm | D9: 0.11 | E9: 개 | F9: =H9+J9+L9 -> #REF! | G9: =I9+K9+M9 -> #REF! | H9: =#REF! -> #REF! | I9: =TRUNC(H9*D9,1) -> #REF! | J9: 0 | L9: 0
B10: 공구손료 및 경장비 | C10: 인력품의 | D10: 2 | E10: % | F10: =H10+J10+L10 -> 0 | G10: =I10+K10+M10 -> 452 | I10: =TRUNC((K6*0.02),1) -> 452 | K10: 0 | M10: 0
A12: =A5+1 -> 94 | B12: 강관절단(A종) | C12: D100㎜ | D12: 1 | E12: 개소 | G12: =I12+K12+M12 -> #REF! | I12: =TRUNC(I13+I14+I15+I16+I17,0) -> #REF! | K12: =TRUNC(K13+K14+K15+K16+K17,0) -> 22602 | M12: =TRUNC(M13+M14+M15+M16+M17,0) -> 0 | N12: =N5 -> 토목6-3-4
B13: 용 접 공(일 반) | D13: 0.08 | E13: 인 | F13: =H13+J13+L13 -> 282536 | G13: =I13+K13+M13 -> 22602.8 | J13: =노임!$D$7 -> 282536 | K13: =TRUNC(J13*D13,1) -> 22602.8 | L13: 0
B14: 산소 | C14: 99% 6000ℓ(기체) 40ℓ | D14: 180 | E14: L | F14: =H14+J14+L14 -> #REF! | G14: =I14+K14+M14 -> #REF! | H14: =#REF! -> #REF! | I14: =TRUNC(H14*D14,1) -> #REF! | J14: 0 | L14: 0
B15: 아세칠렌 | C15: 98% (용접용) 1kg=853ℓ | D15: 0.09 | E15: KG | F15: =H15+J15+L15 -> #REF! | G15: =I15+K15+M15 -> #REF! | H15: =#REF! -> #REF! | I15: =TRUNC(H15*D15,1) -> #REF! | J15: 0 | L15: 0
B16: 연마숫돌 | C16: 355x3.5mm | D16: 0.16 | E16: 개 | F16: =H16+J16+L16 -> #REF! | G16: =I16+K16+M16 -> #REF! | H16: =#REF! -> #REF! | I16: =TRUNC(H16*D16,1) -> #REF! | J16: 0 | L16: 0
B17: 공구손료 및 경장비 | C17: 인력품의 | D17: 2 | E17: % | F17: =H17+J17+L17 -> 0 | G17: =I17+K17+M17 -> 452 | I17: =TRUNC((K13*0.02),1) -> 452 | K17: 0 | M17: 0
A19: =A12+1 -> 95 | B19: 강관절단(A종) | C19: D125㎜ | D19: 1 | E19: 개소 | G19: =I19+K19+M19 -> #REF! | I19: =TRUNC(I20+I21+I22+I23+I24,0) -> #REF! | K19: =TRUNC(K20+K21+K22+K23+K24,0) -> 25428 | M19: =TRUNC(M20+M21+M22+M23+M24,0) -> 0 | N19: =N12 -> 토목6-3-4
B20: 용 접 공(일 반) | D20: 0.09 | E20: 인 | F20: =H20+J20+L20 -> 282536 | G20: =I20+K20+M20 -> 25428.2 | J20: =노임!$D$7 -> 282536 | K20: =TRUNC(J20*D20,1) -> 25428.2 | L20: 0
B21: 산소 | C21: 99% 6000ℓ(기체) 40ℓ | D21: 200 | E21: L | F21: =H21+J21+L21 -> #REF! | G21: =I21+K21+M21 -> #REF! | H21: =#REF! -> #REF! | I21: =TRUNC(H21*D21,1) -> #REF! | J21: 0 | L21: 0
B22: 아세칠렌 | C22: 98% (용접용) 1kg=853ℓ | D22: 0.1 | E22: KG | F22: =H22+J22+L22 -> #REF! | G22: =I22+K22+M22 -> #REF! | H22: =#REF! -> #REF! | I22: =TRUNC(H22*D22,1) -> #REF! | J22: 0 | L22: 0
B23: 연마숫돌 | C23: 355x3.5mm | D23: 0.21 | E23: 개 | F23: =H23+J23+L23 -> #REF! | G23: =I23+K23+M23 -> #REF! | H23: =#REF! -> #REF! | I23: =TRUNC(H23*D23,1) -> #REF! | J23: 0 | L23: 0
B24: 공구손료 및 경장비 | C24: 인력품의 | D24: 2 | E24: % | F24: =H24+J24+L24 -> 0 | G24: =I24+K24+M24 -> 508.5 | I24: =TRUNC((K20*0.02),1) -> 508.5 | K24: 0 | M24: 0
A26: =A19+1 -> 96 | B26: 강관절단(A종) | C26: D150㎜ | D26: 1 | E26: 개소 | G26: =I26+K26+M26 -> #REF! | I26: =TRUNC(I27+I28+I29+I30+I31,0) -> #REF! | K26: =TRUNC(K27+K28+K29+K30+K31,0) -> 28253 | M26: =TRUNC(M27+M28+M29+M30+M31,0) -> 0 | N26: =N19 -> 토목6-3-4
B27: 용 접 공(일 반) | D27: 0.1 | E27: 인 | F27: =H27+J27+L27 -> 282536 | G27: =I27+K27+M27 -> 28253.6 | J27: =노임!$D$7 -> 282536 | K27: =TRUNC(J27*D27,1) -> 28253.6 | L27: 0
B28: 산소 | C28: 99% 6000ℓ(기체) 40ℓ | D28: 230 | E28: L | F28: =H28+J28+L28 -> #REF! | G28: =I28+K28+M28 -> #REF! | H28: =#REF! -> #REF! | I28: =TRUNC(H28*D28,1) -> #REF! | J28: 0 | L28: 0
B29: 아세칠렌 | C29: 98% (용접용) 1kg=853ℓ | D29: 0.12 | E29: KG | F29: =H29+J29+L29 -> #REF! | G29: =I29+K29+M29 -> #REF! | H29: =#REF! -> #REF! | I29: =TRUNC(H29*D29,1) -> #REF! | J29: 0 | L29: 0
B30: 연마숫돌 | C30: 355x3.5mm | D30: 0.27 | E30: 개 | F30: =H30+J30+L30 -> #REF! | G30: =I30+K30+M30 -> #REF! | H30: =#REF! -> #REF! | I30: =TRUNC(H30*D30,1) -> #REF! | J30: 0 | L30: 0
B31: 공구손료 및 경장비 | C31: 인력품의 | D31: 2 | E31: % | F31: =H31+J31+L31 -> 0 | G31: =I31+K31+M31 -> 565 | I31: =TRUNC((K27*0.02),1) -> 565 | K31: 0 | M31: 0
A33: =A26+1 -> 97 | B33: 강관절단(A종) | C33: D200㎜ | D33: 1 | E33: 개소 | G33: =I33+K33+M33 -> #REF! | I33: =TRUNC(I34+I35+I36+I37+I38,0) -> #REF! | K33: =TRUNC(K34+K35+K36+K37+K38,0) -> 36729 | M33: =TRUNC(M34+M35+M36+M37+M38,0) -> 0 | N33: =N26 -> 토목6-3-4
B34: 용 접 공(일 반) | D34: 0.13 | E34: 인 | F34: =H34+J34+L34 -> 282536 | G34: =I34+K34+M34 -> 36729.6 | J34: =노임!$D$7 -> 282536 | K34: =TRUNC(J34*D34,1) -> 36729.6 | L34: 0
B35: 산소 | C35: 99% 6000ℓ(기체) 40ℓ | D35: 270 | E35: L | F35: =H35+J35+L35 -> #REF! | G35: =I35+K35+M35 -> #REF! | H35: =#REF! -> #REF! | I35: =TRUNC(H35*D35,1) -> #REF! | J35: 0 | L35: 0
B36: 아세칠렌 | C36: 98% (용접용) 1kg=853ℓ | D36: 0.14 | E36: KG | F36: =H36+J36+L36 -> #REF! | G36: =I36+K36+M36 -> #REF! | H36: =#REF! -> #REF! | I36: =TRUNC(H36*D36,1) -> #REF! | J36: 0 | L36: 0
B37: 연마숫돌 | C37: 355x3.5mm | D37: 0.4 | E37: 개 | F37: =H37+J37+L37 -> #REF! | G37: =I37+K37+M37 -> #REF! | H37: =#REF! -> #REF! | I37: =TRUNC(H37*D37,1) -> #REF! | J37: 0 | L37: 0
B38: 공구손료 및 경장비 | C38: 인력품의 | D38: 2 | E38: % | F38: =H38+J38+L38 -> 0 | G38: =I38+K38+M38 -> 734.5 | I38: =TRUNC((K34*0.02),1) -> 734.5 | K38: 0 | M38: 0
A40: =A33+1 -> 98 | B40: 강관절단(A종) | C40: D250㎜ | D40: 1 | E40: 개소 | G40: =I40+K40+M40 -> #REF! | I40: =TRUNC(I41+I42+I43+I44+I45,0) -> #REF! | K40: =TRUNC(K41+K42+K43+K44+K45,0) -> 45205 | M40: =TRUNC(M41+M42+M43+M44+M45,0) -> 0 | N40: =N33 -> 토목6-3-4
B41: 용 접 공(일 반) | D41: 0.16 | E41: 인 | F41: =H41+J41+L41 -> 282536 | G41: =I41+K41+M41 -> 45205.7 | J41: =노임!$D$7 -> 282536 | K41: =TRUNC(J41*D41,1) -> 45205.7 | L41: 0
B42: 산소 | C42: 99% 6000ℓ(기체) 40ℓ | D42: 360 | E42: L | F42: =H42+J42+L42 -> #REF! | G42: =I42+K42+M42 -> #REF! | H42: =#REF! -> #REF! | I42: =TRUNC(H42*D42,1) -> #REF! | J42: 0 | L42: 0
B43: 아세칠렌 | C43: 98% (용접용) 1kg=853ℓ | D43: 0.18 | E43: KG | F43: =H43+J43+L43 -> #REF! | G43: =I43+K43+M43 -> #REF! | H43: =#REF! -> #REF! | I43: =TRUNC(H43*D43,1) -> #REF! | J43: 0 | L43: 0
B44: 연마숫돌 | C44: 355x3.5mm | D44: 0.58 | E44: 개 | F44: =H44+J44+L44 -> #REF! | G44: =I44+K44+M44 -> #REF! | H44: =#REF! -> #REF! | I44: =TRUNC(H44*D44,1) -> #REF! | J44: 0 | L44: 0
B45: 공구손료 및 경장비 | C45: 인력품의 | D45: 2 | E45: % | F45: =H45+J45+L45 -> 0 | G45: =I45+K45+M45 -> 904.1 | I45: =TRUNC((K41*0.02),1) -> 904.1 | K45: 0 | M45: 0
A47: =A40+1 -> 99 | B47: 강관절단(A종) | C47: D300㎜ | D47: 1 | E47: 개소 | G47: =I47+K47+M47 -> #REF! | I47: =TRUNC(I48+I49+I50+I51+I52,0) -> #REF! | K47: =TRUNC(K48+K49+K50+K51+K52,0) -> 56507 | M47: =TRUNC(M48+M49+M50+M51+M52,0) -> 0 | N47: =N40 -> 토목6-3-4
B48: 용 접 공(일 반) | D48: 0.2 | E48: 인 | F48: =H48+J48+L48 -> 282536 | G48: =I48+K48+M48 -> 56507.2 | J48: =노임!$D$7 -> 282536 | K48: =TRUNC(J48*D48,1) -> 56507.2 | L48: 0
B49: 산소 | C49: 99% 6000ℓ(기체) 40ℓ | D49: 450 | E49: L | F49: =H49+J49+L49 -> #REF! | G49: =I49+K49+M49 -> #REF! | H49: =#REF! -> #REF! | I49: =TRUNC(H49*D49,1) -> #REF! | J49: 0 | L49: 0
B50: 아세칠렌 | C50: 98% (용접용) 1kg=853ℓ | D50: 0.23 | E50: KG | F50: =H50+J50+L50 -> #REF! | G50: =I50+K50+M50 -> #REF! | H50: =#REF! -> #REF! | I50: =TRUNC(H50*D50,1) -> #REF! | J50: 0 | L50: 0
B51: 연마숫돌 | C51: 355x3.5mm | D51: 0.73 | E51: 개 | F51: =H51+J51+L51 -> #REF! | G51: =I51+K51+M51 -> #REF! | H51: =#REF! -> #REF! | I51: =TRUNC(H51*D51,1) -> #REF! | J51: 0 | L51: 0
B52: 공구손료 및 경장비 | C52: 인력품의 | D52: 2 | E52: % | F52: =H52+J52+L52 -> 0 | G52: =I52+K52+M52 -> 1130.1 | I52: =TRUNC((K48*0.02),1) -> 1130.1 | K52: 0 | M52: 0
A54: =A47+1 -> 100 | B54: 강관절단(A종) | C54: D350㎜ | D54: 1 | E54: 개소 | G54: =I54+K54+M54 -> #REF! | I54: =TRUNC(I55+I56+I57+I58+I59,0) -> #REF! | K54: =TRUNC(K55+K56+K57+K58+K59,0) -> 73459 | M54: =TRUNC(M55+M56+M57+M58+M59,0) -> 0 | N54: =N47 -> 토목6-3-4
B55: 용 접 공(일 반) | D55: 0.26 | E55: 인 | F55: =H55+J55+L55 -> 282536 | G55: =I55+K55+M55 -> 73459.3 | J55: =노임!$D$7 -> 282536 | K55: =TRUNC(J55*D55,1) -> 73459.3 | L55: 0
B56: 산소 | C56: 99% 6000ℓ(기체) 40ℓ | D56: 500 | E56: L | F56: =H56+J56+L56 -> #REF! | G56: =I56+K56+M56 -> #REF! | H56: =#REF! -> #REF! | I56: =TRUNC(H56*D56,1) -> #REF! | J56: 0 | L56: 0
B57: 아세칠렌 | C57: 98% (용접용) 1kg=853ℓ | D57: 0.25 | E57: KG | F57: =H57+J57+L57 -> #REF! | G57: =I57+K57+M57 -> #REF! | H57: =#REF! -> #REF! | I57: =TRUNC(H57*D57,1) -> #REF! | J57: 0 | L57: 0
B58: 연마숫돌 | C58: 355x3.5mm | D58: 0.74 | E58: 개 | F58: =H58+J58+L58 -> #REF! | G58: =I58+K58+M58 -> #REF! | H58: =#REF! -> #REF! | I58: =TRUNC(H58*D58,1) -> #REF! | J58: 0 | L58: 0
B59: 공구손료 및 경장비 | C59: 인력품의 | D59: 2 | E59: % | F59: =H59+J59+L59 -> 0 | G59: =I59+K59+M59 -> 1469.1 | I59: =TRUNC((K55*0.02),1) -> 1469.1 | K59: 0 | M59: 0
A61: =A54+1 -> 101 | B61: 강관절단(A종) | C61: D400㎜ | D61: 1 | E61: 개소 | G61: =I61+K61+M61 -> #REF! | I61: =TRUNC(I62+I63+I64+I65+I66,0) -> #REF! | K61: =TRUNC(K62+K63+K64+K65+K66,0) -> 87586 | M61: =TRUNC(M62+M63+M64+M65+M66,0) -> 0 | N61: =N54 -> 토목6-3-4
B62: 용 접 공(일 반) | D62: 0.31 | E62: 인 | F62: =H62+J62+L62 -> 282536 | G62: =I62+K62+M62 -> 87586.1 | J62: =노임!$D$7 -> 282536 | K62: =TRUNC(J62*D62,1) -> 87586.1 | L62: 0
B63: 산소 | C63: 99% 6000ℓ(기체) 40ℓ | D63: 590 | E63: L | F63: =H63+J63+L63 -> #REF! | G63: =I63+K63+M63 -> #REF! | H63: =#REF! -> #REF! | I63: =TRUNC(H63*D63,1) -> #REF! | J63: 0 | L63: 0
B64: 아세칠렌 | C64: 98% (용접용) 1kg=853ℓ | D64: 0.3 | E64: KG | F64: =H64+J64+L64 -> #REF! | G64: =I64+K64+M64 -> #REF! | H64: =#REF! -> #REF! | I64: =TRUNC(H64*D64,1) -> #REF! | J64: 0 | L64: 0
B65: 연마숫돌 | C65: 355x3.5mm | D65: 0.84 | E65: 개 | F65: =H65+J65+L65 -> #REF! | G65: =I65+K65+M65 -> #REF! | H65: =#REF! -> #REF! | I65: =TRUNC(H65*D65,1) -> #REF! | J65: 0 | L65: 0
B66: 공구손료 및 경장비 | C66: 인력품의 | D66: 2 | E66: % | F66: =H66+J66+L66 -> 0 | G66: =I66+K66+M66 -> 1751.7 | I66: =TRUNC((K62*0.02),1) -> 1751.7 | K66: 0 | M66: 0
A68: =A61+1 -> 102 | B68: 강관절단(A종) | C68: D450㎜ | D68: 1 | E68: 개소 | G68: =I68+K68+M68 -> #REF! | I68: =TRUNC(I69+I70+I71+I72+I73,0) -> #REF! | K68: =TRUNC(K69+K70+K71+K72+K73,0) -> 101712 | M68: =TRUNC(M69+M70+M71+M72+M73,0) -> 0 | N68: =N61 -> 토목6-3-4
B69: 용 접 공(일 반) | D69: 0.36 | E69: 인 | F69: =H69+J69+L69 -> 282536 | G69: =I69+K69+M69 -> 101712.9 | J69: =노임!$D$7 -> 282536 | K69: =TRUNC(J69*D69,1) -> 101712.9 | L69: 0
B70: 산소 | C70: 99% 6000ℓ(기체) 40ℓ | D70: 630 | E70: L | F70: =H70+J70+L70 -> #REF! | G70: =I70+K70+M70 -> #REF! | H70: =#REF! -> #REF! | I70: =TRUNC(H70*D70,1) -> #REF! | J70: 0 | L70: 0
B71: 아세칠렌 | C71: 98% (용접용) 1kg=853ℓ | D71: 0.32 | E71: KG | F71: =H71+J71+L71 -> #REF! | G71: =I71+K71+M71 -> #REF! | H71: =#REF! -> #REF! | I71: =TRUNC(H71*D71,1) -> #REF! | J71: 0 | L71: 0
B72: 연마숫돌 | C72: 355x3.5mm | D72: 0.96 | E72: 개 | F72: =H72+J72+L72 -> #REF! | G72: =I72+K72+M72 -> #REF! | H72: =#REF! -> #REF! | I72: =TRUNC(H72*D72,1) -> #REF! | J72: 0 | L72: 0
B73: 공구손료 및 경장비 | C73: 인력품의 | D73: 2 | E73: % | F73: =H73+J73+L73 -> 0 | G73: =I73+K73+M73 -> 2034.2 | I73: =TRUNC((K69*0.02),1) -> 2034.2 | K73: 0 | M73: 0
A75: =A68+1 -> 103 | B75: 강관절단(A종) | C75: D500㎜ | D75: 1 | E75: 개소 | G75: =I75+K75+M75 -> #REF! | I75: =TRUNC(I76+I77+I78+I79+I80,0) -> #REF! | K75: =TRUNC(K76+K77+K78+K79+K80,0) -> 115839 | M75: =TRUNC(M76+M77+M78+M79+M80,0) -> 0 | N75: =N68 -> 토목6-3-4
B76: 용 접 공(일 반) | D76: 0.41 | E76: 인 | F76: =H76+J76+L76 -> 282536 | G76: =I76+K76+M76 -> 115839.7 | J76: =노임!$D$7 -> 282536 | K76: =TRUNC(J76*D76,1) -> 115839.7 | L76: 0
B77: 산소 | C77: 99% 6000ℓ(기체) 40ℓ | D77: 720 | E77: L | F77: =H77+J77+L77 -> #REF! | G77: =I77+K77+M77 -> #REF! | H77: =#REF! -> #REF! | I77: =TRUNC(H77*D77,1) -> #REF! | J77: 0 | L77: 0
B78: 아세칠렌 | C78: 98% (용접용) 1kg=853ℓ | D78: 0.36 | E78: KG | F78: =H78+J78+L78 -> #REF! | G78: =I78+K78+M78 -> #REF! | H78: =#REF! -> #REF! | I78: =TRUNC(H78*D78,1) -> #REF! | J78: 0 | L78: 0
B79: 연마숫돌 | C79: 355x3.5mm | D79: 1.06 | E79: 개 | F79: =H79+J79+L79 -> #REF! | G79: =I79+K79+M79 -> #REF! | H79: =#REF! -> #REF! | I79: =TRUNC(H79*D79,1) -> #REF! | J79: 0 | L79: 0
B80: 공구손료 및 경장비 | C80: 인력품의 | D80: 2 | E80: % | F80: =H80+J80+L80 -> 0 | G80: =I80+K80+M80 -> 2316.7 | I80: =TRUNC((K76*0.02),1) -> 2316.7 | K80: 0 | M80: 0
A82: =A75+1 -> 104 | B82: 강관절단(A종) | C82: D600㎜ | D82: 1 | E82: 개소 | G82: =I82+K82+M82 -> #REF! | I82: =TRUNC(I83+I84+I85+I86+I87,0) -> #REF! | K82: =TRUNC(K83+K84+K85+K86+K87,0) -> 129966 | M82: =TRUNC(M83+M84+M85+M86+M87,0) -> 0 | N82: =N75 -> 토목6-3-4
B83: 용 접 공(일 반) | D83: 0.46 | E83: 인 | F83: =H83+J83+L83 -> 282536 | G83: =I83+K83+M83 -> 129966.5 | J83: =노임!$D$7 -> 282536 | K83: =TRUNC(J83*D83,1) -> 129966.5 | L83: 0
B84: 산소 | C84: 99% 6000ℓ(기체) 40ℓ | D84: 810 | E84: L | F84: =H84+J84+L84 -> #REF! | G84: =I84+K84+M84 -> #REF! | H84: =#REF! -> #REF! | I84: =TRUNC(H84*D84,1) -> #REF! | J84: 0 | L84: 0
B85: 아세칠렌 | C85: 98% (용접용) 1kg=853ℓ | D85: 0.41 | E85: KG | F85: =H85+J85+L85 -> #REF! | G85: =I85+K85+M85 -> #REF! | H85: =#REF! -> #REF! | I85: =TRUNC(H85*D85,1) -> #REF! | J85: 0 | L85: 0
B86: 연마숫돌 | C86: 355x3.5mm | D86: 1.27 | E86: 개 | F86: =H86+J86+L86 -> #REF! | G86: =I86+K86+M86 -> #REF! | H86: =#REF! -> #REF! | I86: =TRUNC(H86*D86,1) -> #REF! | J86: 0 | L86: 0
B87: 공구손료 및 경장비 | C87: 인력품의 | D87: 2 | E87: % | F87: =H87+J87+L87 -> 0 | G87: =I87+K87+M87 -> 2599.3 | I87: =TRUNC((K83*0.02),1) -> 2599.3 | K87: 0 | M87: 0
A89: =A82+1 -> 105 | B89: 강관절단(A종) | C89: D700㎜ | D89: 1 | E89: 개소 | G89: =I89+K89+M89 -> #REF! | I89: =TRUNC(I90+I91+I92+I93+I94,0) -> #REF! | K89: =TRUNC(K90+K91+K92+K93+K94,0) -> 175172 | M89: =TRUNC(M90+M91+M92+M93+M94,0) -> 0 | N89: =N82 -> 토목6-3-4
B90: 용 접 공(일 반) | D90: 0.62 | E90: 인 | F90: =H90+J90+L90 -> 282536 | G90: =I90+K90+M90 -> 175172.3 | J90: =노임!$D$7 -> 282536 | K90: =TRUNC(J90*D90,1) -> 175172.3 | L90: 0
B91: 산소 | C91: 99% 6000ℓ(기체) 40ℓ | D91: 1020 | E91: L | F91: =H91+J91+L91 -> #REF! | G91: =I91+K91+M91 -> #REF! | H91: =#REF! -> #REF! | I91: =TRUNC(H91*D91,1) -> #REF! | J91: 0 | L91: 0
B92: 아세칠렌 | C92: 98% (용접용) 1kg=853ℓ | D92: 0.5 | E92: KG | F92: =H92+J92+L92 -> #REF! | G92: =I92+K92+M92 -> #REF! | H92: =#REF! -> #REF! | I92: =TRUNC(H92*D92,1) -> #REF! | J92: 0 | L92: 0
B93: 연마숫돌 | C93: 355x3.5mm | D93: 1.73 | E93: 개 | F93: =H93+J93+L93 -> #REF! | G93: =I93+K93+M93 -> #REF! | H93: =#REF! -> #REF! | I93: =TRUNC(H93*D93,1) -> #REF! | J93: 0 | L93: 0
B94: 공구손료 및 경장비 | C94: 인력품의 | D94: 2 | E94: % | F94: =H94+J94+L94 -> 0 | G94: =I94+K94+M94 -> 3503.4 | I94: =TRUNC((K90*0.02),1) -> 3503.4 | K94: 0 | M94: 0
A96: =A89+1 -> 106 | B96: 강관절단(B종) | C96: D700㎜ | D96: 1 | E96: 개소 | G96: =I96+K96+M96 -> #REF! | I96: =TRUNC(I97+I98+I99+I100+I101,0) -> #REF! | K96: =TRUNC(K97+K98+K99+K100+K101,0) -> 152569 | M96: =TRUNC(M97+M98+M99+M100+M101,0) -> 0 | N96: =N89 -> 토목6-3-4
B97: 용 접 공(일 반) | D97: 0.54 | E97: 인 | F97: =H97+J97+L97 -> 282536 | G97: =I97+K97+M97 -> 152569.4 | J97: =노임!$D$7 -> 282536 | K97: =TRUNC(J97*D97,1) -> 152569.4 | L97: 0
B98: 산소 | C98: 99% 6000ℓ(기체) 40ℓ | D98: 990 | E98: L | F98: =H98+J98+L98 -> #REF! | G98: =I98+K98+M98 -> #REF! | H98: =#REF! -> #REF! | I98: =TRUNC(H98*D98,1) -> #REF! | J98: 0 | L98: 0
B99: 아세칠렌 | C99: 98% (용접용) 1kg=853ℓ | D99: 0.5 | E99: KG | F99: =H99+J99+L99 -> #REF! | G99: =I99+K99+M99 -> #REF! | H99: =#REF! -> #REF! | I99: =TRUNC(H99*D99,1) -> #REF! | J99: 0 | L99: 0
B100: 연마숫돌 | C100: 355x3.5mm | D100: 1.48 | E100: 개 | F100: =H100+J100+L100 -> #REF! | G100: =I100+K100+M100 -> #REF! | H100: =#REF! -> #REF! | I100: =TRUNC(H100*D100,1) -> #REF! | J100: 0 | L100: 0
B101: 공구손료 및 경장비 | C101: 인력품의 | D101: 2 | E101: % | F101: =H101+J101+L101 -> 0 | G101: =I101+K101+M101 -> 3051.3 | I101: =TRUNC((K97*0.02),1) -> 3051.3 | K101: 0 | M101: 0
A103: =A96+1 -> 107 | B103: 강관절단(A종) | C103: D800㎜ | D103: 1 | E103: 개소 | G103: =I103+K103+M103 -> #REF! | I103: =TRUNC(I104+I105+I106+I107+I108,0) -> #REF! | K103: =TRUNC(K104+K105+K106+K107+K108,0) -> 200600 | M103: =TRUNC(M104+M105+M106+M107+M108,0) -> 0 | N103: =N96 -> 토목6-3-4
B104: 용 접 공(일 반) | D104: 0.71 | E104: 인 | F104: =H104+J104+L104 -> 282536 | G104: =I104+K104+M104 -> 200600.5 | J104: =노임!$D$7 -> 282536 | K104: =TRUNC(J104*D104,1) -> 200600.5 | L104: 0
B105: 산소 | C105: 99% 6000ℓ(기체) 40ℓ | D105: 1150 | E105: L | F105: =H105+J105+L105 -> #REF! | G105: =I105+K105+M105 -> #REF! | H105: =#REF! -> #REF! | I105: =TRUNC(H105*D105,1) -> #REF! | J105: 0 | L105: 0
B106: 아세칠렌 | C106: 98% (용접용) 1kg=853ℓ | D106: 0.57 | E106: KG | F106: =H106+J106+L106 -> #REF! | G106: =I106+K106+M106 -> #REF! | H106: =#REF! -> #REF! | I106: =TRUNC(H106*D106,1) -> #REF! | J106: 0 | L106: 0
B107: 연마숫돌 | C107: 355x3.5mm | D107: 2.25 | E107: 개 | F107: =H107+J107+L107 -> #REF! | G107: =I107+K107+M107 -> #REF! | H107: =#REF! -> #REF! | I107: =TRUNC(H107*D107,1) -> #REF! | J107: 0 | L107: 0
B108: 공구손료 및 경장비 | C108: 인력품의 | D108: 2 | E108: % | F108: =H108+J108+L108 -> 0 | G108: =I108+K108+M108 -> 4012 | I108: =TRUNC((K104*0.02),1) -> 4012 | K108: 0 | M108: 0
A110: =A103+1 -> 108 | B110: 강관절단(B종) | C110: D800㎜ | D110: 1 | E110: 개소 | G110: =I110+K110+M110 -> #REF! | I110: =TRUNC(I111+I112+I113+I114+I115,0) -> #REF! | K110: =TRUNC(K111+K112+K113+K114+K115,0) -> 183648 | M110: =TRUNC(M111+M112+M113+M114+M115,0) -> 0 | N110: =N103 -> 토목6-3-4
B111: 용 접 공(일 반) | D111: 0.65 | E111: 인 | F111: =H111+J111+L111 -> 282536 | G111: =I111+K111+M111 -> 183648.4 | J111: =노임!$D$7 -> 282536 | K111: =TRUNC(J111*D111,1) -> 183648.4 | L111: 0
B112: 산소 | C112: 99% 6000ℓ(기체) 40ℓ | D112: 1060 | E112: L | F112: =H112+J112+L112 -> #REF! | G112: =I112+K112+M112 -> #REF! | H112: =#REF! -> #REF! | I112: =TRUNC(H112*D112,1) -> #REF! | J112: 0 | L112: 0
B113: 아세칠렌 | C113: 98% (용접용) 1kg=853ℓ | D113: 0.53 | E113: KG | F113: =H113+J113+L113 -> #REF! | G113: =I113+K113+M113 -> #REF! | H113: =#REF! -> #REF! | I113: =TRUNC(H113*D113,1) -> #REF! | J113: 0 | L113: 0
B114: 연마숫돌 | C114: 355x3.5mm | D114: 1.97 | E114: 개 | F114: =H114+J114+L114 -> #REF! | G114: =I114+K114+M114 -> #REF! | H114: =#REF! -> #REF! | I114: =TRUNC(H114*D114,1) -> #REF! | J114: 0 | L114: 0
B115: 공구손료 및 경장비 | C115: 인력품의 | D115: 2 | E115: % | F115: =H115+J115+L115 -> 0 | G115: =I115+K115+M115 -> 3672.9 | I115: =TRUNC((K111*0.02),1) -> 3672.9 | K115: 0 | M115: 0
A117: =A110+1 -> 109 | B117: 강관절단(A종) | C117: D900㎜ | D117: 1 | E117: 개소 | G117: =I117+K117+M117 -> #REF! | I117: =TRUNC(I118+I119+I120+I121+I122,0) -> #REF! | K117: =TRUNC(K118+K119+K120+K121+K122,0) -> 223203 | M117: =TRUNC(M118+M119+M120+M121+M122,0) -> 0 | N117: =N110 -> 토목6-3-4
...

Sheet 플랜지
A1: 일위대가_호표_플랜지접합(접합부속 별도)
A2: 공 종 명 | C2: 규 격 | D2: 수량 | E2: 단위 | F2: 합 계 | H2: 재 료 비 | J2: 노 무 비 | L2: 경 비 | N2: 비 고
F3: 단 가 | G3: 금 액 | H3: 단 가 | I3: 금 액 | J3: 단 가 | K3: 금 액 | L3: 단 가 | M3: 금 액
A5: =절단!A65+1 -> 57 | B5: 플랜지조인트접합 | C5: D80㎜ | D5: 1 | E5: 개소 | G5: =I5+K5+M5 -> #REF! | I5: =TRUNC(I6+I7+I8+I9,0) -> #REF! | K5: =TRUNC(K6+K7+K8,0) -> 16570 | L5: =TRUNC(L6+L7+L8,0) -> 0 | M5: =TRUNC(M6+M7+M8,0) -> 331 | N5: 토목6-8-7
B6: 배 관 공 | C6: 수도 | D6: 0.05 | E6: 인 | F6: =H6+J6+L6 -> 262580 | G6: =I6+K6+M6 -> 13129 | H6: 0 | J6: =노임!$D$10 -> 262580 | K6: =TRUNC(J6*D6,1) -> 13129 | L6: 0
B7: 보통인부 | D7: 0.02 | E7: 인 | F7: =H7+J7+L7 -> 172068 | G7: =I7+K7+M7 -> 3441.3 | H7: 0 | J7: =노임!$D$3 -> 172068 | K7: =TRUNC(J7*D7,1) -> 3441.3 | L7: 0
B8: 공구손료 및 경장비 | C8: 노무비의 % | D8: 2 | E8: % | F8: =H8+J8+L8 -> 0 | G8: =I8+K8+M8 -> 331.4 | M8: =TRUNC((K6+K7)*D8%,1) -> 331.4
B9: 플랜지접합부속 | C9: D80㎜ | D9: 1 | E9: 조 | H9: =#REF! -> #REF! | I9: =TRUNC(H9*D9,1) -> #REF!
A11: =A5+1 -> 58 | B11: 플랜지조인트접합 | C11: D100㎜ | D11: 1 | E11: 개소 | G11: =I11+K11+M11 -> #REF! | I11: =TRUNC(I12+I13+I14+I15,0) -> #REF! | K11: =TRUNC(K12+K13+K14,0) -> 25263 | L11: =TRUNC(L12+L13+L14,0) -> 0 | M11: =TRUNC(M12+M13+M14,0) -> 505 | N11: 토목6-8-7
B12: 배 관 공 | C12: 수도 | D12: 0.07 | E12: 인 | F12: =H12+J12+L12 -> 262580 | G12: =I12+K12+M12 -> 18380.6 | H12: 0 | J12: =노임!$D$10 -> 262580 | K12: =TRUNC(J12*D12,1) -> 18380.6 | L12: 0
B13: 보통인부 | D13: 0.04 | E13: 인 | F13: =H13+J13+L13 -> 172068 | G13: =I13+K13+M13 -> 6882.7 | H13: 0 | J13: =노임!$D$3 -> 172068 | K13: =TRUNC(J13*D13,1) -> 6882.7 | L13: 0
B14: 공구손료 및 경장비 | C14: 노무비의 % | D14: 2 | E14: % | F14: =H14+J14+L14 -> 0 | G14: =I14+K14+M14 -> 505.2 | M14: =TRUNC((K12+K13)*D14%,1) -> 505.2
B15: 플랜지접합부속 | C15: D100㎜ | D15: 1 | E15: 조 | H15: =#REF! -> #REF! | I15: =TRUNC(H15*D15,1) -> #REF!
A17: =A11+1 -> 59 | B17: 플랜지조인트접합 | C17: D150㎜ | D17: 1 | E17: 개소 | G17: =I17+K17+M17 -> #REF! | I17: =TRUNC(I18+I19+I20+I21,0) -> #REF! | K17: =TRUNC(K18+K19+K20,0) -> 32235 | L17: =TRUNC(L18+L19+L20,0) -> 0 | M17: =TRUNC(M18+M19+M20,0) -> 644 | N17: 토목6-8-7
B18: 배 관 공 | C18: 수도 | D18: 0.09 | E18: 인 | F18: =H18+J18+L18 -> 262580 | G18: =I18+K18+M18 -> 23632.2 | H18: 0 | J18: =노임!$D$10 -> 262580 | K18: =TRUNC(J18*D18,1) -> 23632.2 | L18: 0
B19: 보통인부 | D19: 0.05 | E19: 인 | F19: =H19+J19+L19 -> 172068 | G19: =I19+K19+M19 -> 8603.4 | H19: 0 | J19: =노임!$D$3 -> 172068 | K19: =TRUNC(J19*D19,1) -> 8603.4 | L19: 0
B20: 공구손료 및 경장비 | C20: 노무비의 % | D20: 2 | E20: % | F20: =H20+J20+L20 -> 0 | G20: =I20+K20+M20 -> 644.7 | M20: =TRUNC((K18+K19)*D20%,1) -> 644.7
B21: 플랜지접합부속 | C21: D150㎜ | D21: 1 | E21: 조 | H21: =#REF! -> #REF! | I21: =TRUNC(H21*D21,1) -> #REF!
A23: =A17+1 -> 60 | B23: 플랜지조인트접합 | C23: D200㎜ | D23: 1 | E23: 개소 | G23: =I23+K23+M23 -> #REF! | I23: =TRUNC(I24+I25+I26+I27,0) -> #REF! | K23: =TRUNC(K24+K25+K26,0) -> 39207 | L23: =TRUNC(L24+L25+L26,0) -> 0 | M23: =TRUNC(M24+M25+M26,0) -> 784 | N23: 토목6-8-7
B24: 배 관 공 | C24: 수도 | D24: 0.11 | E24: 인 | F24: =H24+J24+L24 -> 262580 | G24: =I24+K24+M24 -> 28883.8 | H24: 0 | J24: =노임!$D$10 -> 262580 | K24: =TRUNC(J24*D24,1) -> 28883.8 | L24: 0
B25: 보통인부 | D25: 0.06 | E25: 인 | F25: =H25+J25+L25 -> 172068 | G25: =I25+K25+M25 -> 10324 | H25: 0 | J25: =노임!$D$3 -> 172068 | K25: =TRUNC(J25*D25,1) -> 10324 | L25: 0
B26: 공구손료 및 경장비 | C26: 노무비의 % | D26: 2 | E26: % | F26: =H26+J26+L26 -> 0 | G26: =I26+K26+M26 -> 784.1 | M26: =TRUNC((K24+K25)*D26%,1) -> 784.1
B27: 플랜지접합부속 | C27: D200㎜ | D27: 1 | E27: 조 | H27: =#REF! -> #REF! | I27: =TRUNC(H27*D27,1) -> #REF!
A29: =A23+1 -> 61 | B29: 플랜지조인트접합 | C29: D250㎜ | D29: 1 | E29: 개소 | G29: =I29+K29+M29 -> #REF! | I29: =TRUNC(I30+I31+I32+I33,0) -> #REF! | K29: =TRUNC(K30+K31+K32,0) -> 48805 | L29: =TRUNC(L30+L31+L32,0) -> 0 | M29: =TRUNC(M30+M31+M32,0) -> 976 | N29: 토목6-8-7
B30: 배 관 공 | C30: 수도 | D30: 0.14 | E30: 인 | F30: =H30+J30+L30 -> 262580 | G30: =I30+K30+M30 -> 36761.2 | H30: 0 | J30: =노임!$D$10 -> 262580 | K30: =TRUNC(J30*D30,1) -> 36761.2 | L30: 0
B31: 보통인부 | D31: 0.07 | E31: 인 | F31: =H31+J31+L31 -> 172068 | G31: =I31+K31+M31 -> 12044.7 | H31: 0 | J31: =노임!$D$3 -> 172068 | K31: =TRUNC(J31*D31,1) -> 12044.7 | L31: 0
B32: 공구손료 및 경장비 | C32: 노무비의 % | D32: 2 | E32: % | F32: =H32+J32+L32 -> 0 | G32: =I32+K32+M32 -> 976.1 | M32: =TRUNC((K30+K31)*D32%,1) -> 976.1
B33: 플랜지접합부속 | C33: D250㎜ | D33: 1 | E33: 조 | H33: =#REF! -> #REF! | I33: =TRUNC(H33*D33,1) -> #REF!
A35: =A29+1 -> 62 | B35: 플랜지조인트접합 | C35: D300㎜ | D35: 1 | E35: 개소 | G35: =I35+K35+M35 -> #REF! | I35: =TRUNC(I36+I37+I38+I39,0) -> #REF! | K35: =TRUNC(K36+K37+K38,0) -> 48805 | L35: =TRUNC(L36+L37+L38,0) -> 0 | M35: =TRUNC(M36+M37+M38,0) -> 976 | N35: 토목6-8-7
B36: 배 관 공 | C36: 수도 | D36: 0.14 | E36: 인 | F36: =H36+J36+L36 -> 262580 | G36: =I36+K36+M36 -> 36761.2 | H36: 0 | J36: =노임!$D$10 -> 262580 | K36: =TRUNC(J36*D36,1) -> 36761.2 | L36: 0
B37: 보통인부 | D37: 0.07 | E37: 인 | F37: =H37+J37+L37 -> 172068 | G37: =I37+K37+M37 -> 12044.7 | H37: 0 | J37: =노임!$D$3 -> 172068 | K37: =TRUNC(J37*D37,1) -> 12044.7 | L37: 0
B38: 공구손료 및 경장비 | C38: 노무비의 % | D38: 2 | E38: % | F38: =H38+J38+L38 -> 0 | G38: =I38+K38+M38 -> 976.1 | M38: =TRUNC((K36+K37)*D38%,1) -> 976.1
B39: 플랜지접합부속 | C39: D300㎜ | D39: 1 | E39: 조 | H39: =#REF! -> #REF! | I39: =TRUNC(H39*D39,1) -> #REF!
A41: =A35+1 -> 63 | B41: 플랜지조인트접합 | C41: D350㎜ | D41: 1 | E41: 개소 | G41: =I41+K41+M41 -> #REF! | I41: =TRUNC(I42+I43+I44+I45,0) -> #REF! | K41: =TRUNC(K42+K43+K44,0) -> 55778 | L41: =TRUNC(L42+L43+L44,0) -> 0 | M41: =TRUNC(M42+M43+M44,0) -> 1115 | N41: 토목6-8-7
B42: 배 관 공 | C42: 수도 | D42: 0.16 | E42: 인 | F42: =H42+J42+L42 -> 262580 | G42: =I42+K42+M42 -> 42012.8 | H42: 0 | J42: =노임!$D$10 -> 262580 | K42: =TRUNC(J42*D42,1) -> 42012.8 | L42: 0
B43: 보통인부 | D43: 0.08 | E43: 인 | F43: =H43+J43+L43 -> 172068 | G43: =I43+K43+M43 -> 13765.4 | H43: 0 | J43: =노임!$D$3 -> 172068 | K43: =TRUNC(J43*D43,1) -> 13765.4 | L43: 0
B44: 공구손료 및 경장비 | C44: 노무비의 % | D44: 2 | E44: % | F44: =H44+J44+L44 -> 0 | G44: =I44+K44+M44 -> 1115.5 | M44: =TRUNC((K42+K43)*D44%,1) -> 1115.5
B45: 플랜지접합부속 | C45: D350㎜ | D45: 1 | E45: 조 | H45: =#REF! -> #REF! | I45: =TRUNC(H45*D45,1) -> #REF!
A47: =A41+1 -> 64 | B47: 플랜지조인트접합 | C47: D400㎜ | D47: 1 | E47: 개소 | G47: =I47+K47+M47 -> #REF! | I47: =TRUNC(I48+I49+I50+I51,0) -> #REF! | K47: =TRUNC(K48+K49+K50,0) -> 62750 | L47: =TRUNC(L48+L49+L50,0) -> 0 | M47: =TRUNC(M48+M49+M50,0) -> 1255 | N47: 토목6-8-7
B48: 배 관 공 | C48: 수도 | D48: 0.18 | E48: 인 | F48: =H48+J48+L48 -> 262580 | G48: =I48+K48+M48 -> 47264.4 | H48: 0 | J48: =노임!$D$10 -> 262580 | K48: =TRUNC(J48*D48,1) -> 47264.4 | L48: 0
B49: 보통인부 | D49: 0.09 | E49: 인 | F49: =H49+J49+L49 -> 172068 | G49: =I49+K49+M49 -> 15486.1 | H49: 0 | J49: =노임!$D$3 -> 172068 | K49: =TRUNC(J49*D49,1) -> 15486.1 | L49: 0
B50: 공구손료 및 경장비 | C50: 노무비의 % | D50: 2 | E50: % | F50: =H50+J50+L50 -> 0 | G50: =I50+K50+M50 -> 1255 | M50: =TRUNC((K48+K49)*D50%,1) -> 1255
B51: 플랜지접합부속 | C51: D400㎜ | D51: 1 | E51: 조 | H51: =#REF! -> #REF! | I51: =TRUNC(H51*D51,1) -> #REF!
A53: =A47+1 -> 65 | B53: 플랜지조인트접합 | C53: D450㎜ | D53: 1 | E53: 개소 | G53: =I53+K53+M53 -> #REF! | I53: =TRUNC(I54+I55+I56+I57,0) -> #REF! | K53: =TRUNC(K54+K55+K56,0) -> 69722 | L53: =TRUNC(L54+L55+L56,0) -> 0 | M53: =TRUNC(M54+M55+M56,0) -> 1394 | N53: 토목6-8-7
B54: 배 관 공 | C54: 수도 | D54: 0.2 | E54: 인 | F54: =H54+J54+L54 -> 262580 | G54: =I54+K54+M54 -> 52516 | H54: 0 | J54: =노임!$D$10 -> 262580 | K54: =TRUNC(J54*D54,1) -> 52516 | L54: 0
B55: 보통인부 | D55: 0.1 | E55: 인 | F55: =H55+J55+L55 -> 172068 | G55: =I55+K55+M55 -> 17206.8 | H55: 0 | J55: =노임!$D$3 -> 172068 | K55: =TRUNC(J55*D55,1) -> 17206.8 | L55: 0
B56: 공구손료 및 경장비 | C56: 노무비의 % | D56: 2 | E56: % | F56: =H56+J56+L56 -> 0 | G56: =I56+K56+M56 -> 1394.4 | M56: =TRUNC((K54+K55)*D56%,1) -> 1394.4
B57: 플랜지접합부속 | C57: D450㎜ | D57: 1 | E57: 조 | H57: =#REF! -> #REF! | I57: =TRUNC(H57*D57,1) -> #REF!
A59: =A53+1 -> 66 | B59: 플랜지조인트접합 | C59: D500㎜ | D59: 1 | E59: 개소 | G59: =I59+K59+M59 -> #REF! | I59: =TRUNC(I60+I61+I62+I63,0) -> #REF! | K59: =TRUNC(K60+K61+K62,0) -> 76695 | L59: =TRUNC(L60+L61+L62,0) -> 0 | M59: =TRUNC(M60+M61+M62,0) -> 1533 | N59: 토목6-8-7
B60: 배 관 공 | C60: 수도 | D60: 0.22 | E60: 인 | F60: =H60+J60+L60 -> 262580 | G60: =I60+K60+M60 -> 57767.6 | H60: 0 | J60: =노임!$D$10 -> 262580 | K60: =TRUNC(J60*D60,1) -> 57767.6 | L60: 0
B61: 보통인부 | D61: 0.11 | E61: 인 | F61: =H61+J61+L61 -> 172068 | G61: =I61+K61+M61 -> 18927.4 | H61: 0 | J61: =노임!$D$3 -> 172068 | K61: =TRUNC(J61*D61,1) -> 18927.4 | L61: 0
B62: 공구손료 및 경장비 | C62: 노무비의 % | D62: 2 | E62: % | F62: =H62+J62+L62 -> 0 | G62: =I62+K62+M62 -> 1533.9 | M62: =TRUNC((K60+K61)*D62%,1) -> 1533.9
B63: 플랜지접합부속 | C63: D500㎜ | D63: 1 | E63: 조 | H63: =#REF! -> #REF! | I63: =TRUNC(H63*D63,1) -> #REF!
A65: =A59+1 -> 67 | B65: 플랜지조인트접합 | C65: D600㎜ | D65: 1 | E65: 개소 | G65: =I65+K65+M65 -> #REF! | I65: =TRUNC(I66+I67+I68+I69,0) -> #REF! | K65: =TRUNC(K66+K67+K68,0) -> 83667 | L65: =TRUNC(L66+L67+L68,0) -> 0 | M65: =TRUNC(M66+M67+M68,0) -> 1673 | N65: 토목6-8-7
B66: 배 관 공 | C66: 수도 | D66: 0.24 | E66: 인 | F66: =H66+J66+L66 -> 262580 | G66: =I66+K66+M66 -> 63019.2 | H66: 0 | J66: =노임!$D$10 -> 262580 | K66: =TRUNC(J66*D66,1) -> 63019.2 | L66: 0
B67: 보통인부 | D67: 0.12 | E67: 인 | F67: =H67+J67+L67 -> 172068 | G67: =I67+K67+M67 -> 20648.1 | H67: 0 | J67: =노임!$D$3 -> 172068 | K67: =TRUNC(J67*D67,1) -> 20648.1 | L67: 0
B68: 공구손료 및 경장비 | C68: 노무비의 % | D68: 2 | E68: % | F68: =H68+J68+L68 -> 0 | G68: =I68+K68+M68 -> 1673.3 | M68: =TRUNC((K66+K67)*D68%,1) -> 1673.3
B69: 플랜지접합부속 | C69: D600㎜ | D69: 1 | E69: 조 | H69: =#REF! -> #REF! | I69: =TRUNC(H69*D69,1) -> #REF!
A71: =A65+1 -> 68 | B71: 플랜지조인트접합 | C71: D700㎜ | D71: 1 | E71: 개소 | G71: =I71+K71+M71 -> #REF! | I71: =TRUNC(I72+I73+I74+I75,0) -> #REF! | K71: =TRUNC(K72+K73+K74,0) -> 94986 | L71: =TRUNC(L72+L73+L74,0) -> 0 | M71: =TRUNC(M72+M73+M74,0) -> 1899 | N71: 토목6-8-7
B72: 배 관 공 | C72: 수도 | D72: 0.27 | E72: 인 | F72: =H72+J72+L72 -> 262580 | G72: =I72+K72+M72 -> 70896.6 | H72: 0 | J72: =노임!$D$10 -> 262580 | K72: =TRUNC(J72*D72,1) -> 70896.6 | L72: 0
B73: 보통인부 | D73: 0.14 | E73: 인 | F73: =H73+J73+L73 -> 172068 | G73: =I73+K73+M73 -> 24089.5 | H73: 0 | J73: =노임!$D$3 -> 172068 | K73: =TRUNC(J73*D73,1) -> 24089.5 | L73: 0
B74: 공구손료 및 경장비 | C74: 노무비의 % | D74: 2 | E74: % | F74: =H74+J74+L74 -> 0 | G74: =I74+K74+M74 -> 1899.7 | M74: =TRUNC((K72+K73)*D74%,1) -> 1899.7
B75: 플랜지접합부속 | C75: D700㎜ | D75: 1 | E75: 조 | H75: =#REF! -> #REF! | I75: =TRUNC(H75*D75,1) -> #REF!
A77: =A71+1 -> 69 | B77: 플랜지조인트접합 | C77: D800㎜ | D77: 1 | E77: 개소 | G77: =I77+K77+M77 -> #REF! | I77: =TRUNC(I78+I79+I80+I81,0) -> #REF! | K77: =TRUNC(K78+K79+K80,0) -> 100237 | L77: =TRUNC(L78+L79+L80,0) -> 0 | M77: =TRUNC(M78+M79+M80,0) -> 2004 | N77: 토목6-8-7
B78: 배 관 공 | C78: 수도 | D78: 0.29 | E78: 인 | F78: =H78+J78+L78 -> 262580 | G78: =I78+K78+M78 -> 76148.2 | H78: 0 | J78: =노임!$D$10 -> 262580 | K78: =TRUNC(J78*D78,1) -> 76148.2 | L78: 0
B79: 보통인부 | D79: 0.14 | E79: 인 | F79: =H79+J79+L79 -> 172068 | G79: =I79+K79+M79 -> 24089.5 | H79: 0 | J79: =노임!$D$3 -> 172068 | K79: =TRUNC(J79*D79,1) -> 24089.5 | L79: 0
B80: 공구손료 및 경장비 | C80: 노무비의 % | D80: 2 | E80: % | F80: =H80+J80+L80 -> 0 | G80: =I80+K80+M80 -> 2004.7 | M80: =TRUNC((K78+K79)*D80%,1) -> 2004.7
B81: 플랜지접합부속 | C81: D800㎜ | D81: 1 | E81: 조 | H81: =#REF! -> #REF! | I81: =TRUNC(H81*D81,1) -> #REF!
A83: =A77+1 -> 70 | B83: 플랜지조인트접합 | C83: D900㎜ | D83: 1 | E83: 개소 | G83: =I83+K83+M83 -> #REF! | I83: =TRUNC(I84+I85+I86+I87,0) -> #REF! | K83: =TRUNC(K84+K85+K86,0) -> 107210 | L83: =TRUNC(L84+L85+L86,0) -> 0 | M83: =TRUNC(M84+M85+M86,0) -> 2144 | N83: 토목6-8-7
B84: 배 관 공 | C84: 수도 | D84: 0.31 | E84: 인 | F84: =H84+J84+L84 -> 262580 | G84: =I84+K84+M84 -> 81399.8 | H84: 0 | J84: =노임!$D$10 -> 262580 | K84: =TRUNC(J84*D84,1) -> 81399.8 | L84: 0
B85: 보통인부 | D85: 0.15 | E85: 인 | F85: =H85+J85+L85 -> 172068 | G85: =I85+K85+M85 -> 25810.2 | H85: 0 | J85: =노임!$D$3 -> 172068 | K85: =TRUNC(J85*D85,1) -> 25810.2 | L85: 0
B86: 공구손료 및 경장비 | C86: 노무비의 % | D86: 2 | E86: % | F86: =H86+J86+L86 -> 0 | G86: =I86+K86+M86 -> 2144.2 | M86: =TRUNC((K84+K85)*D86%,1) -> 2144.2
B87: 플랜지접합부속 | C87: D900㎜ | D87: 1 | E87: 조 | H87: =#REF! -> #REF! | I87: =TRUNC(H87*D87,1) -> #REF!
A89: =A83+1 -> 71 | B89: 플랜지조인트접합 | C89: D1000㎜ | D89: 1 | E89: 개소 | G89: =I89+K89+M89 -> #REF! | I89: =TRUNC(I90+I91+I92+I93,0) -> #REF! | K89: =TRUNC(K90+K91+K92,0) -> 121154 | L89: =TRUNC(L90+L91+L92,0) -> 0 | M89: =TRUNC(M90+M91+M92,0) -> 2423 | N89: 토목6-8-7
B90: 배 관 공 | C90: 수도 | D90: 0.35 | E90: 인 | F90: =H90+J90+L90 -> 262580 | G90: =I90+K90+M90 -> 91903 | H90: 0 | J90: =노임!$D$10 -> 262580 | K90: =TRUNC(J90*D90,1) -> 91903 | L90: 0
B91: 보통인부 | D91: 0.17 | E91: 인 | F91: =H91+J91+L91 -> 172068 | G91: =I91+K91+M91 -> 29251.5 | H91: 0 | J91: =노임!$D$3 -> 172068 | K91: =TRUNC(J91*D91,1) -> 29251.5 | L91: 0
B92: 공구손료 및 경장비 | C92: 노무비의 % | D92: 2 | E92: % | F92: =H92+J92+L92 -> 0 | G92: =I92+K92+M92 -> 2423 | M92: =TRUNC((K90+K91)*D92%,1) -> 2423
B93: 플랜지접합부속 | C93: D1000㎜ | D93: 1 | E93: 조 | H93: =#REF! -> #REF! | I93: =TRUNC(H93*D93,1) -> #REF!
A95: =A89+1 -> 72 | B95: 플랜지조인트접합 | C95: D1100㎜ | D95: 1 | E95: 개소 | G95: =I95+K95+M95 -> #REF! | I95: =TRUNC(I96+I97+I98+I99,0) -> #REF! | K95: =TRUNC(K96+K97+K98,0) -> 130300 | L95: =TRUNC(L96+L97+L98,0) -> 0 | M95: =TRUNC(M96+M97+M98,0) -> 2606
B96: 배 관 공 | C96: 수도 | D96: 0.375 | E96: 인 | F96: =H96+J96+L96 -> 262580 | G96: =I96+K96+M96 -> 98467.5 | H96: 0 | J96: =노임!$D$10 -> 262580 | K96: =TRUNC(J96*D96,1) -> 98467.5 | L96: 0
B97: 보통인부 | D97: 0.185 | E97: 인 | F97: =H97+J97+L97 -> 172068 | G97: =I97+K97+M97 -> 31832.5 | H97: 0 | J97: =노임!$D$3 -> 172068 | K97: =TRUNC(J97*D97,1) -> 31832.5 | L97: 0
B98: 공구손료 및 경장비 | C98: 노무비의 % | D98: 2 | E98: % | F98: =H98+J98+L98 -> 0 | G98: =I98+K98+M98 -> 2606 | M98: =TRUNC((K96+K97)*D98%,1) -> 2606
B99: 플랜지접합부속 | C99: D1100㎜ | D99: 1 | E99: 조 | H99: =#REF! -> #REF! | I99: =TRUNC(H99*D99,1) -> #REF!
A101: =A95+1 -> 73 | B101: 플랜지조인트접합 | C101: D1200㎜ | D101: 1 | E101: 개소 | G101: =I101+K101+M101 -> #REF! | I101: =TRUNC(I102+I103+I104+I105,0) -> #REF! | K101: =TRUNC(K102+K103+K104,0) -> 139445 | L101: =TRUNC(L102+L103+L104,0) -> 0 | M101: =TRUNC(M102+M103+M104,0) -> 2788 | N101: 토목6-8-7
B102: 배 관 공 | C102: 수도 | D102: 0.4 | E102: 인 | F102: =H102+J102+L102 -> 262580 | G102: =I102+K102+M102 -> 105032 | H102: 0 | J102: =노임!$D$10 -> 262580 | K102: =TRUNC(J102*D102,1) -> 105032 | L102: 0
B103: 보통인부 | D103: 0.2 | E103: 인 | F103: =H103+J103+L103 -> 172068 | G103: =I103+K103+M103 -> 34413.6 | H103: 0 | J103: =노임!$D$3 -> 172068 | K103: =TRUNC(J103*D103,1) -> 34413.6 | L103: 0
B104: 공구손료 및 경장비 | C104: 노무비의 % | D104: 2 | E104: % | F104: =H104+J104+L104 -> 0 | G104: =I104+K104+M104 -> 2788.9 | M104: =TRUNC((K102+K103)*D104%,1) -> 2788.9
B105: 플랜지접합부속 | C105: D1200㎜ | D105: 1 | E105: 조 | H105: =#REF! -> #REF! | I105: =TRUNC(H105*D105,1) -> #REF!
A107: =A101+1 -> 74 | B107: 플랜지조인트접합 | C107: D1350㎜ | D107: 1 | E107: 개소 | G107: =I107+K107+M107 -> 146667 | I107: =TRUNC(I108+I109+I110+I111,0) -> 0 | K107: =TRUNC(K108+K109+K110,0) -> 143792 | L107: =TRUNC(L108+L109+L110,0) -> 0 | M107: =TRUNC(M108+M109+M110,0) -> 2875 | N107: 토목6-8-7
B108: 배 관 공 | C108: 수도 | D108: 0.41 | E108: 인 | F108: =H108+J108+L108 -> 262580 | G108: =I108+K108+M108 -> 107657.8 | H108: 0 | J108: =노임!$D$10 -> 262580 | K108: =TRUNC(J108*D108,1) -> 107657.8 | L108: 0
B109: 보통인부 | D109: 0.21 | E109: 인 | F109: =H109+J109+L109 -> 172068 | G109: =I109+K109+M109 -> 36134.2 | H109: 0 | J109: =노임!$D$3 -> 172068 | K109: =TRUNC(J109*D109,1) -> 36134.2 | L109: 0
B110: 공구손료 및 경장비 | C110: 노무비의 % | D110: 2 | E110: % | F110: =H110+J110+L110 -> 0 | G110: =I110+K110+M110 -> 2875.8 | M110: =TRUNC((K108+K109)*D110%,1) -> 2875.8
B111: 플랜지접합부속 | C111: D1350㎜ | D111: 1 | E111: 조 | I111: =TRUNC(H111*D111,1) -> 0
A113: =A107+1 -> 75 | B113: 플랜지조인트접합 | C113: D1500㎜ | D113: 1 | E113: 개소 | G113: =I113+K113+M113 -> 163569 | I113: =TRUNC(I114+I115+I116+I117,0) -> 0 | K113: =TRUNC(K114+K115+K116,0) -> 160362 | L113: =TRUNC(L114+L115+L116,0) -> 0 | M113: =TRUNC(M114+M115+M116,0) -> 3207 | N113: 토목6-8-7
B114: 배 관 공 | C114: 수도 | D114: 0.46 | E114: 인 | F114: =H114+J114+L114 -> 262580 | G114: =I114+K114+M114 -> 120786.8 | H114: 0 | J114: =노임!$D$10 -> 262580 | K114: =TRUNC(J114*D114,1) -> 120786.8 | L114: 0
B115: 보통인부 | D115: 0.23 | E115: 인 | F115: =H115+J115+L115 -> 172068 | G115: =I115+K115+M115 -> 39575.6 | H115: 0 | J115: =노임!$D$3 -> 172068 | K115: =TRUNC(J115*D115,1) -> 39575.6 | L115: 0
B116: 공구손료 및 경장비 | C116: 노무비의 % | D116: 2 | E116: % | F116: =H116+J116+L116 -> 0 | G116: =I116+K116+M116 -> 3207.2 | M116: =TRUNC((K114+K115)*D116%,1) -> 3207.2
B117: 플랜지접합부속 | C117: D1500㎜ | D117: 1 | E117: 조 | I117: =TRUNC(H117*D117,1) -> 0
A119: =A113+1 -> 76 | B119: 플랜지조인트접합 | C119: D1650㎜ | D119: 1 | E119: 개소 | G119: =I119+K119+M119 -> 184904 | I119: =TRUNC(I120+I121+I122+I123,0) -> 0 | K119: =TRUNC(K120+K121+K122,0) -> 181279 | L119: =TRUNC(L120+L121+L122,0) -> 0 | M119: =TRUNC(M120+M121+M122,0) -> 3625 | N119: 토목6-8-7
B120: 배 관 공 | C120: 수도 | D120: 0.52 | E120: 인 | F120: =H120+J120+L120 -> 262580 | G120: =I120+K120+M120 -> 136541.6 | H120: 0 | J120: =노임!$D$10 -> 262580 | K120: =TRUNC(J120*D120,1) -> 136541.6 | L120: 0
...

Sheet 목록(주철관)
A1: 일위대가목록
A2: 공 종 명 | C2: 규 격 | D2: 수 량 | E2: 단 위 | G2: 합 계 | I2: 재 료 비 | K2: 노 무 비 | M2: 경 비 | N2: 비 고
A4: =KP메카니컬접합부설!A5 -> 1 | B4: =KP메카니컬접합부설!B5 -> K.P메카니컬 접합 및 부설 | C4: =KP메카니컬접합부설!C5 -> D80㎜(인력) | D4: 1 | E4: nr | G4: =I4+K4+M4 -> #REF! | I4: =KP메카니컬접합부설!I5 -> #REF! | K4: =KP메카니컬접합부설!K5 -> #REF! | M4: =KP메카니컬접합부설!M5 -> #REF!
A5: =KP메카니컬접합부설!A12 -> 2 | B5: =KP메카니컬접합부설!B12 -> K.P메카니컬 접합 및 부설 | C5: =KP메카니컬접합부설!C12 -> D80㎜(인력), 이탈방지압륜 | D5: 1 | E5: nr | G5: =I5+K5+M5 -> #REF! | I5: =KP메카니컬접합부설!I12 -> #REF! | K5: =KP메카니컬접합부설!K12 -> #REF! | M5: =KP메카니컬접합부설!M12 -> #REF!
A6: =KP메카니컬접합부설!A20 -> 3 | B6: =KP메카니컬접합부설!B20 -> K.P메카니컬 접합 및 부설 | C6: =KP메카니컬접합부설!C20 -> D80㎜ | D6: 1 | E6: nr | G6: =I6+K6+M6 -> #REF! | I6: =KP메카니컬접합부설!I20 -> #REF! | K6: =KP메카니컬접합부설!K20 -> #REF! | M6: =KP메카니컬접합부설!M20 -> #REF!
A7: =KP메카니컬접합부설!A27 -> 4 | B7: =KP메카니컬접합부설!B27 -> K.P메카니컬 접합 및 부설 | C7: =KP메카니컬접합부설!C27 -> D80㎜, 이탈방지압륜 | D7: 1 | E7: nr | G7: =I7+K7+M7 -> #REF! | I7: =KP메카니컬접합부설!I27 -> #REF! | K7: =KP메카니컬접합부설!K27 -> #REF! | M7: =KP메카니컬접합부설!M27 -> #REF!
A8: =KP메카니컬접합부설!A35 -> 5 | B8: =KP메카니컬접합부설!B35 -> K.P메카니컬 접합 및 부설 | C8: =KP메카니컬접합부설!C35 -> D100㎜(인력) | D8: 1 | E8: nr | G8: =I8+K8+M8 -> #REF! | I8: =KP메카니컬접합부설!I35 -> #REF! | K8: =KP메카니컬접합부설!K35 -> #REF! | M8: =KP메카니컬접합부설!M35 -> #REF!
A9: =KP메카니컬접합부설!A42 -> 6 | B9: =KP메카니컬접합부설!B42 -> K.P메카니컬 접합 및 부설 | C9: =KP메카니컬접합부설!C42 -> D100㎜(인력), 이탈방지압륜 | D9: 1 | E9: nr | G9: =I9+K9+M9 -> #REF! | I9: =KP메카니컬접합부설!I42 -> #REF! | K9: =KP메카니컬접합부설!K42 -> #REF! | M9: =KP메카니컬접합부설!M42 -> #REF!
A10: =KP메카니컬접합부설!A50 -> 7 | B10: =KP메카니컬접합부설!B50 -> K.P메카니컬 접합 및 부설 | C10: =KP메카니컬접합부설!C50 -> D100㎜이하 | D10: 1 | E10: nr | G10: =I10+K10+M10 -> #REF! | I10: =KP메카니컬접합부설!I50 -> #REF! | K10: =KP메카니컬접합부설!K50 -> #REF! | M10: =KP메카니컬접합부설!M50 -> #REF!
A11: =KP메카니컬접합부설!A57 -> 8 | B11: =KP메카니컬접합부설!B57 -> K.P메카니컬 접합 및 부설 | C11: =KP메카니컬접합부설!C57 -> D100㎜, 이탈방지압륜 | D11: 1 | E11: nr | G11: =I11+K11+M11 -> #REF! | I11: =KP메카니컬접합부설!I57 -> #REF! | K11: =KP메카니컬접합부설!K57 -> #REF! | M11: =KP메카니컬접합부설!M57 -> #REF!
A12: =KP메카니컬접합부설!A65 -> 9 | B12: =KP메카니컬접합부설!B65 -> K.P메카니컬 접합 및 부설 | C12: =KP메카니컬접합부설!C65 -> D150㎜(인력) | D12: 1 | E12: nr | G12: =I12+K12+M12 -> #REF! | I12: =KP메카니컬접합부설!I65 -> #REF! | K12: =KP메카니컬접합부설!K65 -> #REF! | M12: =KP메카니컬접합부설!M65 -> #REF!
A13: =KP메카니컬접합부설!A72 -> 10 | B13: =KP메카니컬접합부설!B72 -> K.P메카니컬 접합 및 부설 | C13: =KP메카니컬접합부설!C72 -> D150㎜(인력), 이탈방지압륜 | D13: 1 | E13: nr | G13: =I13+K13+M13 -> #REF! | I13: =KP메카니컬접합부설!I72 -> #REF! | K13: =KP메카니컬접합부설!K72 -> #REF! | M13: =KP메카니컬접합부설!M72 -> #REF!
A14: =KP메카니컬접합부설!A80 -> 11 | B14: =KP메카니컬접합부설!B80 -> K.P메카니컬 접합 및 부설 | C14: =KP메카니컬접합부설!C80 -> D150㎜ | D14: 1 | E14: nr | G14: =I14+K14+M14 -> #REF! | I14: =KP메카니컬접합부설!I80 -> #REF! | K14: =KP메카니컬접합부설!K80 -> #REF! | M14: =KP메카니컬접합부설!M80 -> #REF!
A15: =KP메카니컬접합부설!A87 -> 12 | B15: =KP메카니컬접합부설!B87 -> K.P메카니컬 접합 및 부설 | C15: =KP메카니컬접합부설!C87 -> D150㎜, 이탈방지압륜 | D15: 1 | E15: nr | G15: =I15+K15+M15 -> #REF! | I15: =KP메카니컬접합부설!I87 -> #REF! | K15: =KP메카니컬접합부설!K87 -> #REF! | M15: =KP메카니컬접합부설!M87 -> #REF!
A16: =KP메카니컬접합부설!A95 -> 13 | B16: =KP메카니컬접합부설!B95 -> K.P메카니컬 접합 및 부설 | C16: =KP메카니컬접합부설!C95 -> D200㎜ | D16: 1 | E16: nr | G16: =I16+K16+M16 -> #REF! | I16: =KP메카니컬접합부설!I95 -> #REF! | K16: =KP메카니컬접합부설!K95 -> #REF! | M16: =KP메카니컬접합부설!M95 -> #REF!
A17: =KP메카니컬접합부설!A102 -> 14 | B17: =KP메카니컬접합부설!B102 -> K.P메카니컬 접합 및 부설 | C17: =KP메카니컬접합부설!C102 -> D200㎜, 이탈방지압륜 | D17: 1 | E17: nr | G17: =I17+K17+M17 -> #REF! | I17: =KP메카니컬접합부설!I102 -> #REF! | K17: =KP메카니컬접합부설!K102 -> #REF! | M17: =KP메카니컬접합부설!M102 -> #REF!
A18: =KP메카니컬접합부설!A110 -> 15 | B18: =KP메카니컬접합부설!B110 -> K.P메카니컬 접합 및 부설 | C18: =KP메카니컬접합부설!C110 -> D250㎜ | D18: 1 | E18: nr | G18: =I18+K18+M18 -> #REF! | I18: =KP메카니컬접합부설!I110 -> #REF! | K18: =KP메카니컬접합부설!K110 -> #REF! | M18: =KP메카니컬접합부설!M110 -> #REF!
A19: =KP메카니컬접합부설!A117 -> 16 | B19: =KP메카니컬접합부설!B117 -> K.P메카니컬 접합 및 부설 | C19: =KP메카니컬접합부설!C117 -> D250㎜, 이탈방지압륜 | D19: 1 | E19: nr | G19: =I19+K19+M19 -> #REF! | I19: =KP메카니컬접합부설!I117 -> #REF! | K19: =KP메카니컬접합부설!K117 -> #REF! | M19: =KP메카니컬접합부설!M117 -> #REF!
A20: =KP메카니컬접합부설!A125 -> 17 | B20: =KP메카니컬접합부설!B125 -> K.P메카니컬 접합 및 부설 | C20: =KP메카니컬접합부설!C125 -> D300㎜ | D20: 1 | E20: nr | G20: =I20+K20+M20 -> #REF! | I20: =KP메카니컬접합부설!I125 -> #REF! | K20: =KP메카니컬접합부설!K125 -> #REF! | M20: =KP메카니컬접합부설!M125 -> #REF!
A21: =KP메카니컬접합부설!A132 -> 18 | B21: =KP메카니컬접합부설!B132 -> K.P메카니컬 접합 및 부설 | C21: =KP메카니컬접합부설!C132 -> D300㎜, 이탈방지압륜 | D21: 1 | E21: nr | G21: =I21+K21+M21 -> #REF! | I21: =KP메카니컬접합부설!I132 -> #REF! | K21: =KP메카니컬접합부설!K132 -> #REF! | M21: =KP메카니컬접합부설!M132 -> #REF!
A22: =KP메카니컬접합부설!A140 -> 19 | B22: =KP메카니컬접합부설!B140 -> K.P메카니컬 접합 및 부설 | C22: =KP메카니컬접합부설!C140 -> D350㎜ | D22: 1 | E22: nr | G22: =I22+K22+M22 -> #REF! | I22: =KP메카니컬접합부설!I140 -> #REF! | K22: =KP메카니컬접합부설!K140 -> #REF! | M22: =KP메카니컬접합부설!M140 -> #REF!
A23: =KP메카니컬접합부설!A147 -> 20 | B23: =KP메카니컬접합부설!B147 -> K.P메카니컬 접합 및 부설 | C23: =KP메카니컬접합부설!C147 -> D350㎜, 이탈방지압륜 | D23: 1 | E23: nr | G23: =I23+K23+M23 -> #REF! | I23: =KP메카니컬접합부설!I147 -> #REF! | K23: =KP메카니컬접합부설!K147 -> #REF! | M23: =KP메카니컬접합부설!M147 -> #REF!
A24: =KP메카니컬접합부설!A155 -> 21 | B24: =KP메카니컬접합부설!B155 -> K.P메카니컬 접합 및 부설 | C24: =KP메카니컬접합부설!C155 -> D400㎜ | D24: 1 | E24: nr | G24: =I24+K24+M24 -> #REF! | I24: =KP메카니컬접합부설!I155 -> #REF! | K24: =KP메카니컬접합부설!K155 -> #REF! | M24: =KP메카니컬접합부설!M155 -> #REF!
A25: =KP메카니컬접합부설!A162 -> 22 | B25: =KP메카니컬접합부설!B162 -> K.P메카니컬 접합 및 부설 | C25: =KP메카니컬접합부설!C162 -> D400㎜, 이탈방지압륜 | D25: 1 | E25: nr | G25: =I25+K25+M25 -> #REF! | I25: =KP메카니컬접합부설!I162 -> #REF! | K25: =KP메카니컬접합부설!K162 -> #REF! | M25: =KP메카니컬접합부설!M162 -> #REF!
A26: =KP메카니컬접합부설!A170 -> 23 | B26: =KP메카니컬접합부설!B170 -> K.P메카니컬 접합 및 부설 | C26: =KP메카니컬접합부설!C170 -> D450㎜ | D26: 1 | E26: nr | G26: =I26+K26+M26 -> #REF! | I26: =KP메카니컬접합부설!I170 -> #REF! | K26: =KP메카니컬접합부설!K170 -> #REF! | M26: =KP메카니컬접합부설!M170 -> #REF!
A27: =KP메카니컬접합부설!A177 -> 24 | B27: =KP메카니컬접합부설!B177 -> K.P메카니컬 접합 및 부설 | C27: =KP메카니컬접합부설!C177 -> D450㎜, 이탈방지압륜 | D27: 1 | E27: nr | G27: =I27+K27+M27 -> #REF! | I27: =KP메카니컬접합부설!I177 -> #REF! | K27: =KP메카니컬접합부설!K177 -> #REF! | M27: =KP메카니컬접합부설!M177 -> #REF!
A28: =KP메카니컬접합부설!A185 -> 25 | B28: =KP메카니컬접합부설!B185 -> K.P메카니컬 접합 및 부설 | C28: =KP메카니컬접합부설!C185 -> D500㎜ | D28: 1 | E28: nr | G28: =I28+K28+M28 -> #REF! | I28: =KP메카니컬접합부설!I185 -> #REF! | K28: =KP메카니컬접합부설!K185 -> #REF! | M28: =KP메카니컬접합부설!M185 -> #REF!
A29: =KP메카니컬접합부설!A192 -> 26 | B29: =KP메카니컬접합부설!B192 -> K.P메카니컬 접합 및 부설 | C29: =KP메카니컬접합부설!C192 -> D500㎜, 이탈방지압륜 | D29: 1 | E29: nr | G29: =I29+K29+M29 -> #REF! | I29: =KP메카니컬접합부설!I192 -> #REF! | K29: =KP메카니컬접합부설!K192 -> #REF! | M29: =KP메카니컬접합부설!M192 -> #REF!
A30: =KP메카니컬접합부설!A200 -> 27 | B30: =KP메카니컬접합부설!B200 -> K.P메카니컬 접합 및 부설 | C30: =KP메카니컬접합부설!C200 -> D600㎜ | D30: 1 | E30: nr | G30: =I30+K30+M30 -> #REF! | I30: =KP메카니컬접합부설!I200 -> #REF! | K30: =KP메카니컬접합부설!K200 -> #REF! | M30: =KP메카니컬접합부설!M200 -> #REF!
A31: =KP메카니컬접합부설!A207 -> 28 | B31: =KP메카니컬접합부설!B207 -> K.P메카니컬 접합 및 부설 | C31: =KP메카니컬접합부설!C207 -> D600㎜, 이탈방지압륜 | D31: 1 | E31: nr | G31: =I31+K31+M31 -> #REF! | I31: =KP메카니컬접합부설!I207 -> #REF! | K31: =KP메카니컬접합부설!K207 -> #REF! | M31: =KP메카니컬접합부설!M207 -> #REF!
A32: =KP메카니컬접합부설!A215 -> 29 | B32: =KP메카니컬접합부설!B215 -> K.P메카니컬 접합 및 부설 | C32: =KP메카니컬접합부설!C215 -> D700㎜ | D32: 1 | E32: 개소 | G32: =I32+K32+M32 -> #REF! | I32: =KP메카니컬접합부설!I215 -> #REF! | K32: =KP메카니컬접합부설!K215 -> #REF! | M32: =KP메카니컬접합부설!M215 -> #REF!
A33: =KP메카니컬접합부설!A222 -> 30 | B33: =KP메카니컬접합부설!B222 -> K.P메카니컬 접합 및 부설 | C33: =KP메카니컬접합부설!C222 -> D700㎜, 이탈방지압륜 | D33: 1 | E33: 개소 | G33: =I33+K33+M33 -> #REF! | I33: =KP메카니컬접합부설!I222 -> #REF! | K33: =KP메카니컬접합부설!K222 -> #REF! | M33: =KP메카니컬접합부설!M222 -> #REF!
A34: =KP메카니컬접합부설!A230 -> 31 | B34: =KP메카니컬접합부설!B230 -> K.P메카니컬 접합 및 부설 | C34: =KP메카니컬접합부설!C230 -> D800㎜ | D34: 1 | E34: 개소 | G34: =I34+K34+M34 -> #REF! | I34: =KP메카니컬접합부설!I230 -> #REF! | K34: =KP메카니컬접합부설!K230 -> #REF! | M34: =KP메카니컬접합부설!M230 -> #REF!
A35: =KP메카니컬접합부설!A237 -> 32 | B35: =KP메카니컬접합부설!B237 -> K.P메카니컬 접합 및 부설 | C35: =KP메카니컬접합부설!C237 -> D800㎜, 이탈방지압륜 | D35: 1 | E35: 개소 | G35: =I35+K35+M35 -> #REF! | I35: =KP메카니컬접합부설!I237 -> #REF! | K35: =KP메카니컬접합부설!K237 -> #REF! | M35: =KP메카니컬접합부설!M237 -> #REF!
A36: =KP메카니컬접합부설!A245 -> 33 | B36: =KP메카니컬접합부설!B245 -> K.P메카니컬 접합 및 부설 | C36: =KP메카니컬접합부설!C245 -> D900㎜ | D36: 1 | E36: 개소 | G36: =I36+K36+M36 -> #REF! | I36: =KP메카니컬접합부설!I245 -> #REF! | K36: =KP메카니컬접합부설!K245 -> #REF! | M36: =KP메카니컬접합부설!M245 -> #REF!
A37: =KP메카니컬접합부설!A252 -> 34 | B37: =KP메카니컬접합부설!B252 -> K.P메카니컬 접합 및 부설 | C37: =KP메카니컬접합부설!C252 -> D900㎜, 이탈방지압륜 | D37: 1 | E37: 개소 | G37: =I37+K37+M37 -> #REF! | I37: =KP메카니컬접합부설!I252 -> #REF! | K37: =KP메카니컬접합부설!K252 -> #REF! | M37: =KP메카니컬접합부설!M252 -> #REF!
A38: =KP메카니컬접합부설!A260 -> 35 | B38: =KP메카니컬접합부설!B260 -> K.P메카니컬 접합 및 부설 | C38: =KP메카니컬접합부설!C260 -> D1000㎜ | D38: 1 | E38: 개소 | G38: =I38+K38+M38 -> #REF! | I38: =KP메카니컬접합부설!I260 -> #REF! | K38: =KP메카니컬접합부설!K260 -> #REF! | M38: =KP메카니컬접합부설!M260 -> #REF!
A39: =KP메카니컬접합부설!A267 -> 36 | B39: =KP메카니컬접합부설!B267 -> K.P메카니컬 접합 및 부설 | C39: =KP메카니컬접합부설!C267 -> D1000㎜, 이탈방지압륜 | D39: 1 | E39: 개소 | G39: =I39+K39+M39 -> #REF! | I39: =KP메카니컬접합부설!I267 -> #REF! | K39: =KP메카니컬접합부설!K267 -> #REF! | M39: =KP메카니컬접합부설!M267 -> #REF!
A40: =KP메카니컬접합부설!A275 -> 37 | B40: =KP메카니컬접합부설!B275 -> K.P메카니컬 접합 및 부설 | C40: =KP메카니컬접합부설!C275 -> D1100㎜ | D40: 1 | E40: 개소 | G40: =I40+K40+M40 -> #REF! | I40: =KP메카니컬접합부설!I275 -> #REF! | K40: =KP메카니컬접합부설!K275 -> #REF! | M40: =KP메카니컬접합부설!M275 -> #REF!
A41: =KP메카니컬접합부설!A282 -> 38 | B41: =KP메카니컬접합부설!B282 -> K.P메카니컬 접합 및 부설 | C41: =KP메카니컬접합부설!C282 -> D1100㎜, 이탈방지압륜 | D41: 1 | E41: 개소 | G41: =I41+K41+M41 -> #REF! | I41: =KP메카니컬접합부설!I282 -> #REF! | K41: =KP메카니컬접합부설!K282 -> #REF! | M41: =KP메카니컬접합부설!M282 -> #REF!
A42: =KP메카니컬접합부설!A290 -> 39 | B42: =KP메카니컬접합부설!B290 -> K.P메카니컬 접합 및 부설 | C42: =KP메카니컬접합부설!C290 -> D1200㎜ | D42: 1 | E42: 개소 | G42: =I42+K42+M42 -> #REF! | I42: =KP메카니컬접합부설!I290 -> #REF! | K42: =KP메카니컬접합부설!K290 -> #REF! | M42: =KP메카니컬접합부설!M290 -> #REF!
A43: =KP메카니컬접합부설!A297 -> 40 | B43: =KP메카니컬접합부설!B297 -> K.P메카니컬 접합 및 부설 | C43: =KP메카니컬접합부설!C297 -> D1200㎜, 이탈방지압륜 | D43: 1 | E43: 개소 | G43: =I43+K43+M43 -> #REF! | I43: =KP메카니컬접합부설!I297 -> #REF! | K43: =KP메카니컬접합부설!K297 -> #REF! | M43: =KP메카니컬접합부설!M297 -> #REF!
A44: =절단!A5 -> 41 | B44: =절단!B5 -> 주철관 절단 | C44: =절단!C5 -> D80㎜ | D44: 1 | E44: 개소 | G44: =I44+K44+M44 -> 0 | I44: =절단!I5 -> 0 | K44: =절단!K5 -> 0 | L44: =절단!L5 -> 0 | M44: =절단!M5 -> 0
A45: =절단!A9 -> 42 | B45: =절단!B9 -> 주철관 절단 | C45: =절단!C9 -> D100㎜ | D45: 1 | E45: 개소 | G45: =I45+K45+M45 -> 22056 | I45: =절단!I9 -> 0 | K45: =절단!K9 -> 21006 | M45: =절단!M9 -> 1050
A46: =절단!A13 -> 43 | B46: =절단!B13 -> 주철관 절단 | C46: =절단!C13 -> D150㎜ | D46: 1 | E46: 개소 | G46: =I46+K46+M46 -> 27570 | I46: =절단!I13 -> 0 | K46: =절단!K13 -> 26258 | M46: =절단!M13 -> 1312
A47: =절단!A17 -> 44 | B47: =절단!B17 -> 주철관 절단 | C47: =절단!C17 -> D200㎜ | D47: 1 | E47: 개소 | G47: =I47+K47+M47 -> 33084 | I47: =절단!I17 -> 0 | K47: =절단!K17 -> 31509 | M47: =절단!M17 -> 1575
A48: =절단!A21 -> 45 | B48: =절단!B21 -> 주철관 절단 | C48: =절단!C21 -> D250㎜ | D48: 1 | E48: 개소 | G48: =I48+K48+M48 -> 38599 | I48: =절단!I21 -> 0 | K48: =절단!K21 -> 36761 | M48: =절단!M21 -> 1838
A49: =절단!A25 -> 46 | B49: =절단!B25 -> 주철관 절단 | C49: =절단!C25 -> D300㎜ | D49: 1 | E49: 개소 | G49: =I49+K49+M49 -> 44112 | I49: =절단!I25 -> 0 | K49: =절단!K25 -> 42012 | M49: =절단!M25 -> 2100
A50: =절단!A29 -> 47 | B50: =절단!B29 -> 주철관 절단 | C50: =절단!C29 -> D400㎜ | D50: 1 | E50: 개소 | G50: =I50+K50+M50 -> 55141 | I50: =절단!I29 -> 0 | K50: =절단!K29 -> 52516 | M50: =절단!M29 -> 2625
A51: =절단!A33 -> 48 | B51: =절단!B33 -> 주철관 절단 | C51: =절단!C33 -> D450㎜ | D51: 1 | E51: 개소 | G51: =I51+K51+M51 -> 60655 | I51: =절단!I33 -> 0 | K51: =절단!K33 -> 57767 | M51: =절단!M33 -> 2888
A52: =절단!A37 -> 49 | B52: =절단!B37 -> 주철관 절단 | C52: =절단!C37 -> D500㎜ | D52: 1 | E52: 개소 | G52: =I52+K52+M52 -> 66169 | I52: =절단!I37 -> 0 | K52: =절단!K37 -> 63019 | M52: =절단!M37 -> 3150
A53: =절단!A41 -> 50 | B53: =절단!B41 -> 주철관 절단 | C53: =절단!C41 -> D600㎜ | D53: 1 | E53: 개소 | G53: =I53+K53+M53 -> 77198 | I53: =절단!I41 -> 0 | K53: =절단!K41 -> 73522 | M53: =절단!M41 -> 3676
A54: =절단!A45 -> 51 | B54: =절단!B45 -> 주철관 절단 | C54: =절단!C45 -> D700㎜ | D54: 1 | E54: 개소 | G54: =I54+K54+M54 -> 88226 | I54: =절단!I45 -> 0 | K54: =절단!K45 -> 84025 | M54: =절단!M45 -> 4201
A55: =절단!A49 -> 52 | B55: =절단!B49 -> 주철관 절단 | C55: =절단!C49 -> D800㎜ | D55: 1 | E55: 개소 | G55: =I55+K55+M55 -> 99254 | I55: =절단!I49 -> 0 | K55: =절단!K49 -> 94528 | M55: =절단!M49 -> 4726
A56: =절단!A53 -> 53 | B56: =절단!B53 -> 주철관 절단 | C56: =절단!C53 -> D900㎜ | D56: 1 | E56: 개소 | G56: =I56+K56+M56 -> 110283 | I56: =절단!I53 -> 0 | K56: =절단!K53 -> 105032 | M56: =절단!M53 -> 5251
A57: =절단!A57 -> 54 | B57: =절단!B57 -> 주철관 절단 | C57: =절단!C57 -> D1000㎜ | D57: 1 | E57: 개소 | G57: =I57+K57+M57 -> 121311 | I57: =절단!I57 -> 0 | K57: =절단!K57 -> 115535 | M57: =절단!M57 -> 5776
A58: =절단!A61 -> 55 | B58: =절단!B61 -> 주철관 절단 | C58: =절단!C61 -> D1100㎜ | D58: 1 | E58: 개소 | G58: =I58+K58+M58 -> 132339 | I58: =절단!I61 -> 0 | K58: =절단!K61 -> 126038 | M58: =절단!M61 -> 6301
A59: =절단!A65 -> 56 | B59: =절단!B65 -> 주철관 절단 | C59: =절단!C65 -> D1200㎜ | D59: 1 | E59: 개소 | G59: =I59+K59+M59 -> 143368 | I59: =절단!I65 -> 0 | K59: =절단!K65 -> 136541 | M59: =절단!M65 -> 6827

Sheet KP메카니컬접합부설
A1: 일위대가_호표_주철관부설
A2: 공 종 명 | C2: 규 격 | D2: 수량 | E2: 단위 | F2: 합 계 | H2: 재 료 비 | J2: 노 무 비 | L2: 경 비 | N2: 비 고
F3: 단 가 | G3: 금 액 | H3: 단 가 | I3: 금 액 | J3: 단 가 | K3: 금 액 | L3: 단 가 | M3: 금 액
A5: 1 | B5: K.P메카니컬 접합 및 부설 | C5: D80㎜(인력) | D5: 1 | E5: 본 | G5: =I5+K5+M5 -> #REF! | I5: =TRUNC(I10,0) -> #REF! | K5: =TRUNC(K10,0) -> #REF! | M5: =TRUNC(M10,0) -> #REF! | N5: 토목6-2-2
B6: 배 관 공 | C6: 수도 | D6: 3 | E6: 인 | F6: =H6+J6+L6 -> 262580 | G6: =I6+K6+M6 -> 787740 | H6: 0 | J6: =노임!$D$10 -> 262580 | K6: =TRUNC(J6*D6,1) -> 787740 | L6: 0
B7: 보통인부 | D7: 1 | E7: 인 | F7: =H7+J7+L7 -> 172068 | G7: =I7+K7+M7 -> 172068 | H7: 0 | J7: =노임!$D$3 -> 172068 | K7: =TRUNC(J7*D7,1) -> 172068 | L7: 0
B8: 트럭탑제형 크레인 | C8: 10 TON | E8: HR | F8: =H8+J8+L8 -> #REF! | G8: =I8+K8+M8 -> #REF! | H8: =#REF! -> #REF! | I8: =TRUNC(H8*D8,1) -> #REF! | J8: =#REF! -> #REF! | K8: =TRUNC(J8*D8,1) -> #REF! | L8: =#REF! -> #REF! | M8: =TRUNC(L8*D8,1) -> #REF!
B9: 공구손료 및 잡재료 | C9: 노무비의 % | D9: 4 | E9: % | M9: =TRUNC((K6+K7)*D9%,1) -> 38392.3
B10: 일 시공량 | C10: 13 | D10: =ROUND(1/C10,4) -> 0.0769 | E10: 일/본 | G10: =I10+K10+M10 -> #REF! | I10: =TRUNC(SUM(I6:I9)*$D10,1) -> #REF! | K10: =TRUNC(SUM(K6:K9)*$D10,1) -> #REF! | M10: =TRUNC(SUM(M6:M9)*$D10,1) -> #REF!
A12: =A5+1 -> 2 | B12: K.P메카니컬 접합 및 부설 | C12: D80㎜(인력), 이탈방지압륜 | D12: 1 | E12: 본 | G12: =I12+K12+M12 -> #REF! | I12: =SUM(I17:I18) -> #REF! | K12: =SUM(K17:K18) -> #REF! | M12: =SUM(M17:M18) -> #REF! | N12: =N5 -> 토목6-2-2
B13: 배 관 공 | C13: 수도 | D13: 3 | E13: 인 | F13: =H13+J13+L13 -> 262580 | G13: =I13+K13+M13 -> 787740 | H13: 0 | J13: =노임!$D$10 -> 262580 | K13: =TRUNC(J13*D13,1) -> 787740 | L13: 0
B14: 보통인부 | D14: 1 | E14: 인 | F14: =H14+J14+L14 -> 172068 | G14: =I14+K14+M14 -> 172068 | H14: 0 | J14: =노임!$D$3 -> 172068 | K14: =TRUNC(J14*D14,1) -> 172068 | L14: 0
B15: 트럭탑제형 크레인 | C15: 10 TON | E15: HR | F15: =H15+J15+L15 -> #REF! | G15: =I15+K15+M15 -> #REF! | H15: =#REF! -> #REF! | I15: =TRUNC(H15*D15,1) -> #REF! | J15: =#REF! -> #REF! | K15: =TRUNC(J15*D15,1) -> #REF! | L15: =#REF! -> #REF! | M15: =TRUNC(L15*D15,1) -> #REF!
B16: 공구손료 및 잡재료 | C16: 노무비의 % | D16: 4 | E16: % | M16: =TRUNC((K13+K14)*D16%,1) -> 38392.3
B17: 일 시공량 | C17: 13 | D17: =ROUND(1/C17,4) -> 0.0769 | E17: 일/본 | G17: =I17+K17+M17 -> #REF! | I17: =TRUNC(SUM(I13:I16)*$D17,1) -> #REF! | K17: =TRUNC(SUM(K13:K16)*$D17,1) -> #REF! | M17: =TRUNC(SUM(M13:M16)*$D17,1) -> #REF!
B18: 이탈방지압륜 할증 | C18: 노무비의 % | D18: 30 | E18: % | G18: =I18+K18+M18 -> #REF! | I18: =TRUNC(I17*$D18%,1) -> #REF! | K18: =TRUNC(K17*$D18%,1) -> #REF! | M18: =TRUNC(M17*$D18%,1) -> #REF!
A20: =A12+1 -> 3 | B20: K.P메카니컬 접합 및 부설 | C20: D80㎜ | D20: 1 | E20: 본 | G20: =I20+K20+M20 -> #REF! | I20: =TRUNC(I25,0) -> #REF! | K20: =TRUNC(K25,0) -> #REF! | M20: =TRUNC(M25,0) -> #REF! | N20: =N5 -> 토목6-2-2
B21: 배 관 공 | C21: 수도 | E21: 인 | F21: =H21+J21+L21 -> 262580 | G21: =I21+K21+M21 -> 0 | H21: 0 | J21: =노임!$D$10 -> 262580 | K21: =TRUNC(J21*D21,1) -> 0 | L21: 0
B22: 보통인부 | E22: 인 | F22: =H22+J22+L22 -> 172068 | G22: =I22+K22+M22 -> 0 | H22: 0 | J22: =노임!$D$3 -> 172068 | K22: =TRUNC(J22*D22,1) -> 0 | L22: 0
B23: 트럭탑제형 크레인 | C23: 10 TON | E23: HR | F23: =H23+J23+L23 -> #REF! | G23: =I23+K23+M23 -> #REF! | H23: =#REF! -> #REF! | I23: =TRUNC(H23*D23,1) -> #REF! | J23: =#REF! -> #REF! | K23: =TRUNC(J23*D23,1) -> #REF! | L23: =#REF! -> #REF! | M23: =TRUNC(L23*D23,1) -> #REF!
B24: 공구손료 및 잡재료 | C24: 노무비의 % | D24: 4 | E24: % | M24: =TRUNC((K21+K22)*D24%,1) -> 0
B25: 일 시공량 | C25: 17 | D25: =ROUND(1/C25,4) -> 0.0588 | E25: 일/본 | G25: =I25+K25+M25 -> #REF! | I25: =TRUNC(SUM(I21:I24)*$D25,1) -> #REF! | K25: =TRUNC(SUM(K21:K24)*$D25,1) -> #REF! | M25: =TRUNC(SUM(M21:M24)*$D25,1) -> #REF!
A27: =A20+1 -> 4 | B27: K.P메카니컬 접합 및 부설 | C27: D80㎜, 이탈방지압륜 | D27: 1 | E27: 본 | G27: =I27+K27+M27 -> #REF! | I27: =SUM(I32:I33) -> #REF! | K27: =SUM(K32:K33) -> #REF! | M27: =SUM(M32:M33) -> #REF! | N27: =N20 -> 토목6-2-2
B28: 배 관 공 | C28: 수도 | E28: 인 | F28: =H28+J28+L28 -> 262580 | G28: =I28+K28+M28 -> 0 | H28: 0 | J28: =노임!$D$10 -> 262580 | K28: =TRUNC(J28*D28,1) -> 0 | L28: 0
B29: 보통인부 | E29: 인 | F29: =H29+J29+L29 -> 172068 | G29: =I29+K29+M29 -> 0 | H29: 0 | J29: =노임!$D$3 -> 172068 | K29: =TRUNC(J29*D29,1) -> 0 | L29: 0
B30: 트럭탑제형 크레인 | C30: 10 TON | E30: HR | F30: =H30+J30+L30 -> #REF! | G30: =I30+K30+M30 -> #REF! | H30: =#REF! -> #REF! | I30: =TRUNC(H30*D30,1) -> #REF! | J30: =#REF! -> #REF! | K30: =TRUNC(J30*D30,1) -> #REF! | L30: =#REF! -> #REF! | M30: =TRUNC(L30*D30,1) -> #REF!
B31: 공구손료 및 잡재료 | C31: 노무비의 % | D31: 4 | E31: % | M31: =TRUNC((K28+K29)*D31%,1) -> 0
B32: 일 시공량 | C32: 17 | D32: =ROUND(1/C32,4) -> 0.0588 | E32: 일/본 | G32: =I32+K32+M32 -> #REF! | I32: =TRUNC(SUM(I28:I31)*$D32,1) -> #REF! | K32: =TRUNC(SUM(K28:K31)*$D32,1) -> #REF! | M32: =TRUNC(SUM(M28:M31)*$D32,1) -> #REF!
B33: 이탈방지압륜 할증 | C33: 노무비의 % | D33: 30 | E33: % | G33: =I33+K33+M33 -> #REF! | I33: =TRUNC(I32*$D33%,1) -> #REF! | K33: =TRUNC(K32*$D33%,1) -> #REF! | M33: =TRUNC(M32*$D33%,1) -> #REF!
A35: =A27+1 -> 5 | B35: K.P메카니컬 접합 및 부설 | C35: D100㎜(인력) | D35: 1 | E35: 본 | G35: =I35+K35+M35 -> #REF! | I35: =TRUNC(I40,0) -> #REF! | K35: =TRUNC(K40,0) -> #REF! | M35: =TRUNC(M40,0) -> #REF! | N35: =N5 -> 토목6-2-2
B36: 배 관 공 | C36: 수도 | D36: 3 | E36: 인 | F36: =H36+J36+L36 -> 262580 | G36: =I36+K36+M36 -> 787740 | H36: 0 | J36: =노임!D10 -> 262580 | K36: =TRUNC(J36*D36,1) -> 787740 | L36: 0
B37: 보통인부 | D37: 1 | E37: 인 | F37: =H37+J37+L37 -> 172068 | G37: =I37+K37+M37 -> 172068 | H37: 0 | J37: =노임!D3 -> 172068 | K37: =TRUNC(J37*D37,1) -> 172068 | L37: 0
B38: 트럭탑제형 크레인 | C38: 10 TON | E38: HR | F38: =H38+J38+L38 -> #REF! | G38: =I38+K38+M38 -> #REF! | H38: =#REF! -> #REF! | I38: =TRUNC(H38*D38,1) -> #REF! | J38: =#REF! -> #REF! | K38: =TRUNC(J38*D38,1) -> #REF! | L38: =#REF! -> #REF! | M38: =TRUNC(L38*D38,1) -> #REF!
B39: 공구손료 및 잡재료 | C39: 노무비의 % | D39: 4 | E39: % | M39: =TRUNC((K36+K37)*D39%,1) -> 38392.3
B40: 일 시공량 | C40: 12 | D40: =ROUND(1/C40,4) -> 0.0833 | E40: 일/본 | G40: =I40+K40+M40 -> #REF! | I40: =TRUNC(SUM(I36:I39)*$D40,1) -> #REF! | K40: =TRUNC(SUM(K36:K39)*$D40,1) -> #REF! | M40: =TRUNC(SUM(M36:M39)*$D40,1) -> #REF!
A42: =A35+1 -> 6 | B42: K.P메카니컬 접합 및 부설 | C42: D100㎜(인력), 이탈방지압륜 | D42: 1 | E42: 본 | G42: =I42+K42+M42 -> #REF! | I42: =SUM(I47:I48) -> #REF! | K42: =SUM(K47:K48) -> #REF! | M42: =SUM(M47:M48) -> #REF! | N42: =N35 -> 토목6-2-2
B43: 배 관 공 | C43: 수도 | D43: 3 | E43: 인 | F43: =H43+J43+L43 -> 262580 | G43: =I43+K43+M43 -> 787740 | H43: 0 | J43: =노임!$D$10 -> 262580 | K43: =TRUNC(J43*D43,1) -> 787740 | L43: 0
B44: 보통인부 | D44: 1 | E44: 인 | F44: =H44+J44+L44 -> 172068 | G44: =I44+K44+M44 -> 172068 | H44: 0 | J44: =노임!$D$3 -> 172068 | K44: =TRUNC(J44*D44,1) -> 172068 | L44: 0
B45: 트럭탑제형 크레인 | C45: 10 TON | E45: HR | F45: =H45+J45+L45 -> #REF! | G45: =I45+K45+M45 -> #REF! | H45: =#REF! -> #REF! | I45: =TRUNC(H45*D45,1) -> #REF! | J45: =#REF! -> #REF! | K45: =TRUNC(J45*D45,1) -> #REF! | L45: =#REF! -> #REF! | M45: =TRUNC(L45*D45,1) -> #REF!
B46: 공구손료 및 잡재료 | C46: 노무비의 % | D46: 4 | E46: % | M46: =TRUNC((K43+K44)*D46%,1) -> 38392.3
B47: 일 시공량 | C47: 12 | D47: =ROUND(1/C47,4) -> 0.0833 | E47: 일/본 | G47: =I47+K47+M47 -> #REF! | I47: =TRUNC(SUM(I43:I46)*$D47,1) -> #REF! | K47: =TRUNC(SUM(K43:K46)*$D47,1) -> #REF! | M47: =TRUNC(SUM(M43:M46)*$D47,1) -> #REF!
B48: 이탈방지압륜 할증 | C48: 노무비의 % | D48: 30 | E48: % | G48: =I48+K48+M48 -> #REF! | I48: =TRUNC(I47*$D48%,1) -> #REF! | K48: =TRUNC(K47*$D48%,1) -> #REF! | M48: =TRUNC(M47*$D48%,1) -> #REF!
A50: =A42+1 -> 7 | B50: K.P메카니컬 접합 및 부설 | C50: D100㎜이하 | D50: 1 | E50: 본 | G50: =I50+K50+M50 -> #REF! | I50: =TRUNC(I55,0) -> #REF! | K50: =TRUNC(K55,0) -> #REF! | M50: =TRUNC(M55,0) -> #REF! | N50: =N35 -> 토목6-2-2
B51: 배 관 공 | C51: 수도 | E51: 인 | F51: =H51+J51+L51 -> 197788 | G51: =I51+K51+M51 -> 0 | H51: 0 | J51: =노임!D15 -> 197788 | K51: =TRUNC(J51*D51,1) -> 0 | L51: 0
B52: 보통인부 | E52: 인 | F52: =H52+J52+L52 -> 282536 | G52: =I52+K52+M52 -> 0 | H52: 0 | J52: =노임!D7 -> 282536 | K52: =TRUNC(J52*D52,1) -> 0 | L52: 0
B53: 트럭탑제형 크레인 | C53: 10 TON | E53: HR | F53: =H53+J53+L53 -> #REF! | G53: =I53+K53+M53 -> #REF! | H53: =#REF! -> #REF! | I53: =TRUNC(H53*D53,1) -> #REF! | J53: =#REF! -> #REF! | K53: =TRUNC(J53*D53,1) -> #REF! | L53: =#REF! -> #REF! | M53: =TRUNC(L53*D53,1) -> #REF!
B54: 공구손료 및 잡재료 | C54: 노무비의 % | D54: 4 | E54: % | M54: =TRUNC((K51+K52)*D54%,1) -> 0
B55: 일 시공량 | C55: 17 | D55: =ROUND(1/C55,4) -> 0.0588 | E55: 일/본 | G55: =I55+K55+M55 -> #REF! | I55: =TRUNC(SUM(I51:I54)*$D55,1) -> #REF! | K55: =TRUNC(SUM(K51:K54)*$D55,1) -> #REF! | M55: =TRUNC(SUM(M51:M54)*$D55,1) -> #REF!
A57: =A50+1 -> 8 | B57: K.P메카니컬 접합 및 부설 | C57: D100㎜, 이탈방지압륜 | D57: 1 | E57: 본 | G57: =I57+K57+M57 -> #REF! | I57: =SUM(I62:I63) -> #REF! | K57: =SUM(K62:K63) -> #REF! | M57: =SUM(M62:M63) -> #REF! | N57: =N50 -> 토목6-2-2
B58: 배 관 공 | C58: 수도 | E58: 인 | F58: =H58+J58+L58 -> 262580 | G58: =I58+K58+M58 -> 0 | H58: 0 | J58: =노임!$D$10 -> 262580 | K58: =TRUNC(J58*D58,1) -> 0 | L58: 0
B59: 보통인부 | E59: 인 | F59: =H59+J59+L59 -> 172068 | G59: =I59+K59+M59 -> 0 | H59: 0 | J59: =노임!$D$3 -> 172068 | K59: =TRUNC(J59*D59,1) -> 0 | L59: 0
B60: 트럭탑제형 크레인 | C60: 10 TON | E60: HR | F60: =H60+J60+L60 -> #REF! | G60: =I60+K60+M60 -> #REF! | H60: =#REF! -> #REF! | I60: =TRUNC(H60*D60,1) -> #REF! | J60: =#REF! -> #REF! | K60: =TRUNC(J60*D60,1) -> #REF! | L60: =#REF! -> #REF! | M60: =TRUNC(L60*D60,1) -> #REF!
B61: 공구손료 및 잡재료 | C61: 노무비의 % | D61: 4 | E61: % | M61: =TRUNC((K58+K59)*D61%,1) -> 0
B62: 일 시공량 | C62: 17 | D62: =ROUND(1/C62,4) -> 0.0588 | E62: 일/본 | G62: =I62+K62+M62 -> #REF! | I62: =TRUNC(SUM(I58:I61)*$D62,1) -> #REF! | K62: =TRUNC(SUM(K58:K61)*$D62,1) -> #REF! | M62: =TRUNC(SUM(M58:M61)*$D62,1) -> #REF!
B63: 이탈방지압륜 할증 | C63: 노무비의 % | D63: 30 | E63: % | G63: =I63+K63+M63 -> #REF! | I63: =TRUNC(I62*$D63%,1) -> #REF! | K63: =TRUNC(K62*$D63%,1) -> #REF! | M63: =TRUNC(M62*$D63%,1) -> #REF!
A65: =A57+1 -> 9 | B65: K.P메카니컬 접합 및 부설 | C65: D150㎜(인력) | D65: 1 | E65: 본 | G65: =I65+K65+M65 -> #REF! | I65: =TRUNC(I70,0) -> #REF! | K65: =TRUNC(K70,0) -> #REF! | M65: =TRUNC(M70,0) -> #REF! | N65: =N50 -> 토목6-2-2
B66: 배 관 공 | C66: 수도 | D66: 4 | E66: 인 | F66: =H66+J66+L66 -> 262580 | G66: =I66+K66+M66 -> 1050320 | H66: 0 | J66: =노임!$D$10 -> 262580 | K66: =TRUNC(J66*D66,1) -> 1050320 | L66: 0
B67: 보통인부 | D67: 1 | E67: 인 | F67: =H67+J67+L67 -> 172068 | G67: =I67+K67+M67 -> 172068 | H67: 0 | J67: =노임!$D$3 -> 172068 | K67: =TRUNC(J67*D67,1) -> 172068 | L67: 0
B68: 트럭탑제형 크레인 | C68: 10 TON | E68: HR | F68: =H68+J68+L68 -> #REF! | G68: =I68+K68+M68 -> #REF! | H68: =#REF! -> #REF! | I68: =TRUNC(H68*D68,1) -> #REF! | J68: =#REF! -> #REF! | K68: =TRUNC(J68*D68,1) -> #REF! | L68: =#REF! -> #REF! | M68: =TRUNC(L68*D68,1) -> #REF!
B69: 공구손료 및 잡재료 | C69: 노무비의 % | D69: 4 | E69: % | M69: =TRUNC((K66+K67)*D69%,1) -> 48895.5
B70: 일 시공량 | C70: 9 | D70: =ROUND(1/C70,4) -> 0.1111 | E70: 일/본 | G70: =I70+K70+M70 -> #REF! | I70: =TRUNC(SUM(I66:I69)*$D70,1) -> #REF! | K70: =TRUNC(SUM(K66:K69)*$D70,1) -> #REF! | M70: =TRUNC(SUM(M66:M69)*$D70,1) -> #REF!
A72: =A65+1 -> 10 | B72: K.P메카니컬 접합 및 부설 | C72: D150㎜(인력), 이탈방지압륜 | D72: 1 | E72: 본 | G72: =I72+K72+M72 -> #REF! | I72: =SUM(I77:I78) -> #REF! | K72: =SUM(K77:K78) -> #REF! | M72: =SUM(M77:M78) -> #REF! | N72: =N65 -> 토목6-2-2
B73: 배 관 공 | C73: 수도 | D73: 4 | E73: 인 | F73: =H73+J73+L73 -> 262580 | G73: =I73+K73+M73 -> 1050320 | H73: 0 | J73: =노임!$D$10 -> 262580 | K73: =TRUNC(J73*D73,1) -> 1050320 | L73: 0
B74: 보통인부 | D74: 1 | E74: 인 | F74: =H74+J74+L74 -> 172068 | G74: =I74+K74+M74 -> 172068 | H74: 0 | J74: =노임!$D$3 -> 172068 | K74: =TRUNC(J74*D74,1) -> 172068 | L74: 0
B75: 트럭탑제형 크레인 | C75: 10 TON | E75: HR | F75: =H75+J75+L75 -> #REF! | G75: =I75+K75+M75 -> #REF! | H75: =#REF! -> #REF! | I75: =TRUNC(H75*D75,1) -> #REF! | J75: =#REF! -> #REF! | K75: =TRUNC(J75*D75,1) -> #REF! | L75: =#REF! -> #REF! | M75: =TRUNC(L75*D75,1) -> #REF!
B76: 공구손료 및 잡재료 | C76: 노무비의 % | D76: 4 | E76: % | M76: =TRUNC((K73+K74)*D76%,1) -> 48895.5
B77: 일 시공량 | C77: 9 | D77: =ROUND(1/C77,4) -> 0.1111 | E77: 일/본 | G77: =I77+K77+M77 -> #REF! | I77: =TRUNC(SUM(I73:I76)*$D77,1) -> #REF! | K77: =TRUNC(SUM(K73:K76)*$D77,1) -> #REF! | M77: =TRUNC(SUM(M73:M76)*$D77,1) -> #REF!
B78: 이탈방지압륜 할증 | C78: 노무비의 % | D78: 30 | E78: % | G78: =I78+K78+M78 -> #REF! | I78: =TRUNC(I77*$D78%,1) -> #REF! | K78: =TRUNC(K77*$D78%,1) -> #REF! | M78: =TRUNC(M77*$D78%,1) -> #REF!
A80: =A72+1 -> 11 | B80: K.P메카니컬 접합 및 부설 | C80: D150㎜ | D80: 1 | E80: 본 | G80: =I80+K80+M80 -> #REF! | I80: =TRUNC(I85,0) -> #REF! | K80: =TRUNC(K85,0) -> #REF! | M80: =TRUNC(M85,0) -> #REF! | N80: =N65 -> 토목6-2-2
B81: 배 관 공 | C81: 수도 | D81: 2 | E81: 인 | F81: =H81+J81+L81 -> 262580 | G81: =I81+K81+M81 -> 525160 | H81: 0 | J81: =노임!$D$10 -> 262580 | K81: =TRUNC(J81*D81,1) -> 525160 | L81: 0
B82: 보통인부 | D82: 1 | E82: 인 | F82: =H82+J82+L82 -> 172068 | G82: =I82+K82+M82 -> 172068 | H82: 0 | J82: =노임!$D$3 -> 172068 | K82: =TRUNC(J82*D82,1) -> 172068 | L82: 0
B83: 트럭탑제형 크레인 | C83: 10 TON | D83: 8 | E83: HR | F83: =H83+J83+L83 -> #REF! | G83: =I83+K83+M83 -> #REF! | H83: =#REF! -> #REF! | I83: =TRUNC(H83*D83,1) -> #REF! | J83: =#REF! -> #REF! | K83: =TRUNC(J83*D83,1) -> #REF! | L83: =#REF! -> #REF! | M83: =TRUNC(L83*D83,1) -> #REF!
B84: 공구손료 및 잡재료 | C84: 노무비의 % | D84: 4 | E84: % | M84: =TRUNC((K81+K82)*D84%,1) -> 27889.1
B85: 일 시공량 | C85: 14 | D85: =ROUND(1/C85,4) -> 0.0714 | E85: 일/본 | G85: =I85+K85+M85 -> #REF! | I85: =TRUNC(SUM(I81:I84)*$D85,1) -> #REF! | K85: =TRUNC(SUM(K81:K84)*$D85,1) -> #REF! | M85: =TRUNC(SUM(M81:M84)*$D85,1) -> #REF!
A87: =A80+1 -> 12 | B87: K.P메카니컬 접합 및 부설 | C87: D150㎜, 이탈방지압륜 | D87: 1 | E87: 본 | G87: =I87+K87+M87 -> #REF! | I87: =SUM(I92:I93) -> #REF! | K87: =SUM(K92:K93) -> #REF! | M87: =SUM(M92:M93) -> #REF! | N87: =N80 -> 토목6-2-2
B88: 배 관 공 | C88: 수도 | D88: 2 | E88: 인 | F88: =H88+J88+L88 -> 262580 | G88: =I88+K88+M88 -> 525160 | H88: 0 | J88: =노임!$D$10 -> 262580 | K88: =TRUNC(J88*D88,1) -> 525160 | L88: 0
B89: 보통인부 | D89: 1 | E89: 인 | F89: =H89+J89+L89 -> 172068 | G89: =I89+K89+M89 -> 172068 | H89: 0 | J89: =노임!$D$3 -> 172068 | K89: =TRUNC(J89*D89,1) -> 172068 | L89: 0
B90: 트럭탑제형 크레인 | C90: 10 TON | D90: 8 | E90: HR | F90: =H90+J90+L90 -> #REF! | G90: =I90+K90+M90 -> #REF! | H90: =#REF! -> #REF! | I90: =TRUNC(H90*D90,1) -> #REF! | J90: =#REF! -> #REF! | K90: =TRUNC(J90*D90,1) -> #REF! | L90: =#REF! -> #REF! | M90: =TRUNC(L90*D90,1) -> #REF!
B91: 공구손료 및 잡재료 | C91: 노무비의 % | D91: 4 | E91: % | M91: =TRUNC((K88+K89)*D91%,1) -> 27889.1
B92: 일 시공량 | C92: 14 | D92: =ROUND(1/C92,4) -> 0.0714 | E92: 일/본 | G92: =I92+K92+M92 -> #REF! | I92: =TRUNC(SUM(I88:I91)*$D92,1) -> #REF! | K92: =TRUNC(SUM(K88:K91)*$D92,1) -> #REF! | M92: =TRUNC(SUM(M88:M91)*$D92,1) -> #REF!
B93: 이탈방지압륜 할증 | C93: 노무비의 % | D93: 30 | E93: % | G93: =I93+K93+M93 -> #REF! | I93: =TRUNC(I92*$D93%,1) -> #REF! | K93: =TRUNC(K92*$D93%,1) -> #REF! | M93: =TRUNC(M92*$D93%,1) -> #REF!
A95: =A87+1 -> 13 | B95: K.P메카니컬 접합 및 부설 | C95: D200㎜ | D95: 1 | E95: 본 | G95: =I95+K95+M95 -> #REF! | I95: =TRUNC(I100,0) -> #REF! | K95: =TRUNC(K100,0) -> #REF! | M95: =TRUNC(M100,0) -> #REF! | N95: =N80 -> 토목6-2-2
B96: 배 관 공 | C96: 수도 | D96: 2 | E96: 인 | F96: =H96+J96+L96 -> 262580 | G96: =I96+K96+M96 -> 525160 | H96: 0 | J96: =노임!$D$10 -> 262580 | K96: =TRUNC(J96*D96,1) -> 525160 | L96: 0
B97: 보통인부 | D97: 1 | E97: 인 | F97: =H97+J97+L97 -> 172068 | G97: =I97+K97+M97 -> 172068 | H97: 0 | J97: =노임!$D$3 -> 172068 | K97: =TRUNC(J97*D97,1) -> 172068 | L97: 0
B98: 트럭탑제형 크레인 | C98: 10 TON | D98: 8 | E98: HR | F98: =H98+J98+L98 -> #REF! | G98: =I98+K98+M98 -> #REF! | H98: =#REF! -> #REF! | I98: =TRUNC(H98*D98,1) -> #REF! | J98: =#REF! -> #REF! | K98: =TRUNC(J98*D98,1) -> #REF! | L98: =#REF! -> #REF! | M98: =TRUNC(L98*D98,1) -> #REF!
B99: 공구손료 및 잡재료 | C99: 노무비의 % | D99: 4 | E99: % | M99: =TRUNC((K96+K97)*D99%,1) -> 27889.1
B100: 일 시공량 | C100: 11 | D100: =ROUND(1/C100,4) -> 0.0909 | E100: 일/본 | G100: =I100+K100+M100 -> #REF! | I100: =TRUNC(SUM(I96:I99)*$D100,1) -> #REF! | K100: =TRUNC(SUM(K96:K99)*$D100,1) -> #REF! | M100: =TRUNC(SUM(M96:M99)*$D100,1) -> #REF!
A102: =A95+1 -> 14 | B102: K.P메카니컬 접합 및 부설 | C102: D200㎜, 이탈방지압륜 | D102: 1 | E102: 본 | G102: =I102+K102+M102 -> #REF! | I102: =SUM(I107:I108) -> #REF! | K102: =SUM(K107:K108) -> #REF! | M102: =SUM(M107:M108) -> #REF! | N102: =N95 -> 토목6-2-2
B103: 배 관 공 | C103: 수도 | D103: 2 | E103: 인 | F103: =H103+J103+L103 -> 262580 | G103: =I103+K103+M103 -> 525160 | H103: 0 | J103: =노임!$D$10 -> 262580 | K103: =TRUNC(J103*D103,1) -> 525160 | L103: 0
B104: 보통인부 | D104: 1 | E104: 인 | F104: =H104+J104+L104 -> 172068 | G104: =I104+K104+M104 -> 172068 | H104: 0 | J104: =노임!$D$3 -> 172068 | K104: =TRUNC(J104*D104,1) -> 172068 | L104: 0
B105: 트럭탑제형 크레인 | C105: 10 TON | D105: 8 | E105: HR | F105: =H105+J105+L105 -> #REF! | G105: =I105+K105+M105 -> #REF! | H105: =#REF! -> #REF! | I105: =TRUNC(H105*D105,1) -> #REF! | J105: =#REF! -> #REF! | K105: =TRUNC(J105*D105,1) -> #REF! | L105: =#REF! -> #REF! | M105: =TRUNC(L105*D105,1) -> #REF!
B106: 공구손료 및 잡재료 | C106: 노무비의 % | D106: 4 | E106: % | M106: =TRUNC((K103+K104)*D106%,1) -> 27889.1
B107: 일 시공량 | C107: 11 | D107: =ROUND(1/C107,4) -> 0.0909 | E107: 일/본 | G107: =I107+K107+M107 -> #REF! | I107: =TRUNC(SUM(I103:I106)*$D107,1) -> #REF! | K107: =TRUNC(SUM(K103:K106)*$D107,1) -> #REF! | M107: =TRUNC(SUM(M103:M106)*$D107,1) -> #REF!
B108: 이탈방지압륜 할증 | C108: 노무비의 % | D108: 30 | E108: % | G108: =I108+K108+M108 -> #REF! | I108: =TRUNC(I107*$D108%,1) -> #REF! | K108: =TRUNC(K107*$D108%,1) -> #REF! | M108: =TRUNC(M107*$D108%,1) -> #REF!
A110: =A102+1 -> 15 | B110: K.P메카니컬 접합 및 부설 | C110: D250㎜ | D110: 1 | E110: 본 | G110: =I110+K110+M110 -> #REF! | I110: =TRUNC(I115,0) -> #REF! | K110: =TRUNC(K115,0) -> #REF! | M110: =TRUNC(M115,0) -> #REF! | N110: =N95 -> 토목6-2-2
B111: 배 관 공 | C111: 수도 | D111: 2 | E111: 인 | F111: =H111+J111+L111 -> 262580 | G111: =I111+K111+M111 -> 525160 | H111: 0 | J111: =노임!$D$10 -> 262580 | K111: =TRUNC(J111*D111,1) -> 525160 | L111: 0
B112: 보통인부 | D112: 1 | E112: 인 | F112: =H112+J112+L112 -> 172068 | G112: =I112+K112+M112 -> 172068 | H112: 0 | J112: =노임!$D$3 -> 172068 | K112: =TRUNC(J112*D112,1) -> 172068 | L112: 0
B113: 트럭탑제형 크레인 | C113: 10 TON | D113: 8 | E113: HR | F113: =H113+J113+L113 -> #REF! | G113: =I113+K113+M113 -> #REF! | H113: =#REF! -> #REF! | I113: =TRUNC(H113*D113,1) -> #REF! | J113: =#REF! -> #REF! | K113: =TRUNC(J113*D113,1) -> #REF! | L113: =#REF! -> #REF! | M113: =TRUNC(L113*D113,1) -> #REF!
B114: 공구손료 및 잡재료 | C114: 노무비의 % | D114: 4 | E114: % | M114: =TRUNC((K111+K112)*D114%,1) -> 27889.1
B115: 일 시공량 | C115: 10 | D115: =ROUND(1/C115,4) -> 0.1 | E115: 일/본 | G115: =I115+K115+M115 -> #REF! | I115: =TRUNC(SUM(I111:I114)*$D115,1) -> #REF! | K115: =TRUNC(SUM(K111:K114)*$D115,1) -> #REF! | M115: =TRUNC(SUM(M111:M114)*$D115,1) -> #REF!
...

Sheet KP접합
A1: 일위대가_호표_KP메커니컬접합
A2: 공 종 명 | C2: 규 격 | D2: 수량 | E2: 단위 | F2: 합 계 | H2: 재 료 비 | J2: 노 무 비 | L2: 경 비 | N2: 비 고
F3: 단 가 | G3: 금 액 | H3: 단 가 | I3: 금 액 | J3: 단 가 | K3: 금 액 | L3: 단 가 | M3: 금 액
A5: =KP메카니컬접합부설!A290+1 -> 40 | B5: KP메카니컬접합 | C5: D80㎜ | D5: 1 | E5: 개소 | G5: =I5+K5+M5 -> 0 | I5: =TRUNC(I6+I7+I8,0) -> 0 | K5: =TRUNC(K6+K7+K8,0) -> 0 | M5: =TRUNC(M6+M7+M8,0) -> 0 | N5: 삭제
B6: 배 관 공 | C6: 수도 | E6: 인 | F6: =H6+J6+L6 -> 262580 | G6: =I6+K6+M6 -> 0 | H6: 0 | J6: =노임!$D$10 -> 262580 | K6: =TRUNC(J6*D6,1) -> 0 | L6: 0
B7: 보통인부 | E7: 인 | F7: =H7+J7+L7 -> 172068 | G7: =I7+K7+M7 -> 0 | H7: 0 | J7: =노임!$D$3 -> 172068 | K7: =TRUNC(J7*D7,1) -> 0 | L7: 0
B8: 공구손료 및 잡재료 | C8: 노무비의 % | D8: 2 | E8: % | F8: =H8+J8+L8 -> 0 | G8: =I8+K8+M8 -> 0 | M8: =TRUNC((K6+K7)*D8%,1) -> 0
A10: =A5+1 -> 41 | B10: KP메카니컬접합 | C10: D100㎜이하 | D10: 1 | E10: 개소 | G10: =I10+K10+M10 -> 28446 | I10: =TRUNC(I11+I12+I13,0) -> 0 | K10: =TRUNC(K11+K12+K13,0) -> 27889 | M10: =TRUNC(M11+M12+M13,0) -> 557 | N10: 토목6-2-3
B11: 배 관 공 | C11: 수도 | D11: 0.08 | E11: 인 | F11: =H11+J11+L11 -> 262580 | G11: =I11+K11+M11 -> 21006.4 | H11: 0 | J11: =노임!$D$10 -> 262580 | K11: =TRUNC(J11*D11,1) -> 21006.4 | L11: 0
B12: 보통인부 | D12: 0.04 | E12: 인 | F12: =H12+J12+L12 -> 172068 | G12: =I12+K12+M12 -> 6882.7 | H12: 0 | J12: =노임!$D$3 -> 172068 | K12: =TRUNC(J12*D12,1) -> 6882.7 | L12: 0
B13: 공구손료 및 잡재료 | C13: 노무비의 % | D13: 2 | E13: % | F13: =H13+J13+L13 -> 0 | G13: =I13+K13+M13 -> 557.7 | M13: =TRUNC((K11+K12)*D13%,1) -> 557.7
A15: =A10+1 -> 42 | B15: KP메카니컬접합 | C15: D150㎜ | D15: 1 | E15: 개소 | G15: =I15+K15+M15 -> 35558 | I15: =TRUNC(I16+I17+I18,0) -> 0 | K15: =TRUNC(K16+K17+K18,0) -> 34861 | M15: =TRUNC(M16+M17+M18,0) -> 697 | N15: =N10 -> 토목6-2-3
B16: 배 관 공 | C16: 수도 | D16: 0.1 | E16: 인 | F16: =H16+J16+L16 -> 262580 | G16: =I16+K16+M16 -> 26258 | H16: 0 | J16: =노임!$D$10 -> 262580 | K16: =TRUNC(J16*D16,1) -> 26258 | L16: 0
B17: 보통인부 | D17: 0.05 | E17: 인 | F17: =H17+J17+L17 -> 172068 | G17: =I17+K17+M17 -> 8603.4 | H17: 0 | J17: =노임!$D$3 -> 172068 | K17: =TRUNC(J17*D17,1) -> 8603.4 | L17: 0
B18: 공구손료 및 잡재료 | C18: 노무비의 % | D18: 2 | E18: % | F18: =H18+J18+L18 -> 0 | G18: =I18+K18+M18 -> 697.2 | M18: =TRUNC((K16+K17)*D18%,1) -> 697.2
A20: =A15+1 -> 43 | B20: KP메카니컬접합 | C20: D200㎜ | D20: 1 | E20: 개소 | G20: =I20+K20+M20 -> 47103 | I20: =TRUNC(I21+I22+I23,0) -> 0 | K20: =TRUNC(K21+K22+K23,0) -> 46180 | M20: =TRUNC(M21+M22+M23,0) -> 923 | N20: =N15 -> 토목6-2-3
B21: 배 관 공 | C21: 수도 | D21: 0.13 | E21: 인 | F21: =H21+J21+L21 -> 262580 | G21: =I21+K21+M21 -> 34135.4 | H21: 0 | J21: =노임!$D$10 -> 262580 | K21: =TRUNC(J21*D21,1) -> 34135.4 | L21: 0
B22: 보통인부 | D22: 0.07 | E22: 인 | F22: =H22+J22+L22 -> 172068 | G22: =I22+K22+M22 -> 12044.7 | H22: 0 | J22: =노임!$D$3 -> 172068 | K22: =TRUNC(J22*D22,1) -> 12044.7 | L22: 0
B23: 공구손료 및 잡재료 | C23: 노무비의 % | D23: 2 | E23: % | F23: =H23+J23+L23 -> 0 | G23: =I23+K23+M23 -> 923.6 | M23: =TRUNC((K21+K22)*D23%,1) -> 923.6
A25: =A20+1 -> 44 | B25: KP메카니컬접합 | C25: D250㎜ | D25: 1 | E25: 개소 | G25: =I25+K25+M25 -> 54215 | I25: =TRUNC(I26+I27+I28,0) -> 0 | K25: =TRUNC(K26+K27+K28,0) -> 53152 | M25: =TRUNC(M26+M27+M28,0) -> 1063 | N25: =N20 -> 토목6-2-3
B26: 배 관 공 | C26: 수도 | D26: 0.15 | E26: 인 | F26: =H26+J26+L26 -> 262580 | G26: =I26+K26+M26 -> 39387 | H26: 0 | J26: =노임!$D$10 -> 262580 | K26: =TRUNC(J26*D26,1) -> 39387 | L26: 0
B27: 보통인부 | D27: 0.08 | E27: 인 | F27: =H27+J27+L27 -> 172068 | G27: =I27+K27+M27 -> 13765.4 | H27: 0 | J27: =노임!$D$3 -> 172068 | K27: =TRUNC(J27*D27,1) -> 13765.4 | L27: 0
B28: 공구손료 및 잡재료 | C28: 노무비의 % | D28: 2 | E28: % | F28: =H28+J28+L28 -> 0 | G28: =I28+K28+M28 -> 1063 | M28: =TRUNC((K26+K27)*D28%,1) -> 1063
A30: =A25+1 -> 45 | B30: KP메카니컬접합 | C30: D300㎜ | D30: 1 | E30: 개소 | G30: =I30+K30+M30 -> 65760 | I30: =TRUNC(I31+I32+I33,0) -> 0 | K30: =TRUNC(K31+K32+K33,0) -> 64471 | M30: =TRUNC(M31+M32+M33,0) -> 1289 | N30: =N25 -> 토목6-2-3
B31: 배 관 공 | C31: 수도 | D31: 0.18 | E31: 인 | F31: =H31+J31+L31 -> 262580 | G31: =I31+K31+M31 -> 47264.4 | H31: 0 | J31: =노임!$D$10 -> 262580 | K31: =TRUNC(J31*D31,1) -> 47264.4 | L31: 0
B32: 보통인부 | D32: 0.1 | E32: 인 | F32: =H32+J32+L32 -> 172068 | G32: =I32+K32+M32 -> 17206.8 | H32: 0 | J32: =노임!$D$3 -> 172068 | K32: =TRUNC(J32*D32,1) -> 17206.8 | L32: 0
B33: 공구손료 및 잡재료 | C33: 노무비의 % | D33: 2 | E33: % | F33: =H33+J33+L33 -> 0 | G33: =I33+K33+M33 -> 1289.4 | M33: =TRUNC((K31+K32)*D33%,1) -> 1289.4
A35: =A30+1 -> 46 | B35: KP메카니컬접합 | C35: D350㎜ | D35: 1 | E35: 개소 | G35: =I35+K35+M35 -> 75550 | I35: =TRUNC(I36+I37+I38,0) -> 0 | K35: =TRUNC(K36+K37+K38,0) -> 74069 | M35: =TRUNC(M36+M37+M38,0) -> 1481 | N35: =N30 -> 토목6-2-3
B36: 배 관 공 | C36: 수도 | D36: 0.21 | E36: 인 | F36: =H36+J36+L36 -> 262580 | G36: =I36+K36+M36 -> 55141.8 | H36: 0 | J36: =노임!$D$10 -> 262580 | K36: =TRUNC(J36*D36,1) -> 55141.8 | L36: 0
B37: 보통인부 | D37: 0.11 | E37: 인 | F37: =H37+J37+L37 -> 172068 | G37: =I37+K37+M37 -> 18927.4 | H37: 0 | J37: =노임!$D$3 -> 172068 | K37: =TRUNC(J37*D37,1) -> 18927.4 | L37: 0
B38: 공구손료 및 잡재료 | C38: 노무비의 % | D38: 2 | E38: % | F38: =H38+J38+L38 -> 0 | G38: =I38+K38+M38 -> 1481.3 | M38: =TRUNC((K36+K37)*D38%,1) -> 1481.3
A40: =A35+1 -> 47 | B40: KP메카니컬접합 | C40: D400㎜ | D40: 1 | E40: 개소 | G40: =I40+K40+M40 -> 82661 | I40: =TRUNC(I41+I42+I43,0) -> 0 | K40: =TRUNC(K41+K42+K43,0) -> 81041 | M40: =TRUNC(M41+M42+M43,0) -> 1620 | N40: =N35 -> 토목6-2-3
B41: 배 관 공 | C41: 수도 | D41: 0.23 | E41: 인 | F41: =H41+J41+L41 -> 262580 | G41: =I41+K41+M41 -> 60393.4 | H41: 0 | J41: =노임!$D$10 -> 262580 | K41: =TRUNC(J41*D41,1) -> 60393.4 | L41: 0
B42: 보통인부 | D42: 0.12 | E42: 인 | F42: =H42+J42+L42 -> 172068 | G42: =I42+K42+M42 -> 20648.1 | H42: 0 | J42: =노임!$D$3 -> 172068 | K42: =TRUNC(J42*D42,1) -> 20648.1 | L42: 0
B43: 공구손료 및 잡재료 | C43: 노무비의 % | D43: 2 | E43: % | F43: =H43+J43+L43 -> 0 | G43: =I43+K43+M43 -> 1620.8 | M43: =TRUNC((K41+K42)*D43%,1) -> 1620.8
A45: =A40+1 -> 48 | B45: KP메카니컬접합 | C45: D450㎜ | D45: 1 | E45: 개소 | G45: =I45+K45+M45 -> 94207 | I45: =TRUNC(I46+I47+I48,0) -> 0 | K45: =TRUNC(K46+K47+K48,0) -> 92360 | M45: =TRUNC(M46+M47+M48,0) -> 1847 | N45: =N40 -> 토목6-2-3
B46: 배 관 공 | C46: 수도 | D46: 0.26 | E46: 인 | F46: =H46+J46+L46 -> 262580 | G46: =I46+K46+M46 -> 68270.8 | H46: 0 | J46: =노임!$D$10 -> 262580 | K46: =TRUNC(J46*D46,1) -> 68270.8 | L46: 0
B47: 보통인부 | D47: 0.14 | E47: 인 | F47: =H47+J47+L47 -> 172068 | G47: =I47+K47+M47 -> 24089.5 | H47: 0 | J47: =노임!$D$3 -> 172068 | K47: =TRUNC(J47*D47,1) -> 24089.5 | L47: 0
B48: 공구손료 및 잡재료 | C48: 노무비의 % | D48: 2 | E48: % | F48: =H48+J48+L48 -> 0 | G48: =I48+K48+M48 -> 1847.2 | M48: =TRUNC((K46+K47)*D48%,1) -> 1847.2
A50: =A45+1 -> 49 | B50: KP메카니컬접합 | C50: D500㎜ | D50: 1 | E50: 개소 | G50: =I50+K50+M50 -> 101318 | I50: =TRUNC(I51+I52+I53,0) -> 0 | K50: =TRUNC(K51+K52+K53,0) -> 99332 | M50: =TRUNC(M51+M52+M53,0) -> 1986 | N50: =N45 -> 토목6-2-3
B51: 배 관 공 | C51: 수도 | D51: 0.28 | E51: 인 | F51: =H51+J51+L51 -> 262580 | G51: =I51+K51+M51 -> 73522.4 | H51: 0 | J51: =노임!$D$10 -> 262580 | K51: =TRUNC(J51*D51,1) -> 73522.4 | L51: 0
B52: 보통인부 | D52: 0.15 | E52: 인 | F52: =H52+J52+L52 -> 172068 | G52: =I52+K52+M52 -> 25810.2 | H52: 0 | J52: =노임!$D$3 -> 172068 | K52: =TRUNC(J52*D52,1) -> 25810.2 | L52: 0
B53: 공구손료 및 잡재료 | C53: 노무비의 % | D53: 2 | E53: % | F53: =H53+J53+L53 -> 0 | G53: =I53+K53+M53 -> 1986.6 | M53: =TRUNC((K51+K52)*D53%,1) -> 1986.6
A55: =A50+1 -> 50 | B55: KP메카니컬접합 | C55: D600㎜ | D55: 1 | E55: 개소 | G55: =I55+K55+M55 -> 122653 | I55: =TRUNC(I56+I57+I58,0) -> 0 | K55: =TRUNC(K56+K57+K58,0) -> 120249 | M55: =TRUNC(M56+M57+M58,0) -> 2404 | N55: =N50 -> 토목6-2-3
B56: 배 관 공 | C56: 수도 | D56: 0.34 | E56: 인 | F56: =H56+J56+L56 -> 262580 | G56: =I56+K56+M56 -> 89277.2 | H56: 0 | J56: =노임!$D$10 -> 262580 | K56: =TRUNC(J56*D56,1) -> 89277.2 | L56: 0
B57: 보통인부 | D57: 0.18 | E57: 인 | F57: =H57+J57+L57 -> 172068 | G57: =I57+K57+M57 -> 30972.2 | H57: 0 | J57: =노임!$D$3 -> 172068 | K57: =TRUNC(J57*D57,1) -> 30972.2 | L57: 0
B58: 공구손료 및 잡재료 | C58: 노무비의 % | D58: 2 | E58: % | F58: =H58+J58+L58 -> 0 | G58: =I58+K58+M58 -> 2404.9 | M58: =TRUNC((K56+K57)*D58%,1) -> 2404.9
A60: =A55+1 -> 51 | B60: KP메카니컬접합 | C60: D700㎜ | D60: 1 | E60: 개소 | G60: =I60+K60+M60 -> 141310 | I60: =TRUNC(I61+I62+I63,0) -> 0 | K60: =TRUNC(K61+K62+K63,0) -> 138540 | M60: =TRUNC(M61+M62+M63,0) -> 2770 | N60: =N55 -> 토목6-2-3
B61: 배 관 공 | C61: 수도 | D61: 0.39 | E61: 인 | F61: =H61+J61+L61 -> 262580 | G61: =I61+K61+M61 -> 102406.2 | H61: 0 | J61: =노임!$D$10 -> 262580 | K61: =TRUNC(J61*D61,1) -> 102406.2 | L61: 0
B62: 보통인부 | D62: 0.21 | E62: 인 | F62: =H62+J62+L62 -> 172068 | G62: =I62+K62+M62 -> 36134.2 | H62: 0 | J62: =노임!$D$3 -> 172068 | K62: =TRUNC(J62*D62,1) -> 36134.2 | L62: 0
B63: 공구손료 및 잡재료 | C63: 노무비의 % | D63: 2 | E63: % | F63: =H63+J63+L63 -> 0 | G63: =I63+K63+M63 -> 2770.8 | M63: =TRUNC((K61+K62)*D63%,1) -> 2770.8
A65: =A60+1 -> 52 | B65: KP메카니컬접합 | C65: D800㎜ | D65: 1 | E65: 개소 | G65: =I65+K65+M65 -> 159967 | I65: =TRUNC(I66+I67+I68,0) -> 0 | K65: =TRUNC(K66+K67+K68,0) -> 156831 | M65: =TRUNC(M66+M67+M68,0) -> 3136 | N65: =N60 -> 토목6-2-3
B66: 배 관 공 | C66: 수도 | D66: 0.44 | E66: 인 | F66: =H66+J66+L66 -> 262580 | G66: =I66+K66+M66 -> 115535.2 | H66: 0 | J66: =노임!$D$10 -> 262580 | K66: =TRUNC(J66*D66,1) -> 115535.2 | L66: 0
B67: 보통인부 | D67: 0.24 | E67: 인 | F67: =H67+J67+L67 -> 172068 | G67: =I67+K67+M67 -> 41296.3 | H67: 0 | J67: =노임!$D$3 -> 172068 | K67: =TRUNC(J67*D67,1) -> 41296.3 | L67: 0
B68: 공구손료 및 잡재료 | C68: 노무비의 % | D68: 2 | E68: % | F68: =H68+J68+L68 -> 0 | G68: =I68+K68+M68 -> 3136.6 | M68: =TRUNC((K66+K67)*D68%,1) -> 3136.6
A70: =A65+1 -> 53 | B70: KP메카니컬접합 | C70: D900㎜ | D70: 1 | E70: 개소 | G70: =I70+K70+M70 -> 176869 | I70: =TRUNC(I71+I72+I73,0) -> 0 | K70: =TRUNC(K71+K72+K73,0) -> 173401 | M70: =TRUNC(M71+M72+M73,0) -> 3468 | N70: =N65 -> 토목6-2-3
B71: 배 관 공 | C71: 수도 | D71: 0.49 | E71: 인 | F71: =H71+J71+L71 -> 262580 | G71: =I71+K71+M71 -> 128664.2 | H71: 0 | J71: =노임!$D$10 -> 262580 | K71: =TRUNC(J71*D71,1) -> 128664.2 | L71: 0
B72: 보통인부 | D72: 0.26 | E72: 인 | F72: =H72+J72+L72 -> 172068 | G72: =I72+K72+M72 -> 44737.6 | H72: 0 | J72: =노임!$D$3 -> 172068 | K72: =TRUNC(J72*D72,1) -> 44737.6 | L72: 0
