Workbook
Name _: #REF!
Name _: #REF!
Name _: #REF!
Name _: #REF!
Name _: #REF!
Name _: #REF!
Name _: #REF!
Name _: #REF!
Name _: #REF!
Name _: #REF!
Name _: #REF!
Name _: #REF!
Name _: #REF!
Name _: #REF!
Name _: #REF!
Name _: #REF!
Name _: #REF!
Name _: #REF!
Name __: #REF!
Name __: #REF!
Name __: #REF!
Name __: #REF!
Name __: #REF!
Name __: #REF!
Name __: #REF!
Name __: #REF!
Name __: #REF!
Name __: #REF!
Name __: #REF!
Name __: #REF!
Name ___: #REF!
Name ___: #REF!
Name ___: #REF!
Name ___: #REF!
Name ___: #REF!
Name ___: #REF!
Name ___: #REF!
Name ___: #REF!
Name ___: #REF!
Name ___: #REF!
Name ___: #REF!
Name ___: #REF!
Name ____: #REF!
Name ____: #REF!
Name ____: #REF!
Name ____: #REF!
Name ____: #REF!
Name ____: #REF!
Name ____: #REF!
Name ____: #REF!
Name ____: #REF!
Name ____: #REF!
Name ____: #REF!
Name ____: #REF!
Name _____: #REF!
Name _____: #REF!
Name _____: #REF!
Name _____: #REF!
Name _____: #REF!
Name _____: #REF!

Sheet 기초자료
B1: 현장명 | C1: 옥회천지방하천정비공사 지장관로이설공사 중 부단수공사
A2: 원도급사 | B2: 주소 | C2: 전북특별자치도전주시덕진구숲정이2길27, 2호
B3: 회사명 | C3: 유한회사 선영건설
B4: 대표이사 | C4: 대표이사 김 신
A5: 하도급사 | B5: 주소 | C5: 경기도 안산시 남산평길 126-4 (팔곡일동)
B6: 회사명 | C6: ㈜ 대호스토퍼
B7: 대표이사 | C7: 대표이사 이영호
A8: 계약년월일 | B8: 2026년01월 일
A9: 계약년월일 | B9: 2026년05월 일
A10: 착공년월일 | B10: 2026년02월 일
A11: 착공년월일 | B11: 2026년07월 일
A12: 준공년월일 | B12: 2026년04월24일
A13: 준공년월일 | B13: 2026년09월30일

Sheet 표지
B2: 관리 | P2: 원본 또는 사본(인쇄물)
B4: 번호
E8: 2026년
D22: 군산시 옥회천 지방하천 정비공사 지장관로 이설공사 중
D25: 부단수 공사
I39: 전주권지사

Sheet 목차
B3: 목 차
B5: 1. | C5: 착공계 | J5: (변 경)
B7: 2. | C7: 하도급 공사원가계산서 | J7: (변 경)
B9: 3. | C9: 하도급 총괄집계표 | J9: (변 경)
B11: 4. | C11: 하도급 내역서 | J11: (변 경)
B13: 5. | C13: 원 , 하 공사원가계산서 | J13: (변 경)
B15: 6. | C15: 원 , 하 총괄집계표 | J15: (변 경)
B17: 7. | C17: 원,하 산출내역서 | J17: (변 경)
B19: 8. | C19: 원 , 하 도급내역서 | J19: (변 경)

Sheet 1.착공계
A7: 1. 착 공 계 ( 변 경 )

Sheet 착공계
A1: .
B2: 착 공 계 (변 경)
B4: 공 사 명 | G4: : | H4: =기초자료!C1 -> 옥회천지방하천정비공사 지장관로이설공사 중 부단수공사
B5: 계 약 금 액 | G5: : | H5: =U5 -> 263010000 | U5: =부단수원가!F72 -> 263010000
B6: 계 약 금 액 | G6: : | H6: =U6 -> 264800000 | U6: =부단수원가!F73 -> 264800000
B7: 계약년월일 | G7: : | H7: =기초자료!B8 -> 2026년01월 일
B8: 계약년월일 | G8: : | H8: 46034
B9: 착공년월일 | G9: : | H9: =기초자료!B10 -> 2026년02월 일
B10: 착공년월일 | G10: : | H10: 46204
B11: 준공년월일 | G11: : | H11: =기초자료!B12 -> 2026년04월24일
B12: 준공년월일 | G12: : | H12: =기초자료!B13 -> 2026년09월30일
B17: 위와 같이 착공하였기에 착공계를 제출합니다.
B19: 2026. 05. .
B21: ※. 첨부서류 : | G21: 1. 현장대리인 선임계 | N21: 1부.
G22: 2. 재직증명서 | N22: 1부.
G23: 3. 경력증명서 | N23: 1부.
G24: 4. 예정공정표 | N24: 1부. | O24: 끝.
M27: =기초자료!C5 -> 경기도 안산시 남산평길 126-4 (팔곡일동)
M28: =기초자료!C6 -> ㈜ 대호스토퍼
M29: =기초자료!C7 -> 대표이사 이영호 | AB29: (인)
B31: 유한회사 선영건설 귀하.
B34: 현 장 대 리 인 선 임 계
B37: 공 사 명 | G37: : | H37: =H4 -> 옥회천지방하천정비공사 지장관로이설공사 중 부단수공사
B39: 상기 공사에 대하여 아래와 같이 현장대리인 선임계를 제출합니다.
B42: 현장대리인 | G42: : | H42: 주소 | M42: : | N42: 서울 은평구 은평로220 117동 1803호 (응암동, 녹번역e편한세상캐슬아파트)
H43: 성명 | M43: : | N43: 강 찬 성
H44: 주민등록번호 | M44: : | N44: 561125-1******
H45: 자격분야및등급 | M45: : | N45: 기계 특급
H46: 관리번호 | M46: : | N46: #0576743
B49: =B19 -> 2026. 05. .
M55: =기초자료!C5 -> 경기도 안산시 남산평길 126-4 (팔곡일동)
M56: =기초자료!C6 -> ㈜ 대호스토퍼
M57: =기초자료!C7 -> 대표이사 이영호 | AB57: (인)
B59: =B31 -> 유한회사 선영건설 귀하.
B62: 재 직 증 명 서
B65: 주소 | G65: : | H65: 서울 은평구 은평로220 117동 1803호 (응암동, 녹번역e편한세상캐슬아파트)
B66: 생년월일 | G66: : | H66: 56.11.25
B67: 성명 | G67: : | H67: 강 찬 성
B68: 근무기간 | G68: : | H68: 26.03.01 ~ 현재
B70: 성 명 | G70: 자격분야 및 등급 | P70: 관 리 번 호 | Y70: 비 고
B71: 강 찬 성 | G71: 기계 특급 | P71: #0576743
B74: 상기인은 위와 같이 당사에서 재직하고 있음을 증명함.
B77: =B49 -> 2026. 05. .
M80: =기초자료!C5 -> 경기도 안산시 남산평길 126-4 (팔곡일동)
M81: =기초자료!C6 -> ㈜ 대호스토퍼
M82: =기초자료!C7 -> 대표이사 이영호 | AB82: (인)
B84: =B59 -> 유한회사 선영건설 귀하.

Sheet 하도갑지
A2: 하 도 급 내 역 서 ( 변 경 )
O3: 계약보증금 | P3: 하자담보책임-확인 필 | Q3: 하자담보기간-확인 필
P4: 교량. PC암거5%, 기타3% | Q4: 교량7년, 상하수도3년, 포장2년, 관로3년, 조경2년
B5: 공사명 | D5: : | E5: =기초자료!C1 -> 옥회천지방하천정비공사 지장관로이설공사 중 부단수공사 | O5: 0.1 | P5: 0.05 | Q5: 공종별로 분할
O6: =ROUND($P$12*O5,0) -> 381040000 | P6: =ROUND($P$12*P5,0) -> 190520000
A9: =기초자료!B9 -> 2026년05월 일
H12: =기초자료!C5 -> 경기도 안산시 남산평길 126-4 (팔곡일동) | O12: 하도급금액 | P12: =[326]원하원가!Q61 -> 3810400000
H13: =기초자료!C6 -> ㈜ 대호스토퍼
H14: =기초자료!C7 -> 대표이사 이영호 | L14: (인)
B15: =[326]착공계!B32 -> 유한회사 선영건설 귀하.

Sheet 2.하도원가
A7: 2. 하도급 공사원가계산서(변 경)

Sheet 하도원가
A1: 공 사 원 가 계 산 서 ( 변 경 ) - 하 도 급 사 (특허 - 부단수)
A2: 공사명 : | C2: =기초자료!C1 -> 옥회천지방하천정비공사 지장관로이설공사 중 부단수공사
A3: 비 목 | C3: 구 분 | D3: 설계금액 | E3: 도급금액 | F3: 하도급금액 | G3: 요율(%) | H3: 구 성 비(%) | Q3: 비 고
A4: 순 공 사 원 가 | B4: 재 료 비 | C4: 직접재료비 | D4: =부단수!I6 -> 153278992 | E4: =부단수원가!E4 -> 117158010 | F4: =부단수원가!F4 -> 104491200 | G4: =IFERROR(F4/E4,"") -> 0.89188268
C5: 직접재료비 | D5: =부단수!I7 -> 153278992 | E5: =부단수원가!E5 -> 117158010 | F5: =부단수원가!F5 -> 104491200 | G5: =IFERROR(F5/E5,"") -> 0.89188268
C6: 간접재료비 | D6: 0 | E6: =부단수원가!E6 -> 0 | F6: =부단수원가!F6 -> 0 | G6: =IFERROR(F6/E6,"")
C7: 간접재료비 | D7: 0 | E7: =부단수원가!E7 -> 0 | F7: =부단수원가!F7 -> 0 | G7: =IFERROR(F7/E7,"")
C8: 소 계 | D8: =D4+D6 -> 153278992 | E8: =부단수원가!E8 -> 117158010 | F8: =부단수원가!F8 -> 104491200 | G8: =IFERROR(F8/E8,"") -> 0.89188268
C9: 소 계 | D9: =D5+D7 -> 153278992 | E9: =부단수원가!E9 -> 117158010 | F9: =부단수원가!F9 -> 104491200 | G9: =IFERROR(F9/E9,"") -> 0.89188268
B10: 노 무 비 | C10: 직접노무비 | D10: =부단수!K6 -> 56787340 | E10: =부단수원가!E10 -> 40395673 | F10: =부단수원가!F10 -> 39847240 | G10: =IFERROR(F10/E10,"") -> 0.98642347
C11: 직접노무비 | D11: =부단수!K7 -> 56787340 | E11: =부단수원가!E11 -> 40395673 | F11: =부단수원가!F11 -> 39847240 | G11: =IFERROR(F11/E11,"") -> 0.98642347
C12: 간접노무비 | D12: =INT(D10*I12) -> 8120589 | E12: =부단수원가!E12 -> 5776581 | F12: =부단수원가!F12 -> 5698155 | G12: =IFERROR(F12/E12,"") -> 0.98642346 | H12: (직접노무비) × | I12: 0.143
C13: 간접노무비 | D13: =INT(D11*I13) -> 8120589 | E13: =부단수원가!E13 -> 5776581 | F13: =부단수원가!F13 -> 5698155 | G13: =IFERROR(F13/E13,"") -> 0.98642346 | H13: (직접노무비) × | I13: 0.143
C14: 소 계 | D14: =SUM(D10:D12) -> 121695269 | E14: =부단수원가!E14 -> 46172254 | F14: =부단수원가!F14 -> 45545395 | G14: =IFERROR(F14/E14,"") -> 0.98642347
C15: 소 계 | D15: =SUM(D11:D13) -> 73028518 | E15: =부단수원가!E15 -> 46172254 | F15: =부단수원가!F15 -> 45545395 | G15: =IFERROR(F15/E15,"") -> 0.98642347
B16: 경 비 | C16: 산출경비(기계경비) | D16: =부단수!M6 -> 86100296 | E16: =부단수원가!E16 -> 61247444 | F16: =부단수원가!F16 -> 46881796 | G16: =IFERROR(F16/E16,"") -> 0.76544902
C17: 산출경비(기계경비) | D17: =부단수!M7 -> 86100296 | E17: =부단수원가!E17 -> 61247444 | F17: =부단수원가!F17 -> 46881796 | G17: =IFERROR(F17/E17,"") -> 0.76544902
C18: 산재보험료 | D18: 0 | E18: =부단수원가!E18 -> 0 | F18: =부단수원가!F18 -> 0 | G18: =IFERROR(F18/E18,"") | H18: (직노 ＋ 간노) × | I18: 0.0356
C19: 산재보험료 | D19: 0 | E19: =부단수원가!E19 -> 0 | F19: =부단수원가!F19 -> 0 | G19: =IFERROR(F19/E19,"") | H19: (직노 ＋ 간노) × | I19: 0.0356
C20: 고용보험료 | D20: 0 | E20: =부단수원가!E20 -> 0 | F20: =부단수원가!F20 -> 0 | G20: =IFERROR(F20/E20,"") | H20: (직노 ＋ 간노) × | I20: 0.0101
C21: 고용보험료 | D21: 0 | E21: =부단수원가!E21 -> 0 | F21: =부단수원가!F21 -> 0 | G21: =IFERROR(F21/E21,"") | H21: (직노 ＋ 간노) × | I21: 0.0101
C22: 건강보험료 | D22: =INT(D10*I22) -> 2013111 | E22: =부단수원가!E22 -> 2013111 | F22: =부단수원가!F22 -> 1412584 | G22: =IFERROR(F22/E22,"") -> 0.70169206 | H22: (직노) × | I22: 0.03545
C23: 건강보험료 | D23: =INT(D11*I23) -> 2013111 | E23: =부단수원가!E23 -> 1584251 | F23: =부단수원가!F23 -> 1584251 | G23: =IFERROR(F23/E23,"") -> 1 | H23: (직노) × | I23: 0.03545
C24: 연금보험료 | D24: =INT(D10*I24) -> 2555430 | E24: =부단수원가!E24 -> 2555430 | F24: =부단수원가!F24 -> 1793125 | G24: =IFERROR(F24/E24,"") -> 0.70169208 | H24: (직노) × | I24: 0.045
C25: 연금보험료 | D25: =INT(D11*I25) -> 2555430 | E25: =부단수원가!E25 -> 2011039 | F25: =부단수원가!F25 -> 2011039 | G25: =IFERROR(F25/E25,"") -> 1 | H25: (직노) × | I25: 0.045
C26: 노인장기요양보험료 | D26: =INT(D22*I26) -> 260697 | E26: =부단수원가!E26 -> 260697 | F26: =부단수원가!F26 -> 182929 | G26: =IFERROR(F26/E26,"") -> 0.701692 | H26: (건강보험료) × | I26: 0.1295
C27: 노인장기요양보험료 | D27: =INT(D23*I27) -> 260697 | E27: =부단수원가!E27 -> 205160 | F27: =부단수원가!F27 -> 205160 | G27: =IFERROR(F27/E27,"") -> 1 | H27: (건강보험료) × | I27: 0.1295
C28: 퇴직공제부금비 | D28: 0 | E28: =부단수원가!E28 -> 0 | F28: =부단수원가!F28 -> 0 | G28: =IFERROR(F28/E28,"") | H28: (직노) × | I28: 0.023
C29: 퇴직공제부금비 | D29: 0 | E29: =부단수원가!E29 -> 929100 | F29: =부단수원가!F29 -> 916486 | G29: =IFERROR(F29/E29,"") -> 0.98642342 | H29: (직노) × | I29: 0.023
C30: 건설기계지급보증서 | D30: 0 | E30: =부단수원가!E30 -> 0 | F30: =부단수원가!F30 -> 0 | G30: =IFERROR(F30/E30,"") | H30: (재료＋직노＋산경) × | I30: 0.004
C31: 건설기계지급보증서 | D31: 0 | E31: =부단수원가!E31 -> 0 | F31: =부단수원가!F31 -> 0 | G31: =IFERROR(F31/E31,"") | H31: (재료＋직노＋산경) × | I31: 0.004
C32: 안전관리비 | D32: 0 | E32: =부단수원가!E32 -> 0 | F32: =부단수원가!F32 -> 0 | G32: =IFERROR(F32/E32,"")
C33: 안전관리비 | D33: 0 | E33: =부단수원가!E33 -> 0 | F33: =부단수원가!F33 -> 0 | G33: =IFERROR(F33/E33,"")
C34: 신기술사용료 | D34: 0 | E34: =부단수원가!E34 -> 0 | F34: =부단수원가!F34 -> 0 | G34: =IFERROR(F34/E34,"")
C35: 신기술사용료 | D35: 0 | E35: =부단수원가!E35 -> 0 | F35: =부단수원가!F35 -> 0 | G35: =IFERROR(F35/E35,"")
C36: 품질관리비 | D36: 0 | E36: =부단수원가!E36 -> 0 | F36: =부단수원가!F36 -> 0 | G36: =IFERROR(F36/E36,"")
C37: 품질관리비 | D37: 0 | E37: =부단수원가!E37 -> 0 | F37: =부단수원가!F37 -> 0 | G37: =IFERROR(F37/E37,"")
C38: 산업안전보건관리비 | D38: =INT(((D8+D10)*I38+K38)*O38)*0 -> 0 | E38: =부단수원가!E38 -> 0 | F38: =부단수원가!F38 -> 0 | G38: =IFERROR(F38/E38,"") | H38: ((재료＋직노) × | I38: 0.0199 | J38: ＋ | K38: 0 | M38: ) | N38: × | O38: 1.2 | Q38: ※산업안전보건관리비 산출
C39: 산업안전보건관리비 | D39: =INT(((D9+D11)*I39+K39)*O39)*0 -> 0 | E39: =부단수원가!E39 -> 0 | F39: =부단수원가!F39 -> 0 | G39: =IFERROR(F39/E39,"") | H39: ((재료＋직노) × | I39: 0.0199 | J39: ＋ | K39: 0 | M39: ) | N39: × | O39: 1.2 | Q39: ※산업안전보건관리비 산출
A40: 순 공 사 원 가 | B40: 경 비 | C40: 환경보전비 | D40: 0 | E40: =부단수원가!E40 -> 0 | F40: =부단수원가!F40 -> 0 | G40: =IFERROR(F40/E40,"") | H40: (재료 ＋ 직노 ＋ 산경) × | I40: 0.005 | Q40: ①:((재＋직노)×요율+기초금액)×1.2
C41: 환경보전비 | D41: 0 | E41: =부단수원가!E41 -> 0 | F41: =부단수원가!F41 -> 0 | G41: =IFERROR(F41/E41,"") | H41: (재료 ＋ 직노 ＋ 산경) × | I41: 0.005 | Q41: ①:((재＋직노)×요율+기초금액)×1.2
C42: 가설비 | D42: 0 | E42: =부단수원가!E42 -> 0 | F42: =부단수원가!F42 -> 0 | G42: =IFERROR(F42/E42,"")
C43: 가설비 | D43: 0 | E43: =부단수원가!E43 -> 0 | F43: =부단수원가!F43 -> 0 | G43: =IFERROR(F43/E43,"")
C44: 관급자재관리비 | D44: 0 | E44: =부단수원가!E44 -> 0 | F44: =부단수원가!F44 -> 0 | G44: =IFERROR(F44/E44,"")
C45: 관급자재관리비 | D45: 0 | E45: =부단수원가!E45 -> 0 | F45: =부단수원가!F45 -> 0 | G45: =IFERROR(F45/E45,"")
C46: 시공상세도작성비 | D46: 0 | E46: =부단수원가!E46 -> 0 | F46: =부단수원가!F46 -> 0 | G46: =IFERROR(F46/E46,"")
C47: 시공상세도작성비 | D47: 0 | E47: =부단수원가!E47 -> 0 | F47: =부단수원가!F47 -> 0 | G47: =IFERROR(F47/E47,"")
C48: 하도급발급수수료 | D48: 0 | E48: =부단수원가!E48 -> 0 | F48: =부단수원가!F48 -> 0 | G48: =IFERROR(F48/E48,"") | H48: (재료 ＋ 직노 ＋ 산경) × | I48: 0.00081 | Q48: ②:((재＋직노)×요율)＋기초금액)×1.2
C49: 하도급발급수수료 | D49: 0 | E49: =부단수원가!E49 -> 0 | F49: =부단수원가!F49 -> 0 | G49: =IFERROR(F49/E49,"") | H49: (재료 ＋ 직노 ＋ 산경) × | I49: 0.00081 | Q49: ②:((재＋직노)×요율)＋기초금액)×1.2
C50: 공사이행보증수수료 | D50: =INT((0+((D4+D10+D16)-0)*0%*0)) -> 0 | E50: =부단수원가!E50 -> 0 | F50: =부단수원가!F50 -> 0 | G50: =IFERROR(F50/E50,"") | H50: {0백만원＋(직접공사비-0억원) × 0.00% × 공기년수 | Q50: ①,②중 작은금액 적용
C51: 공사이행보증수수료 | D51: =INT((0+((D5+D11+D17)-0)*0%*0)) -> 0 | E51: =부단수원가!E51 -> 0 | F51: =부단수원가!F51 -> 0 | G51: =IFERROR(F51/E51,"") | H51: {0백만원＋(직접공사비-0억원) × 0.00% × 공기년수 | Q51: ①,②중 작은금액 적용
C52: 기 타 경 비 | D52: =INT((D8+D14)*I52) -> 15948507 | E52: =부단수원가!E52 -> 9473155 | F52: =부단수원가!F52 -> 8702122 | G52: =IFERROR(F52/E52,"") -> 0.91860864 | H52: (재료 ＋ 노무) × | I52: 0.058
C53: 기 타 경 비 | D53: =INT((D9+D15)*I53) -> 13125835 | E53: =부단수원가!E53 -> 9473155 | F53: =부단수원가!F53 -> 8702122 | G53: =IFERROR(F53/E53,"") -> 0.91860864 | H53: (재료 ＋ 노무) × | I53: 0.058
C54: 소 계 | D54: =SUM(D16:D52) -> 197807575 | E54: =부단수원가!E54 -> 75549837 | F54: =부단수원가!F54 -> 58972556 | G54: =IFERROR(F54/E54,"") -> 0.7805782
C55: 소 계 | D55: =SUM(D17:D53) -> 124833114 | E55: =부단수원가!E55 -> 75450149 | F55: =부단수원가!F55 -> 60300854 | G55: =IFERROR(F55/E55,"") -> 0.79921451
A56: 일반관리비 | D56: =INT((D8+D14+D54)*I56) -> 28366910 | E56: =부단수원가!E56 -> 14332806 | F56: =부단수원가!F56 -> 12540549 | G56: =IFERROR(F56/E56,"") -> 0.87495421 | H56: (재료 ＋ 노무 ＋ 경비) × | I56: 0.06
A57: 일반관리비 | D57: =INT((D9+D15+D55)*I57) -> 21068437 | E57: =부단수원가!E57 -> 14326824 | F57: =부단수원가!F57 -> 12620246 | G57: =IFERROR(F57/E57,"") -> 0.88088232 | H57: (재료 ＋ 노무 ＋ 경비) × | I57: 0.06
A58: 이윤 | D58: =INT((D14+D54+D56)*I58)-1905 -> 52178558 | E58: =부단수원가!E58 -> 20405275 | F58: =부단수원가!F58 -> 17550300 | G58: =IFERROR(F58/E58,"") -> 0.86008642 | H58: (노무 ＋ 경비 ＋ 일반) × | I58: 0.15
A59: 이윤 | D59: =INT((D15+D55+D57)*I59)-1905 -> 32837605 | E59: =부단수원가!E59 -> 20347309 | F59: =부단수원가!F59 -> 17769578 | G59: =IFERROR(F59/E59,"") -> 0.87331342 | H59: (노무 ＋ 경비 ＋ 일반) × | I59: 0.15
A60: 부산물처리(△) | D60: 0 | E60: =부단수원가!E60 -> 0 | F60: =부단수원가!F60 -> 0 | G60: =IFERROR(F60/E60,"") | H60: 고제처리
A61: 부산물처리(△) | D61: 0 | E61: =부단수원가!E61 -> 0 | F61: =부단수원가!F61 -> 0 | G61: =IFERROR(F61/E61,"") | H61: 고제처리
A62: 미확정공종금액(PS) | D62: 0 | E62: =부단수원가!E62 -> 0 | F62: =부단수원가!F62 -> 0 | G62: =IFERROR(F62/E62,"") | H62: 감독용차량비 및 시공상세도 작성비
A63: 미확정공종금액(PS) | D63: 0 | E63: =부단수원가!E63 -> 0 | F63: =부단수원가!F63 -> 0 | G63: =IFERROR(F63/E63,"") | H63: 감독용차량비 및 시공상세도 작성비
A64: 공사손해보험료 | D64: 0 | E64: =부단수원가!E64 -> 0 | F64: =부단수원가!F64 -> 0 | G64: =IFERROR(F64/E64,"") | H64: (총원가+관급자재비) × 0%
A65: 공사손해보험료 | D65: 0 | E65: =부단수원가!E65 -> 0 | F65: =부단수원가!F65 -> 0 | G65: =IFERROR(F65/E65,"") | H65: (총원가+관급자재비) × 0%
A66: 공급가액 | D66: =D8+D14+D54+D56+D58+D60+D62 -> 553327304 | E66: =부단수원가!E66 -> 273618182 | F66: =부단수원가!F66 -> 239100000 | G66: =IFERROR(F66/E66,"") -> 0.87384544
A67: 공급가액 | D67: =D9+D15+D55+D57+D59+D61+D63 -> 405046666 | E67: =부단수원가!E67 -> 273454546 | F67: =부단수원가!F67 -> 240727273 | G67: =IFERROR(F67/E67,"") -> 0.88031915
A68: 부가가치세 | D68: =INT(D66*I68) -> 55332730 | E68: =부단수원가!E68 -> 27361818 | F68: =부단수원가!F68 -> 23910000 | G68: =IFERROR(F68/E68,"") -> 0.87384544 | H68: 공급가액 × | I68: 0.1
A69: 부가가치세 | D69: =INT(D67*I69) -> 40504666 | E69: =부단수원가!E69 -> 27345454 | F69: =부단수원가!F69 -> 24072727 | G69: =IFERROR(F69/E69,"") -> 0.88031916 | H69: 공급가액 × | I69: 0.1
A70: 도급예정액 | D70: =D66+D68 -> 608660034 | E70: =부단수원가!E70 -> 300980000 | F70: =부단수원가!F70 -> 263010000 | G70: =IFERROR(F70/E70,"") -> 0.87384544 | H70: 단수조정(십만원이하 절사)
A71: 도급예정액 | D71: =D67+D69 -> 445551332 | E71: =부단수원가!E71 -> 300800000 | F71: =부단수원가!F71 -> 264800000 | G71: =IFERROR(F71/E71,"") -> 0.88031915 | H71: 단수조정(십만원이하 절사)
A72: 총공사비 | D72: =SUM(D70:D70) -> 608660034 | E72: =부단수원가!E72 -> 300980000 | F72: =부단수원가!F72 -> 263010000 | G72: =IFERROR(F72/E72,"") -> 0.87384544
A73: 총공사비 | D73: =SUM(D71:D71) -> 445551332 | E73: =부단수원가!E73 -> 300800000 | F73: =부단수원가!F73 -> 264800000 | G73: =IFERROR(F73/E73,"") -> 0.88031915

Sheet 3.하도급 총괄집계표
A7: 3. 하도급 총괄집계표 (변 경)

Sheet 하도총괄집계표
A1: 하 도 급 총 괄 집 계 표(변 경)
A2: 공사명 : | B2: =기초자료!C1 -> 옥회천지방하천정비공사 지장관로이설공사 중 부단수공사
A3: 구 분 | B3: 공 종 명 | C3: 금 액 | E3: 요율(%) | G3: 비 고
C4: 원도급금액 | D4: 하도급 금액 | F4: 표준분류코드 | BB4: 메모
A5: ※ | B5: 도급공사비 | C5: =C77 -> 300980000 | D5: =D77 -> 263010000 | E5: =IFERROR(D5/C5,"") -> 0.87384544
A6: ※ | B6: 도급공사비 | C6: =C78 -> 300800000 | D6: =D78 -> 264800000 | E6: =IFERROR(D6/C6,"") -> 0.88031915
A7: 가 | B7: 직접공사비 | C7: =C9 -> 218801127 | D7: =D9 -> 191220236 | E7: =IFERROR(D7/C7,"") -> 0.87394539 | J7: 10
A8: 가 | B8: 직접공사비 | C8: =C10 -> 218801127 | D8: =D10 -> 191220236 | E8: =IFERROR(D8/C8,"") -> 0.87394539 | J8: 10
A9: Ⅰ | B9: 상수도시설 | C9: =C11 -> 218801127 | D9: =D11 -> 191220236 | E9: =IFERROR(D9/C9,"") -> 0.87394539 | F9: F1400
A10: Ⅰ | B10: 상수도시설 | C10: =C12 -> 218801127 | D10: =D12 -> 191220236 | E10: =IFERROR(D10/C10,"") -> 0.87394539 | F10: F1400
A11: Ⅰ.1 | B11: 송수시설 | C11: =C13 -> 218801127 | D11: =D13 -> 191220236 | E11: =IFERROR(D11/C11,"") -> 0.87394539 | F11: F1441
A12: Ⅰ.1 | B12: 송수시설 | C12: =C14 -> 218801127 | D12: =D14 -> 191220236 | E12: =IFERROR(D12/C12,"") -> 0.87394539 | F12: F1441
A13: 2 | B13: 관로공 | C13: =C17 -> 218801127 | D13: =D17 -> 191220236 | E13: =IFERROR(D13/C13,"") -> 0.87394539 | F13: CG | J13: 30 | L13: A0200 | BC13: =HYPERLINK("#내역서!A35","A0200 →") -> A0200 →
A14: 2 | B14: 관로공 | C14: =C18 -> 218801127 | D14: =D18 -> 191220236 | E14: =IFERROR(D14/C14,"") -> 0.87394539 | F14: CG | J14: 30 | L14: A0200 | BC14: =HYPERLINK("#내역서!A35","A0200 →") -> A0200 →
E15: =IFERROR(D15/C15,"")
E16: =IFERROR(D16/C16,"")
A17: 2 | B17: 관로공 | C17: =C19 -> 218801127 | D17: =D19 -> 191220236 | E17: =IFERROR(D17/C17,"") -> 0.87394539 | F17: CG | I17: A0200 | T17: =#REF!+#REF!+#REF!+#REF!+#REF!+#REF!+#REF!+#REF!+#REF!+#REF!+#REF!+#REF!+#REF!+#REF!+#REF!+#REF!+#REF!+#REF!+#REF!+#REF!+#REF!+#REF!+#REF!+#REF!+#REF!+#REF!+#REF!+#REF!+#REF!+#REF!+#REF!+#REF!+#REF!+#REF!+#REF!+#REF!+#REF! -> #REF! | U17: =#REF!+#REF!+#REF!+#REF!+#REF!+#REF!+#REF!+#REF!+#REF!+#REF!+#REF!+#REF!+#REF!+#REF!+#REF!+#REF!+#REF!+#REF!+#REF!+#REF!+#REF!+#REF!+#REF!+#REF!+#REF!+#REF!+#REF!+#REF!+#REF!+#REF!+#REF!+#REF!+#REF!+#REF!+#REF!+#REF!+#REF! -> #REF! | V17: =#REF!+#REF!+#REF!+#REF!+#REF!+#REF!+#REF!+#REF!+#REF!+#REF!+#REF!+#REF!+#REF!+#REF!+#REF!+#REF!+#REF!+#REF!+#REF!+#REF!+#REF!+#REF!+#REF!+#REF!+#REF!+#REF!+#REF!+#REF!+#REF!+#REF!+#REF!+#REF!+#REF!+#REF!+#REF!+#REF!+#REF! -> #REF!
A18: 2 | B18: 관로공 | C18: =C20 -> 218801127 | D18: =D20 -> 191220236 | E18: =IFERROR(D18/C18,"") -> 0.87394539 | F18: CG | I18: A0200 | T18: =#REF!+#REF!+#REF!+#REF!+#REF!+#REF!+#REF!+#REF!+#REF!+#REF!+#REF!+#REF!+#REF!+#REF!+#REF!+#REF!+#REF!+#REF!+#REF!+#REF!+#REF!+#REF!+#REF!+#REF!+#REF!+#REF!+#REF!+#REF!+#REF!+#REF!+#REF!+#REF!+#REF!+#REF!+#REF!+#REF!+#REF! -> #REF! | U18: =#REF!+#REF!+#REF!+#REF!+#REF!+#REF!+#REF!+#REF!+#REF!+#REF!+#REF!+#REF!+#REF!+#REF!+#REF!+#REF!+#REF!+#REF!+#REF!+#REF!+#REF!+#REF!+#REF!+#REF!+#REF!+#REF!+#REF!+#REF!+#REF!+#REF!+#REF!+#REF!+#REF!+#REF!+#REF!+#REF!+#REF! -> #REF! | V18: =#REF!+#REF!+#REF!+#REF!+#REF!+#REF!+#REF!+#REF!+#REF!+#REF!+#REF!+#REF!+#REF!+#REF!+#REF!+#REF!+#REF!+#REF!+#REF!+#REF!+#REF!+#REF!+#REF!+#REF!+#REF!+#REF!+#REF!+#REF!+#REF!+#REF!+#REF!+#REF!+#REF!+#REF!+#REF!+#REF!+#REF! -> #REF!
A19: 2.10 | B19: 부단수차단 | C19: =부단수!O6 -> 218801127 | D19: =부단수!W6 -> 191220236 | E19: =IFERROR(D19/C19,"") -> 0.87394539 | F19: CGO | J19: 10 | T19: =#REF!+#REF!+#REF!+#REF!+#REF!+#REF!+#REF!+#REF!+#REF!+#REF!+#REF!+#REF!+#REF! -> #REF! | U19: =#REF!+#REF!+#REF!+#REF!+#REF!+#REF!+#REF!+#REF!+#REF!+#REF!+#REF!+#REF!+#REF! -> #REF! | V19: =#REF!+#REF!+#REF!+#REF!+#REF!+#REF!+#REF!+#REF!+#REF!+#REF!+#REF!+#REF!+#REF! -> #REF!
A20: 2.10 | B20: 부단수차단 | C20: =부단수!O7 -> 218801127 | D20: =부단수!W7 -> 191220236 | E20: =IFERROR(D20/C20,"") -> 0.87394539 | F20: CGO | J20: 10 | T20: =#REF!+#REF!+#REF!+#REF!+#REF!+#REF!+#REF!+#REF!+#REF!+#REF!+#REF!+#REF!+#REF! -> #REF! | U20: =#REF!+#REF!+#REF!+#REF!+#REF!+#REF!+#REF!+#REF!+#REF!+#REF!+#REF!+#REF!+#REF! -> #REF! | V20: =#REF!+#REF!+#REF!+#REF!+#REF!+#REF!+#REF!+#REF!+#REF!+#REF!+#REF!+#REF!+#REF! -> #REF!
A23: 나 | B23: 간접공사비 | C23: =SUM(C25:C61) -> 65166543 | D23: =D25+D27+D29+D31+D33+D35+D37+D39+D41+D43+D45+D47+D49+D51+D53+D55+D57+D59+D61 -> 17788915 | E23: =IFERROR(D23/C23,"") -> 0.2729762
A24: 나 | B24: 간접공사비 | C24: =SUM(C26:C62) -> 68863117 | D24: =D26+D28+D30+D32+D34+D36+D38+D40+D42+D44+D46+D48+D50+D52+D54+D56+D58+D60+D62 -> 19117213 | E24: =IFERROR(D24/C24,"") -> 0.27761179
A25: 1 | B25: 간접노무비 | C25: =부단수원가!E12 -> 5776581 | D25: =부단수원가!F12 -> 5698155 | E25: =IFERROR(D25/C25,"") -> 0.98642346
A26: 1 | B26: 간접노무비 | C26: =부단수원가!E13 -> 5776581 | D26: =부단수원가!F13 -> 5698155 | E26: =IFERROR(D26/C26,"") -> 0.98642346
A27: 2 | B27: 산재보험료 | C27: =[327]산출내역서!G101 -> 0 | D27: =부단수원가!F18 -> 0 | E27: =IFERROR(D27/C27,"")
A28: 2 | B28: 산재보험료 | C28: =[327]산출내역서!G102 -> 0 | D28: =부단수원가!F19 -> 0 | E28: =IFERROR(D28/C28,"")
A29: 3 | B29: 고용보험료 | C29: =[327]산출내역서!G102 -> 0 | D29: =부단수원가!F20 -> 0 | E29: =IFERROR(D29/C29,"")
A30: 3 | B30: 고용보험료 | C30: =[327]산출내역서!G103 -> 8265086 | D30: =부단수원가!F21 -> 0 | E30: =IFERROR(D30/C30,"") -> 0
A31: 4 | B31: 건강보험료 | C31: =부단수원가!E22 -> 2013111 | D31: =부단수원가!F22 -> 1412584 | E31: =IFERROR(D31/C31,"") -> 0.70169206
A32: 4 | B32: 건강보험료 | C32: =부단수원가!E23 -> 1584251 | D32: =부단수원가!F23 -> 1584251 | E32: =IFERROR(D32/C32,"") -> 1
A33: 5 | B33: 연금보험료 | C33: =부단수원가!E24 -> 2555430 | D33: =부단수원가!F24 -> 1793125 | E33: =IFERROR(D33/C33,"") -> 0.70169208
A34: 5 | B34: 연금보험료 | C34: =부단수원가!E25 -> 2011039 | D34: =부단수원가!F25 -> 2011039 | E34: =IFERROR(D34/C34,"") -> 1
A35: 6 | B35: 노인장기요양보험료 | C35: =부단수원가!E26 -> 260697 | D35: =부단수원가!F26 -> 182929 | E35: =IFERROR(D35/C35,"") -> 0.701692
A36: 6 | B36: 노인장기요양보험료 | C36: =부단수원가!E27 -> 205160 | D36: =부단수원가!F27 -> 205160 | E36: =IFERROR(D36/C36,"") -> 1
A37: 7 | B37: 퇴직공제부금비 | C37: =부단수원가!E28 -> 0 | D37: =부단수원가!F28 -> 0 | E37: =IFERROR(D37/C37,"")
A38: 7 | B38: 퇴직공제부금비 | C38: =부단수원가!E29 -> 929100 | D38: =부단수원가!F29 -> 916486 | E38: =IFERROR(D38/C38,"") -> 0.98642342
A39: 8 | B39: 건설기계지급보증서 | C39: =부단수원가!E30 -> 0 | D39: =부단수원가!F30 -> 0 | E39: =IFERROR(D39/C39,"")
A40: 8 | B40: 건설기계지급보증서 | C40: =부단수원가!E31 -> 0 | D40: =부단수원가!F31 -> 0 | E40: =IFERROR(D40/C40,"")
A41: 9 | B41: 안전관리비 | C41: =[327]산출내역서!G108 -> 0 | D41: =부단수원가!F32 -> 0 | E41: =IFERROR(D41/C41,"")
A42: 9 | B42: 안전관리비 | C42: =[327]산출내역서!G109 -> 0 | D42: =부단수원가!F33 -> 0 | E42: =IFERROR(D42/C42,"")
A43: 10 | B43: 신기술사용료 | C43: =[327]산출내역서!G109 -> 0 | D43: =부단수원가!F34 -> 0 | E43: =IFERROR(D43/C43,"")
A44: 10 | B44: 신기술사용료 | C44: =[327]산출내역서!G110 -> 0 | D44: =부단수원가!F35 -> 0 | E44: =IFERROR(D44/C44,"")
A45: 11 | B45: 품질관리비 | C45: =[327]산출내역서!G110 -> 0 | D45: =부단수원가!F36 -> 0 | E45: =IFERROR(D45/C45,"")
A46: 11 | B46: 품질관리비 | C46: =[327]산출내역서!G111 -> 0 | D46: =부단수원가!F37 -> 0 | E46: =IFERROR(D46/C46,"")
A47: 12 | B47: 산업안전보건관리비 | C47: =[327]산출내역서!G111 -> 0 | D47: =부단수원가!F38 -> 0 | E47: =IFERROR(D47/C47,"")
A48: 12 | B48: 산업안전보건관리비 | C48: =[327]산출내역서!G112 -> 0 | D48: =부단수원가!F39 -> 0 | E48: =IFERROR(D48/C48,"")
A49: 13 | B49: 환경보전비 | C49: =[327]산출내역서!G112 -> 0 | D49: =부단수원가!F40 -> 0 | E49: =IFERROR(D49/C49,"")
A50: 13 | B50: 환경보전비 | C50: =[327]산출내역서!G113 -> 0 | D50: =부단수원가!F41 -> 0 | E50: =IFERROR(D50/C50,"")
A51: 14 | B51: 가설비 | C51: =[327]산출내역서!G113 -> 0 | D51: =부단수원가!F42 -> 0 | E51: =IFERROR(D51/C51,"")
A52: 14 | B52: 가설비 | C52: =[327]산출내역서!G114 -> 0 | D52: =부단수원가!F43 -> 0 | E52: =IFERROR(D52/C52,"")
A53: 15 | B53: 관급자재관리비 | C53: =[327]산출내역서!G114 -> 0 | D53: =부단수원가!F44 -> 0 | E53: =IFERROR(D53/C53,"")
A54: 15 | B54: 관급자재관리비 | C54: =[327]산출내역서!G115 -> 0 | D54: =부단수원가!F45 -> 0 | E54: =IFERROR(D54/C54,"")
A55: 16 | B55: 하도급발급수수료 | C55: =[327]산출내역서!G116 -> 0 | D55: =부단수원가!F46 -> 0 | E55: =IFERROR(D55/C55,"")
A56: 16 | B56: 하도급발급수수료 | C56: =[327]산출내역서!G117 -> 0 | D56: =부단수원가!F47 -> 0 | E56: =IFERROR(D56/C56,"")
A57: 17 | B57: 시공상세도작성비 | C57: =[327]산출내역서!G115 -> 0 | D57: =부단수원가!F48 -> 0 | E57: =IFERROR(D57/C57,"")
A58: 17 | B58: 시공상세도작성비 | C58: =[327]산출내역서!G116 -> 0 | D58: =부단수원가!F49 -> 0 | E58: =IFERROR(D58/C58,"")
A59: 18 | B59: 공사이행보증수수료 | C59: =[327]산출내역서!G117 -> 0 | D59: =부단수원가!F50 -> 0 | E59: =IFERROR(D59/C59,"")
A60: 18 | B60: 공사이행보증수수료 | C60: =[327]산출내역서!G118 -> 26316352 | D60: =부단수원가!F51 -> 0 | E60: =IFERROR(D60/C60,"") -> 0
A61: 19 | B61: 기 타 경 비 | C61: =부단수원가!E52 -> 9473155 | D61: =부단수원가!F52 -> 8702122 | E61: =IFERROR(D61/C61,"") -> 0.91860864
A62: 19 | B62: 기 타 경 비 | C62: =부단수원가!E53 -> 9473155 | D62: =부단수원가!F53 -> 8702122 | E62: =IFERROR(D62/C62,"") -> 0.91860864
A63: 다 | B63: 일반관리비 | C63: =부단수원가!E56 -> 14332806 | D63: =부단수원가!F56 -> 12540549 | E63: =IFERROR(D63/C63,"") -> 0.87495421
A64: 다 | B64: 일반관리비 | C64: =부단수원가!E57 -> 14326824 | D64: =부단수원가!F57 -> 12620246 | E64: =IFERROR(D64/C64,"") -> 0.88088232
A65: 라 | B65: 이윤 | C65: =부단수원가!E58 -> 20405275 | D65: =부단수원가!F58 -> 17550300 | E65: =IFERROR(D65/C65,"") -> 0.86008642
A66: 라 | B66: 이윤 | C66: =부단수원가!E59 -> 20347309 | D66: =부단수원가!F59 -> 17769578 | E66: =IFERROR(D66/C66,"") -> 0.87331342
A67: 마 | B67: 부산물처리(△) | C67: =[327]산출내역서!G121 -> 0 | D67: =부단수원가!F60 -> 0 | E67: =IFERROR(D67/C67,"")
A68: 마 | B68: 부산물처리(△) | C68: =[327]산출내역서!G122 -> 0 | D68: =부단수원가!F61 -> 0 | E68: =IFERROR(D68/C68,"")
A69: 바 | B69: PS금액 | C69: =[327]산출내역서!G122 -> 0 | D69: =부단수원가!F62 -> 0 | E69: =IFERROR(D69/C69,"")
A70: 바 | B70: PS금액 | C70: =[327]산출내역서!G123 -> 0 | D70: =부단수원가!F63 -> 0 | E70: =IFERROR(D70/C70,"")
A71: 사 | B71: 공사손해보험료 | C71: =[327]산출내역서!G123 -> 0 | D71: =부단수원가!F64 -> 0 | E71: =IFERROR(D71/C71,"")
A72: 사 | B72: 공사손해보험료 | C72: =[327]산출내역서!G124 -> 702727273 | D72: =부단수원가!F65 -> 0 | E72: =IFERROR(D72/C72,"") -> 0
A73: 아 | B73: 공급가액 | C73: =부단수원가!E66 -> 273618182 | D73: =부단수원가!F66 -> 239100000 | E73: =IFERROR(D73/C73,"") -> 0.87384544
A74: 아 | B74: 공급가액 | C74: =부단수원가!E67 -> 273454546 | D74: =부단수원가!F67 -> 240727273 | E74: =IFERROR(D74/C74,"") -> 0.88031915
A75: 자 | B75: 부가가치세 | C75: =부단수원가!E68 -> 27361818 | D75: =부단수원가!F68 -> 23910000 | E75: =IFERROR(D75/C75,"") -> 0.87384544
A76: 자 | B76: 부가가치세 | C76: =부단수원가!E69 -> 27345454 | D76: =부단수원가!F69 -> 24072727 | E76: =IFERROR(D76/C76,"") -> 0.88031916
A77: 차 | B77: 도급예정액 | C77: =C73+C75 -> 300980000 | D77: =부단수원가!F70 -> 263010000 | E77: =IFERROR(D77/C77,"") -> 0.87384544
A78: 차 | B78: 도급예정액 | C78: =C74+C76 -> 300800000 | D78: =부단수원가!F71 -> 264800000 | E78: =IFERROR(D78/C78,"") -> 0.88031915

Sheet 4.하도급 내역서
A7: 4. 하도급 내역서(변 경)

Sheet 하도급내역서
A2: 하도급 내역서(변 경,특허-부단수)
A4: 번호 | B4: 항목 | C4: 규격 | D4: 수량 | E4: 단위 | F4: 설계금액 | H4: 재료비 | J4: 노무비 | L4: 경 비 | N4: 도급금액 | P4: 재료비 | R4: 노무비 | T4: 경 비 | V4: 하도급금액 | X4: 재료비 | Z4: 노무비 | AB4: 경 비 | AD4: 비고
F5: 단 가 | G5: 금 액 | H5: 단 가 | I5: 금 액 | J5: 단 가 | K5: 금 액 | L5: 단 가 | M5: 금 액 | N5: 단 가 | O5: 금 액 | P5: 단 가 | Q5: 금 액 | R5: 단 가 | S5: 금 액 | T5: 단 가 | U5: 금 액 | V5: 단 가 | W5: 금 액 | X5: 단 가 | Y5: 금 액 | Z5: 단 가 | AA5: 금 액 | AB5: 단 가 | AC5: 금 액
B6: 총공사원가 | G6: =G8 -> 296166628 | I6: =I8 -> 153278992 | K6: =K8 -> 56787340 | M6: =M8 -> 86100296 | O6: =O8 -> 218801127 | Q6: =Q8 -> 117158010 | S6: =S8 -> 40395673 | U6: =U8 -> 61247444 | W6: =W8 -> 191220236 | Y6: =Y8 -> 104491200 | AA6: =AA8 -> 39847240 | AC6: =AC8 -> 46881796 | AE6: 합계
B7: 총공사원가 | G7: =G14 -> 296166628 | I7: =I14 -> 153278992 | K7: =K14 -> 56787340 | M7: =M14 -> 86100296 | O7: =O14 -> 218801127 | Q7: =Q14 -> 117158010 | S7: =S14 -> 40395673 | U7: =U14 -> 61247444 | W7: =W14 -> 191220236 | Y7: =Y14 -> 104491200 | AA7: =AA14 -> 39847240 | AC7: =AC14 -> 46881796 | AE7: 합계
A8: 가 | B8: 직접공사비 | G8: =I8+K8+M8 -> 296166628 | I8: =I15 -> 153278992 | K8: =K15 -> 56787340 | M8: =M15 -> 86100296 | O8: =Q8+S8+U8 -> 218801127 | Q8: =Q15 -> 117158010 | S8: =S15 -> 40395673 | U8: =U15 -> 61247444 | W8: =Y8+AA8+AC8 -> 191220236 | Y8: =Y15 -> 104491200 | AA8: =AA15 -> 39847240 | AC8: =AC15 -> 46881796 | AE8: 합계
A9: Ⅰ | B9: 공통시설 | G9: =I9+K9+M9 -> 0 | I9: 0 | K9: 0 | M9: =M10 -> 0 | O9: =Q9+S9+U9 -> 0 | Q9: 0 | S9: 0 | U9: =U10 -> 0 | W9: =Y9+AA9+AC9 -> 0 | Y9: 0 | AA9: 0 | AC9: =AC10 -> 0 | AE9: 합계
A10: 1 | B10: 공통공사 | G10: =I10+K10+M10 -> 0 | I10: =I11 -> 0 | K10: =K11 -> 0 | M10: =M11 -> 0 | O10: =Q10+S10+U10 -> 0 | Q10: =Q11 -> 0 | S10: =S11 -> 0 | U10: =U11 -> 0 | W10: =Y10+AA10+AC10 -> 0 | Y10: =Y11 -> 0 | AA10: =AA11 -> 0 | AC10: =AC11 -> 0 | AE10: 합계
AE11: 직영
AE12: 직영
AE13: 직영
A14: 가 | B14: 직접공사비 | G14: =I14+K14+M14 -> 296166628 | I14: =I29 -> 153278992 | K14: =K29 -> 56787340 | M14: =M29 -> 86100296 | O14: =Q14+S14+U14 -> 218801127 | Q14: =Q29 -> 117158010 | S14: =S29 -> 40395673 | U14: =U29 -> 61247444 | W14: =Y14+AA14+AC14 -> 191220236 | Y14: =Y29 -> 104491200 | AA14: =AA29 -> 39847240 | AC14: =AC29 -> 46881796 | AE14: 합계
A15: Ⅱ | B15: 상수도시설 | G15: =I15+K15+M15 -> 296166628 | I15: =I16+I30+I90+I102+I132+I139 -> 153278992 | K15: =K16+K30+K90+K102+K132+K139 -> 56787340 | M15: =M16+M30+M90+M102+M132+M139 -> 86100296 | O15: =Q15+S15+U15 -> 218801127 | Q15: =Q16+Q30+Q90+Q102+Q132+Q139 -> 117158010 | S15: =S16+S30+S90+S102+S132+S139 -> 40395673 | U15: =U16+U30+U90+U102+U132+U139 -> 61247444 | W15: =Y15+AA15+AC15 -> 191220236 | Y15: =Y16+Y30+Y90+Y102+Y132+Y139 -> 104491200 | AA15: =AA16+AA30+AA90+AA102+AA132+AA139 -> 39847240 | AC15: =AC16+AC30+AC90+AC102+AC132+AC139 -> 46881796 | AE15: 합계
A16: 1 | B16: 토공 | G16: =I16+K16+M16 -> 0 | I16: =I17+I24 -> 0 | K16: =K17+K24 -> 0 | M16: =M17+M24 -> 0 | O16: =Q16+S16+U16 -> 0 | Q16: =Q17+Q24 -> 0 | S16: =S17+S24 -> 0 | U16: =U17+U24 -> 0 | W16: =Y16+AA16+AC16 -> 0 | Y16: =Y17+Y24 -> 0 | AA16: =AA17+AA24 -> 0 | AC16: =AC17+AC24 -> 0 | AE16: 합계
A17: 1.1 | B17: 기존구조물철거 | G17: =I17+K17+M17 -> 0 | I17: =SUM(I18:I23) -> 0 | K17: =SUM(K18:K23) -> 0 | M17: =SUM(M18:M23) -> 0 | O17: =Q17+S17+U17 -> 0 | Q17: =SUM(Q18:Q23) -> 0 | S17: =SUM(S18:S23) -> 0 | U17: =SUM(U18:U23) -> 0 | W17: =Y17+AA17+AC17 -> 0 | Y17: =SUM(Y18:Y23) -> 0 | AA17: =SUM(AA18:AA23) -> 0 | AC17: =SUM(AC18:AC23) -> 0 | AE17: 합계
AE18: 직영
AE19: 직영
AE20: 직영
AE21: 직영
AE22: 직영
AE23: 직영
A24: 1.2 | B24: 토공작업 | G24: =I24+K24+M24 -> 0 | I24: =SUM(I25:I28) -> 0 | K24: =SUM(K25:K28) -> 0 | M24: =SUM(M25:M28) -> 0 | O24: =Q24+S24+U24 -> 0 | Q24: =SUM(Q25:Q28) -> 0 | S24: =SUM(S25:S28) -> 0 | U24: =SUM(U25:U28) -> 0 | W24: =Y24+AA24+AC24 -> 0 | Y24: =SUM(Y25:Y28) -> 0 | AA24: =SUM(AA25:AA28) -> 0 | AC24: =SUM(AC25:AC28) -> 0 | AE24: 합계
AE25: 가시설
AE26: 직영
AE27: 직영
AE28: 직영
A29: Ⅱ | B29: 상수도시설 | G29: =I29+K29+M29 -> 296166628 | I29: =I30+I44+I104+I116+I146+I153 -> 153278992 | K29: =K30+K44+K104+K116+K146+K153 -> 56787340 | M29: =M30+M44+M104+M116+M146+M153 -> 86100296 | O29: =Q29+S29+U29 -> 218801127 | Q29: =Q30+Q44+Q104+Q116+Q146+Q153 -> 117158010 | S29: =S30+S44+S104+S116+S146+S153 -> 40395673 | U29: =U30+U44+U104+U116+U146+U153 -> 61247444 | W29: =Y29+AA29+AC29 -> 191220236 | Y29: =Y30+Y44+Y104+Y116+Y146+Y153 -> 104491200 | AA29: =AA30+AA44+AA104+AA116+AA146+AA153 -> 39847240 | AC29: =AC30+AC44+AC104+AC116+AC146+AC153 -> 46881796 | AE29: 합계
A30: 2 | B30: 관로공 | G30: =I30+K30+M30 -> 296166628 | I30: =I85 -> 153278992 | K30: =K85 -> 56787340 | M30: =M85 -> 86100296 | O30: =Q30+S30+U30 -> 218801127 | Q30: =Q85 -> 117158010 | S30: =S85 -> 40395673 | U30: =U85 -> 61247444 | W30: =Y30+AA30+AC30 -> 191220236 | Y30: =Y85 -> 104491200 | AA30: =AA85 -> 39847240 | AC30: =AC85 -> 46881796 | AE30: 합계
AE31: 관로공
AE32: 관로공
AE33: 관로공
AE34: 관로공
AE35: 관로공
AE36: 관로공
AE37: 관로공
AE38: 관로공
AE39: 관로공
AE40: 관로공
AE41: 관로공
AE42: 관로공
... AE83: 직영
A84: 2 | B84: 관로공 | G84: =I84+K84+M84 -> 296166628 | I84: =I86 -> 153278992 | K84: =K86 -> 56787340 | M84: =M86 -> 86100296 | O84: =Q84+S84+U84 -> 218801127 | Q84: =Q86 -> 117158010 | S84: =S86 -> 40395673 | U84: =U86 -> 61247444 | W84: =Y84+AA84+AC84 -> 191220236 | Y84: =Y86 -> 104491200 | AA84: =AA86 -> 39847240 | AC84: =AC86 -> 46881796 | AE84: 합계
A85: 2.1 | B85: 부단수차단 | G85: =I85+K85+M85 -> 296166628 | I85: =I87+I89 -> 153278992 | K85: =K87+K89 -> 56787340 | M85: =M87+M89 -> 86100296 | O85: =Q85+S85+U85 -> 218801127 | Q85: =Q87+Q89 -> 117158010 | S85: =S87+S89 -> 40395673 | U85: =U87+U89 -> 61247444 | W85: =Y85+AA85+AC85 -> 191220236 | Y85: =Y87+Y89 -> 104491200 | AA85: =AA87+AA89 -> 39847240 | AC85: =AC87+AC89 -> 46881796 | AE85: 부단수
A86: 2.1 | B86: 부단수차단 | G86: =I86+K86+M86 -> 296166628 | I86: =I88+I150 -> 153278992 | K86: =K88+K150 -> 56787340 | M86: =M88+M150 -> 86100296 | O86: =Q86+S86+U86 -> 218801127 | Q86: =Q88+Q150 -> 117158010 | S86: =S88+S150 -> 40395673 | U86: =U88+U150 -> 61247444 | W86: =Y86+AA86+AC86 -> 191220236 | Y86: =Y88+Y150 -> 104491200 | AA86: =AA88+AA150 -> 39847240 | AC86: =AC88+AC150 -> 46881796 | AE86: 부단수
A87: 2.10.1 | B87: 부단수차단 | C87: 강관(D800MM) | D87: 1 | E87: 식 | F87: =H87+J87+L87 -> 139025280 | G87: =I87+K87+M87 -> 139025280 | H87: 71272968 | I87: =TRUNC(H87*D87,0) -> 71272968 | J87: 26731220 | K87: =TRUNC(J87*D87,0) -> 26731220 | L87: 41021092 | M87: =TRUNC(L87*D87,0) -> 41021092 | N87: =P87+R87+T87 -> 103895631 | O87: =Q87+S87+U87 -> 103895631 | P87: 55700025 | Q87: =TRUNC(P87*D87,0) -> 55700025 | R87: 19015253 | S87: =TRUNC(R87*D87,0) -> 19015253 | T87: 29180353 | U87: =TRUNC(T87*D87,0) -> 29180353 | V87: =X87+Z87+AB87 -> 90341564 | W87: =Y87+AA87+AC87 -> 90341564 | X87: =[328]내역서!$Z$8 -> 48566828 | Y87: =TRUNC(X87*D87,0) -> 48566828 | Z87: =[328]내역서!$AB$8 -> 18768860 | AA87: =TRUNC(Z87*D87,0) -> 18768860 | AB87: =[328]내역서!$AD$8 -> 23005876 | AC87: =TRUNC(AB87*D87,0) -> 23005876 | AE87: 부단수
A88: 2.10.1 | B88: 부단수차단 | C88: 강관(D800MM) | D88: 1 | E88: 식 | F88: =H88+J88+L88 -> 139025280 | G88: =I88+K88+M88 -> 139025280 | H88: 71272968 | I88: =TRUNC(H88*D88,0) -> 71272968 | J88: 26731220 | K88: =TRUNC(J88*D88,0) -> 26731220 | L88: 41021092 | M88: =TRUNC(L88*D88,0) -> 41021092 | N88: =P88+R88+T88 -> 103895631 | O88: =Q88+S88+U88 -> 103895631 | P88: 55700025 | Q88: =TRUNC(P88*D88,0) -> 55700025 | R88: 19015253 | S88: =TRUNC(R88*D88,0) -> 19015253 | T88: 29180353 | U88: =TRUNC(T88*D88,0) -> 29180353 | V88: =X88+Z88+AB88 -> 90341564 | W88: =Y88+AA88+AC88 -> 90341564 | X88: =[328]내역서!$Z$8 -> 48566828 | Y88: =TRUNC(X88*D88,0) -> 48566828 | Z88: =[328]내역서!$AB$8 -> 18768860 | AA88: =TRUNC(Z88*D88,0) -> 18768860 | AB88: =[328]내역서!$AD$8 -> 23005876 | AC88: =TRUNC(AB88*D88,0) -> 23005876 | AE88: 부단수
A89: 2.10.2 | B89: 부단수차단 | C89: 강관(D900MM) | D89: 1 | E89: 식 | F89: =H89+J89+L89 -> 157141348 | G89: =I89+K89+M89 -> 157141348 | H89: 82006024 | I89: =TRUNC(H89*D89,0) -> 82006024 | J89: 30056120 | K89: =TRUNC(J89*D89,0) -> 30056120 | L89: 45079204 | M89: =TRUNC(L89*D89,0) -> 45079204 | N89: =P89+R89+T89 -> 114905496 | O89: =Q89+S89+U89 -> 114905496 | P89: 61457985 | Q89: =TRUNC(P89*D89,0) -> 61457985 | R89: 21380420 | S89: =TRUNC(R89*D89,0) -> 21380420 | T89: 32067091 | U89: =TRUNC(T89*D89,0) -> 32067091 | V89: =X89+Z89+AB89 -> 100878672 | W89: =Y89+AA89+AC89 -> 100878672 | X89: =[328]내역서!$Z$7 -> 55924372 | Y89: =TRUNC(X89*D89,0) -> 55924372 | Z89: =[328]내역서!$AB$7 -> 21078380 | AA89: =TRUNC(Z89*D89,0) -> 21078380 | AB89: =[328]내역서!$AD$7 -> 23875920 | AC89: =TRUNC(AB89*D89,0) -> 23875920 | AE89: 부단수
AE90: 구조물
AE91: 구조물
AE92: 구조물
AE93: 구조물
AE94: 구조물
AE95: 구조물
AE96: 구조물
AE97: 구조물
AE98: 구조물
AE99: 구조물
AE100: 구조물
AE101: 구조물
... AE131: 가시설
A132: 5 | B132: 부대공 | G132: =I132+K132+M132 -> 0 | I132: =I133+I136 -> 0 | K132: =K133+K136 -> 0 | M132: =M133+M136 -> 0 | O132: =Q132+S132+U132 -> 0 | Q132: =Q133+Q136 -> 0 | S132: =S133+S136 -> 0 | U132: =U133+U136 -> 0 | W132: =Y132+AA132+AC132 -> 0 | Y132: =Y133+Y136 -> 0 | AA132: =AA133+AA136 -> 0 | AC132: =AC133+AC136 -> 0 | AE132: 합계
AE133: 직영
AE134: 직영
AE135: 직영
AE136: 직영
AE137: 직영
AE138: 직영
A139: 6 | B139: 사급자재 | G139: =I139+K139+M139 -> 0 | I139: =I140+I144 -> 0 | K139: =K140+K144 -> 0 | M139: =M140+M144 -> 0 | O139: =Q139+S139+U139 -> 0 | Q139: =Q140+Q144 -> 0 | S139: =S140+S144 -> 0 | U139: =U140+U144 -> 0 | W139: =Y139+AA139+AC139 -> 0 | Y139: =Y140+Y144 -> 0 | AA139: =AA140+AA144 -> 0 | AC139: =AC140+AC144 -> 0 | AE139: 합계
AE140: 관로공
AE141: 관로공
AE142: 관로공
AE143: 관로공
AE144: 직영
AE145: 직영
AE146: 직영
AE147: 직영
AE148: 직영
AE149: 직영
A150: 2.10.2 | B150: 부단수차단 | C150: 강관(D900MM) | D150: 1 | E150: 식 | F150: =H150+J150+L150 -> 157141348 | G150: =I150+K150+M150 -> 157141348 | H150: 82006024 | I150: =TRUNC(H150*D150,0) -> 82006024 | J150: 30056120 | K150: =TRUNC(J150*D150,0) -> 30056120 | L150: 45079204 | M150: =TRUNC(L150*D150,0) -> 45079204 | N150: =P150+R150+T150 -> 114905496 | O150: =Q150+S150+U150 -> 114905496 | P150: 61457985 | Q150: =TRUNC(P150*D150,0) -> 61457985 | R150: 21380420 | S150: =TRUNC(R150*D150,0) -> 21380420 | T150: 32067091 | U150: =TRUNC(T150*D150,0) -> 32067091 | V150: =X150+Z150+AB150 -> 100878672 | W150: =Y150+AA150+AC150 -> 100878672 | X150: =[328]내역서!$Z$7 -> 55924372 | Y150: =TRUNC(X150*D150,0) -> 55924372 | Z150: =[328]내역서!$AB$7 -> 21078380 | AA150: =TRUNC(Z150*D150,0) -> 21078380 | AB150: =[328]내역서!$AD$7 -> 23875920 | AC150: =TRUNC(AB150*D150,0) -> 23875920 | AE150: 부단수

Sheet 원하갑지
A2: 원 · 하 도 급 대 비 표 ( 변 경 )
B5: 공사명 | D5: : | E5: =기초자료!C1 -> 옥회천지방하천정비공사 지장관로이설공사 중 부단수공사
A7: =기초자료!B9 -> 2026년05월 일
F9: 원도급사 : | H9: =기초자료!C2 -> 전북특별자치도전주시덕진구숲정이2길27, 2호
H10: =기초자료!C3 -> 유한회사 선영건설
H11: =기초자료!C4 -> 대표이사 김 신 | L11: (인)
F13: 하도급사 : | H13: =기초자료!C5 -> 경기도 안산시 남산평길 126-4 (팔곡일동)
H14: =기초자료!C6 -> ㈜ 대호스토퍼
H15: =기초자료!C7 -> 대표이사 이영호 | L15: (인)

Sheet 5. 원,하 원가계산서
A7: 5. 원 , 하 공사원가계산서(변 경)

Sheet 원히원가
A1: 원 , 하 공 사 원 가 계 산 서(변 경,특허 - 부단수)
A2: 공사명 : | C2: =기초자료!C1 -> 옥회천지방하천정비공사 지장관로이설공사 중 부단수공사
A3: 비 목 | C3: 구 분 | D3: 설계금액 | E3: 도급금액 | F3: 하도급금액 | G3: 요율(%) | H3: 구 성 비(%) | Q3: 비 고
A4: 순 공 사 원 가 | B4: 재 료 비 | C4: 직접재료비 | D4: =부단수!I6 -> 153278992 | E4: =부단수원가!E4 -> 117158010 | F4: =부단수원가!F4 -> 104491200 | G4: =IFERROR(F4/E4,"") -> 0.89188268
C5: 직접재료비 | D5: =부단수!I7 -> 153278992 | E5: =부단수원가!E5 -> 117158010 | F5: =부단수원가!F5 -> 104491200 | G5: =IFERROR(F5/E5,"") -> 0.89188268
C6: 간접재료비 | D6: 0 | E6: =부단수원가!E6 -> 0 | F6: =부단수원가!F6 -> 0 | G6: =IFERROR(F6/E6,"")
C7: 간접재료비 | D7: 0 | E7: =부단수원가!E7 -> 0 | F7: =부단수원가!F7 -> 0 | G7: =IFERROR(F7/E7,"")
C8: 소 계 | D8: =D4+D6 -> 153278992 | E8: =부단수원가!E8 -> 117158010 | F8: =부단수원가!F8 -> 104491200 | G8: =IFERROR(F8/E8,"") -> 0.89188268
C9: 소 계 | D9: =D5+D7 -> 153278992 | E9: =부단수원가!E9 -> 117158010 | F9: =부단수원가!F9 -> 104491200 | G9: =IFERROR(F9/E9,"") -> 0.89188268
B10: 노 무 비 | C10: 직접노무비 | D10: =부단수!K6 -> 56787340 | E10: =부단수원가!E10 -> 40395673 | F10: =부단수원가!F10 -> 39847240 | G10: =IFERROR(F10/E10,"") -> 0.98642347
C11: 직접노무비 | D11: =부단수!K7 -> 56787340 | E11: =부단수원가!E11 -> 40395673 | F11: =부단수원가!F11 -> 39847240 | G11: =IFERROR(F11/E11,"") -> 0.98642347
C12: 간접노무비 | D12: =INT(D10*I12) -> 8120589 | E12: =부단수원가!E12 -> 5776581 | F12: =부단수원가!F12 -> 5698155 | G12: =IFERROR(F12/E12,"") -> 0.98642346 | H12: (직접노무비) × | I12: 0.143
C13: 간접노무비 | D13: =INT(D11*I13) -> 8120589 | E13: =부단수원가!E13 -> 5776581 | F13: =부단수원가!F13 -> 5698155 | G13: =IFERROR(F13/E13,"") -> 0.98642346 | H13: (직접노무비) × | I13: 0.143
C14: 소 계 | D14: =SUM(D10:D12) -> 121695269 | E14: =부단수원가!E14 -> 46172254 | F14: =부단수원가!F14 -> 45545395 | G14: =IFERROR(F14/E14,"") -> 0.98642347
C15: 소 계 | D15: =SUM(D11:D13) -> 73028518 | E15: =부단수원가!E15 -> 46172254 | F15: =부단수원가!F15 -> 45545395 | G15: =IFERROR(F15/E15,"") -> 0.98642347
B16: 경 비 | C16: 산출경비(기계경비) | D16: =부단수!M6 -> 86100296 | E16: =부단수원가!E16 -> 61247444 | F16: =부단수원가!F16 -> 46881796 | G16: =IFERROR(F16/E16,"") -> 0.76544902
C17: 산출경비(기계경비) | D17: =부단수!M7 -> 86100296 | E17: =부단수원가!E17 -> 61247444 | F17: =부단수원가!F17 -> 46881796 | G17: =IFERROR(F17/E17,"") -> 0.76544902
C18: 산재보험료 | D18: 0 | E18: =부단수원가!E18 -> 0 | F18: =부단수원가!F18 -> 0 | G18: =IFERROR(F18/E18,"") | H18: (직노 ＋ 간노) × | I18: 0.0356
C19: 산재보험료 | D19: 0 | E19: =부단수원가!E19 -> 0 | F19: =부단수원가!F19 -> 0 | G19: =IFERROR(F19/E19,"") | H19: (직노 ＋ 간노) × | I19: 0.0356
C20: 고용보험료 | D20: 0 | E20: =부단수원가!E20 -> 0 | F20: =부단수원가!F20 -> 0 | G20: =IFERROR(F20/E20,"") | H20: (직노 ＋ 간노) × | I20: 0.0101
C21: 고용보험료 | D21: 0 | E21: =부단수원가!E21 -> 0 | F21: =부단수원가!F21 -> 0 | G21: =IFERROR(F21/E21,"") | H21: (직노 ＋ 간노) × | I21: 0.0101
C22: 건강보험료 | D22: =INT(D10*I22) -> 2013111 | E22: =부단수원가!E22 -> 2013111 | F22: =부단수원가!F22 -> 1412584 | G22: =IFERROR(F22/E22,"") -> 0.70169206 | H22: (직노) × | I22: 0.03545
C23: 건강보험료 | D23: =INT(D11*I23) -> 2013111 | E23: =부단수원가!E23 -> 1584251 | F23: =부단수원가!F23 -> 1584251 | G23: =IFERROR(F23/E23,"") -> 1 | H23: (직노) × | I23: 0.03545
C24: 연금보험료 | D24: =INT(D10*I24) -> 2555430 | E24: =부단수원가!E24 -> 2555430 | F24: =부단수원가!F24 -> 1793125 | G24: =IFERROR(F24/E24,"") -> 0.70169208 | H24: (직노) × | I24: 0.045
C25: 연금보험료 | D25: =INT(D11*I25) -> 2555430 | E25: =부단수원가!E25 -> 2011039 | F25: =부단수원가!F25 -> 2011039 | G25: =IFERROR(F25/E25,"") -> 1 | H25: (직노) × | I25: 0.045
C26: 노인장기요양보험료 | D26: =INT(D22*I26) -> 260697 | E26: =부단수원가!E26 -> 260697 | F26: =부단수원가!F26 -> 182929 | G26: =IFERROR(F26/E26,"") -> 0.701692 | H26: (건강보험료) × | I26: 0.1295
C27: 노인장기요양보험료 | D27: =INT(D23*I27) -> 260697 | E27: =부단수원가!E27 -> 205160 | F27: =부단수원가!F27 -> 205160 | G27: =IFERROR(F27/E27,"") -> 1 | H27: (건강보험료) × | I27: 0.1295
C28: 퇴직공제부금비 | D28: 0 | E28: =부단수원가!E28 -> 0 | F28: =부단수원가!F28 -> 0 | G28: =IFERROR(F28/E28,"") | H28: (직노) × | I28: 0.023
C29: 퇴직공제부금비 | D29: 0 | E29: =부단수원가!E29 -> 929100 | F29: =부단수원가!F29 -> 916486 | G29: =IFERROR(F29/E29,"") -> 0.98642342 | H29: (직노) × | I29: 0.023
C30: 건설기계지급보증서 | D30: 0 | E30: =부단수원가!E30 -> 0 | F30: =부단수원가!F30 -> 0 | G30: =IFERROR(F30/E30,"") | H30: (재료＋직노＋산경) × | I30: 0.004
C31: 건설기계지급보증서 | D31: 0 | E31: =부단수원가!E31 -> 0 | F31: =부단수원가!F31 -> 0 | G31: =IFERROR(F31/E31,"") | H31: (재료＋직노＋산경) × | I31: 0.004
C32: 안전관리비 | D32: 0 | E32: =부단수원가!E32 -> 0 | F32: =부단수원가!F32 -> 0 | G32: =IFERROR(F32/E32,"")
C33: 안전관리비 | D33: 0 | E33: =부단수원가!E33 -> 0 | F33: =부단수원가!F33 -> 0 | G33: =IFERROR(F33/E33,"")
C34: 신기술사용료 | D34: 0 | E34: =부단수원가!E34 -> 0 | F34: =부단수원가!F34 -> 0 | G34: =IFERROR(F34/E34,"")
C35: 신기술사용료 | D35: 0 | E35: =부단수원가!E35 -> 0 | F35: =부단수원가!F35 -> 0 | G35: =IFERROR(F35/E35,"")
C36: 품질관리비 | D36: 0 | E36: =부단수원가!E36 -> 0 | F36: =부단수원가!F36 -> 0 | G36: =IFERROR(F36/E36,"")
C37: 품질관리비 | D37: 0 | E37: =부단수원가!E37 -> 0 | F37: =부단수원가!F37 -> 0 | G37: =IFERROR(F37/E37,"")
C38: 산업안전보건관리비 | D38: =INT(((D8+D10)*I38+K38)*O38)*0 -> 0 | E38: =부단수원가!E38 -> 0 | F38: =부단수원가!F38 -> 0 | G38: =IFERROR(F38/E38,"") | H38: ((재료＋직노) × | I38: 0.0199 | J38: ＋ | K38: 0 | M38: ) | N38: × | O38: 1.2 | Q38: ※산업안전보건관리비 산출
C39: 산업안전보건관리비 | D39: =INT(((D9+D11)*I39+K39)*O39)*0 -> 0 | E39: =부단수원가!E39 -> 0 | F39: =부단수원가!F39 -> 0 | G39: =IFERROR(F39/E39,"") | H39: ((재료＋직노) × | I39: 0.0199 | J39: ＋ | K39: 0 | M39: ) | N39: × | O39: 1.2 | Q39: ※산업안전보건관리비 산출
C40: 환경보전비 | D40: 0 | E40: =부단수원가!E40 -> 0 | F40: =부단수원가!F40 -> 0 | G40: =IFERROR(F40/E40,"") | H40: (재료 ＋ 직노 ＋ 산경) × | I40: 0.005 | Q40: ①:((재＋직노)×요율+기초금액)×1.2
C41: 환경보전비 | D41: 0 | E41: =부단수원가!E41 -> 0 | F41: =부단수원가!F41 -> 0 | G41: =IFERROR(F41/E41,"") | H41: (재료 ＋ 직노 ＋ 산경) × | I41: 0.005 | Q41: ①:((재＋직노)×요율+기초금액)×1.2
C42: 가설비 | D42: 0 | E42: =부단수원가!E42 -> 0 | F42: =부단수원가!F42 -> 0 | G42: =IFERROR(F42/E42,"")
C43: 가설비 | D43: 0 | E43: =부단수원가!E43 -> 0 | F43: =부단수원가!F43 -> 0 | G43: =IFERROR(F43/E43,"")
C44: 관급자재관리비 | D44: 0 | E44: =부단수원가!E44 -> 0 | F44: =부단수원가!F44 -> 0 | G44: =IFERROR(F44/E44,"")
C45: 관급자재관리비 | D45: 0 | E45: =부단수원가!E45 -> 0 | F45: =부단수원가!F45 -> 0 | G45: =IFERROR(F45/E45,"")
A46: 순 공 사 원 가 | B46: 경 비 | C46: 시공상세도작성비 | D46: 0 | E46: =부단수원가!E46 -> 0 | F46: =부단수원가!F46 -> 0 | G46: =IFERROR(F46/E46,"")
C47: 시공상세도작성비 | D47: 0 | E47: =부단수원가!E47 -> 0 | F47: =부단수원가!F47 -> 0 | G47: =IFERROR(F47/E47,"")
C48: 하도급발급수수료 | D48: 0 | E48: =부단수원가!E48 -> 0 | F48: =부단수원가!F48 -> 0 | G48: =IFERROR(F48/E48,"") | H48: (재료 ＋ 직노 ＋ 산경) × | I48: 0.00081 | Q48: ②:((재＋직노)×요율)＋기초금액)×1.2
C49: 하도급발급수수료 | D49: 0 | E49: =부단수원가!E49 -> 0 | F49: =부단수원가!F49 -> 0 | G49: =IFERROR(F49/E49,"") | H49: (재료 ＋ 직노 ＋ 산경) × | I49: 0.00081 | Q49: ②:((재＋직노)×요율)＋기초금액)×1.2
C50: 공사이행보증수수료 | D50: =INT((0+((D4+D10+D16)-0)*0%*0)) -> 0 | E50: =부단수원가!E50 -> 0 | F50: =부단수원가!F50 -> 0 | G50: =IFERROR(F50/E50,"") | H50: {0백만원＋(직접공사비-0억원) × 0.00% × 공기년수 | Q50: ①,②중 작은금액 적용
C51: 공사이행보증수수료 | D51: =INT((0+((D5+D11+D17)-0)*0%*0)) -> 0 | E51: =부단수원가!E51 -> 0 | F51: =부단수원가!F51 -> 0 | G51: =IFERROR(F51/E51,"") | H51: {0백만원＋(직접공사비-0억원) × 0.00% × 공기년수 | Q51: ①,②중 작은금액 적용
C52: 기 타 경 비 | D52: =INT((D8+D14)*I52) -> 15948507 | E52: =부단수원가!E52 -> 9473155 | F52: =부단수원가!F52 -> 8702122 | G52: =IFERROR(F52/E52,"") -> 0.91860864 | H52: (재료 ＋ 노무) × | I52: 0.058
C53: 기 타 경 비 | D53: =INT((D9+D15)*I53) -> 13125835 | E53: =부단수원가!E53 -> 9473155 | F53: =부단수원가!F53 -> 8702122 | G53: =IFERROR(F53/E53,"") -> 0.91860864 | H53: (재료 ＋ 노무) × | I53: 0.058
C54: 소 계 | D54: =SUM(D16:D52) -> 197807575 | E54: =부단수원가!E54 -> 75549837 | F54: =부단수원가!F54 -> 58972556 | G54: =IFERROR(F54/E54,"") -> 0.7805782
C55: 소 계 | D55: =SUM(D17:D53) -> 124833114 | E55: =부단수원가!E55 -> 75450149 | F55: =부단수원가!F55 -> 60300854 | G55: =IFERROR(F55/E55,"") -> 0.79921451
A56: 일반관리비 | D56: =INT((D8+D14+D54)*I56) -> 28366910 | E56: =부단수원가!E56 -> 14332806 | F56: =부단수원가!F56 -> 12540549 | G56: =IFERROR(F56/E56,"") -> 0.87495421 | H56: (재료 ＋ 노무 ＋ 경비) × | I56: 0.06
A57: 일반관리비 | D57: =INT((D9+D15+D55)*I57) -> 21068437 | E57: =부단수원가!E57 -> 14326824 | F57: =부단수원가!F57 -> 12620246 | G57: =IFERROR(F57/E57,"") -> 0.88088232 | H57: (재료 ＋ 노무 ＋ 경비) × | I57: 0.06
A58: 이윤 | D58: =INT((D14+D54+D56)*I58)-1905 -> 52178558 | E58: =부단수원가!E58 -> 20405275 | F58: =부단수원가!F58 -> 17550300 | G58: =IFERROR(F58/E58,"") -> 0.86008642 | H58: (노무 ＋ 경비 ＋ 일반) × | I58: 0.15
A59: 이윤 | D59: =INT((D15+D55+D57)*I59)-1905 -> 32837605 | E59: =부단수원가!E59 -> 20347309 | F59: =부단수원가!F59 -> 17769578 | G59: =IFERROR(F59/E59,"") -> 0.87331342 | H59: (노무 ＋ 경비 ＋ 일반) × | I59: 0.15
A60: 부산물처리(△) | D60: 0 | E60: =부단수원가!E60 -> 0 | F60: =부단수원가!F60 -> 0 | G60: =IFERROR(F60/E60,"") | H60: 고제처리
A61: 부산물처리(△) | D61: 0 | E61: =부단수원가!E61 -> 0 | F61: =부단수원가!F61 -> 0 | G61: =IFERROR(F61/E61,"") | H61: 고제처리
A62: 미확정공종금액(PS) | D62: 0 | E62: =부단수원가!E62 -> 0 | F62: =부단수원가!F62 -> 0 | G62: =IFERROR(F62/E62,"") | H62: 감독용차량비 및 시공상세도 작성비
A63: 미확정공종금액(PS) | D63: 0 | E63: =부단수원가!E63 -> 0 | F63: =부단수원가!F63 -> 0 | G63: =IFERROR(F63/E63,"") | H63: 감독용차량비 및 시공상세도 작성비
A64: 공사손해보험료 | D64: 0 | E64: =부단수원가!E64 -> 0 | F64: =부단수원가!F64 -> 0 | G64: =IFERROR(F64/E64,"") | H64: (총원가+관급자재비) × 0%
A65: 공사손해보험료 | D65: 0 | E65: =부단수원가!E65 -> 0 | F65: =부단수원가!F65 -> 0 | G65: =IFERROR(F65/E65,"") | H65: (총원가+관급자재비) × 0%
A66: 공급가액 | D66: =D8+D14+D54+D56+D58+D60+D62 -> 553327304 | E66: =부단수원가!E66 -> 273618182 | F66: =부단수원가!F66 -> 239100000 | G66: =IFERROR(F66/E66,"") -> 0.87384544
A67: 공급가액 | D67: =D9+D15+D55+D57+D59+D61+D63 -> 405046666 | E67: =부단수원가!E67 -> 273454546 | F67: =부단수원가!F67 -> 240727273 | G67: =IFERROR(F67/E67,"") -> 0.88031915
A68: 부가가치세 | D68: =INT(D66*I68) -> 55332730 | E68: =부단수원가!E68 -> 27361818 | F68: =부단수원가!F68 -> 23910000 | G68: =IFERROR(F68/E68,"") -> 0.87384544 | H68: 공급가액 × | I68: 0.1
A69: 부가가치세 | D69: =INT(D67*I69) -> 40504666 | E69: =부단수원가!E69 -> 27345454 | F69: =부단수원가!F69 -> 24072727 | G69: =IFERROR(F69/E69,"") -> 0.88031916 | H69: 공급가액 × | I69: 0.1
A70: 도급예정액 | D70: =D66+D68 -> 608660034 | E70: =부단수원가!E70 -> 300980000 | F70: =부단수원가!F70 -> 263010000 | G70: =IFERROR(F70/E70,"") -> 0.87384544 | H70: 단수조정(십만원이하 절사)
A71: 도급예정액 | D71: =D67+D69 -> 445551332 | E71: =부단수원가!E71 -> 300800000 | F71: =부단수원가!F71 -> 264800000 | G71: =IFERROR(F71/E71,"") -> 0.88031915 | H71: 단수조정(십만원이하 절사)
A72: 총공사비 | D72: =SUM(D70:D70) -> 608660034 | E72: =부단수원가!E72 -> 300980000 | F72: =부단수원가!F72 -> 263010000 | G72: =IFERROR(F72/E72,"") -> 0.87384544
A73: 총공사비 | D73: =SUM(D71:D71) -> 445551332 | E73: =부단수원가!E73 -> 300800000 | F73: =부단수원가!F73 -> 264800000 | G73: =IFERROR(F73/E73,"") -> 0.88031915
E74: =D70*0.8675 -> 5.2801258e+08 | F74: =D70*86.75%*82% -> 4.3297032e+08
E76: =E74*0.82 -> 4.3297032e+08 | F76: =F70-F74 -> -1.6996032e+08

Sheet 6.원 , 하 총괄잡계표
A7: 6. 원 , 하 총괄집계표(변 경)

Sheet 총괄집계표
A1: 원,하 도 급 총 괄 집 계 표(변 경)
A2: 공사명 : | B2: =기초자료!C1 -> 옥회천지방하천정비공사 지장관로이설공사 중 부단수공사
A3: 구 분 | B3: 공 종 명 | C3: 금 액 | E3: 요율(%) | G3: 비 고
C4: 원도급금액 | D4: 하도급 금액 | F4: 표준분류코드 | BB4: 메모
A5: ※ | B5: 도급공사비 | C5: =C77 -> 300980000 | D5: =D77 -> 263010000 | E5: =IFERROR(D5/C5,"") -> 0.87384544
A6: ※ | B6: 도급공사비 | C6: =C78 -> 300800000 | D6: =D78 -> 264800000 | E6: =IFERROR(D6/C6,"") -> 0.88031915
A7: 가 | B7: 직접공사비 | C7: =C9 -> 218801127 | D7: =D9 -> 191220236 | E7: =IFERROR(D7/C7,"") -> 0.87394539 | J7: 10
A8: 가 | B8: 직접공사비 | C8: =C10 -> 218801127 | D8: =D10 -> 191220236 | E8: =IFERROR(D8/C8,"") -> 0.87394539 | J8: 10
A9: Ⅰ | B9: 상수도시설 | C9: =C11 -> 218801127 | D9: =D11 -> 191220236 | E9: =IFERROR(D9/C9,"") -> 0.87394539 | F9: F1400
A10: Ⅰ | B10: 상수도시설 | C10: =C12 -> 218801127 | D10: =D12 -> 191220236 | E10: =IFERROR(D10/C10,"") -> 0.87394539 | F10: F1400
A11: Ⅰ.1 | B11: 송수시설 | C11: =C13 -> 218801127 | D11: =D13 -> 191220236 | E11: =IFERROR(D11/C11,"") -> 0.87394539 | F11: F1441
A12: Ⅰ.1 | B12: 송수시설 | C12: =C14 -> 218801127 | D12: =D14 -> 191220236 | E12: =IFERROR(D12/C12,"") -> 0.87394539 | F12: F1441
A13: 2 | B13: 관로공 | C13: =C17 -> 218801127 | D13: =D17 -> 191220236 | E13: =IFERROR(D13/C13,"") -> 0.87394539 | F13: CG | J13: 30 | L13: A0200 | BC13: =HYPERLINK("#내역서!A35","A0200 →") -> A0200 →
A14: 2 | B14: 관로공 | C14: =C18 -> 218801127 | D14: =D18 -> 191220236 | E14: =IFERROR(D14/C14,"") -> 0.87394539 | F14: CG | J14: 30 | L14: A0200 | BC14: =HYPERLINK("#내역서!A35","A0200 →") -> A0200 →
E15: =IFERROR(D15/C15,"")
E16: =IFERROR(D16/C16,"")
A17: 2 | B17: 관로공 | C17: =C19 -> 218801127 | D17: =D19 -> 191220236 | E17: =IFERROR(D17/C17,"") -> 0.87394539 | F17: CG | I17: A0200 | T17: =#REF!+#REF!+#REF!+#REF!+#REF!+#REF!+#REF!+#REF!+#REF!+#REF!+#REF!+#REF!+#REF!+#REF!+#REF!+#REF!+#REF!+#REF!+#REF!+#REF!+#REF!+#REF!+#REF!+#REF!+#REF!+#REF!+#REF!+#REF!+#REF!+#REF!+#REF!+#REF!+#REF!+#REF!+#REF!+#REF!+#REF! -> #REF! | U17: =#REF!+#REF!+#REF!+#REF!+#REF!+#REF!+#REF!+#REF!+#REF!+#REF!+#REF!+#REF!+#REF!+#REF!+#REF!+#REF!+#REF!+#REF!+#REF!+#REF!+#REF!+#REF!+#REF!+#REF!+#REF!+#REF!+#REF!+#REF!+#REF!+#REF!+#REF!+#REF!+#REF!+#REF!+#REF!+#REF!+#REF! -> #REF! | V17: =#REF!+#REF!+#REF!+#REF!+#REF!+#REF!+#REF!+#REF!+#REF!+#REF!+#REF!+#REF!+#REF!+#REF!+#REF!+#REF!+#REF!+#REF!+#REF!+#REF!+#REF!+#REF!+#REF!+#REF!+#REF!+#REF!+#REF!+#REF!+#REF!+#REF!+#REF!+#REF!+#REF!+#REF!+#REF!+#REF!+#REF! -> #REF!
A18: 2 | B18: 관로공 | C18: =C20 -> 218801127 | D18: =D20 -> 191220236 | E18: =IFERROR(D18/C18,"") -> 0.87394539 | F18: CG | I18: A0200 | T18: =#REF!+#REF!+#REF!+#REF!+#REF!+#REF!+#REF!+#REF!+#REF!+#REF!+#REF!+#REF!+#REF!+#REF!+#REF!+#REF!+#REF!+#REF!+#REF!+#REF!+#REF!+#REF!+#REF!+#REF!+#REF!+#REF!+#REF!+#REF!+#REF!+#REF!+#REF!+#REF!+#REF!+#REF!+#REF!+#REF!+#REF! -> #REF! | U18: =#REF!+#REF!+#REF!+#REF!+#REF!+#REF!+#REF!+#REF!+#REF!+#REF!+#REF!+#REF!+#REF!+#REF!+#REF!+#REF!+#REF!+#REF!+#REF!+#REF!+#REF!+#REF!+#REF!+#REF!+#REF!+#REF!+#REF!+#REF!+#REF!+#REF!+#REF!+#REF!+#REF!+#REF!+#REF!+#REF!+#REF! -> #REF! | V18: =#REF!+#REF!+#REF!+#REF!+#REF!+#REF!+#REF!+#REF!+#REF!+#REF!+#REF!+#REF!+#REF!+#REF!+#REF!+#REF!+#REF!+#REF!+#REF!+#REF!+#REF!+#REF!+#REF!+#REF!+#REF!+#REF!+#REF!+#REF!+#REF!+#REF!+#REF!+#REF!+#REF!+#REF!+#REF!+#REF!+#REF! -> #REF!
A19: 2.10 | B19: 부단수차단 | C19: =부단수!O6 -> 218801127 | D19: =부단수!W6 -> 191220236 | E19: =IFERROR(D19/C19,"") -> 0.87394539 | F19: CGO | J19: 10 | T19: =#REF!+#REF!+#REF!+#REF!+#REF!+#REF!+#REF!+#REF!+#REF!+#REF!+#REF!+#REF!+#REF! -> #REF! | U19: =#REF!+#REF!+#REF!+#REF!+#REF!+#REF!+#REF!+#REF!+#REF!+#REF!+#REF!+#REF!+#REF! -> #REF! | V19: =#REF!+#REF!+#REF!+#REF!+#REF!+#REF!+#REF!+#REF!+#REF!+#REF!+#REF!+#REF!+#REF! -> #REF!
A20: 2.10 | B20: 부단수차단 | C20: =부단수!O8 -> 218801127 | D20: =부단수!W8 -> 191220236 | E20: =IFERROR(D20/C20,"") -> 0.87394539 | F20: CGO | J20: 10 | T20: =#REF!+#REF!+#REF!+#REF!+#REF!+#REF!+#REF!+#REF!+#REF!+#REF!+#REF!+#REF!+#REF! -> #REF! | U20: =#REF!+#REF!+#REF!+#REF!+#REF!+#REF!+#REF!+#REF!+#REF!+#REF!+#REF!+#REF!+#REF! -> #REF! | V20: =#REF!+#REF!+#REF!+#REF!+#REF!+#REF!+#REF!+#REF!+#REF!+#REF!+#REF!+#REF!+#REF! -> #REF!
A23: 나 | B23: 간접공사비 | C23: =C25+C27+C29+C31+C33+C35+C37+C39+C41+C43+C45+C47+C49+C51+C53+C55+C57+C59+C61 -> 20078974 | D23: =SUM(D25:D61) -> 28204006 | E23: =IFERROR(D23/C23,"") -> 1.4046537
A24: 나 | B24: 간접공사비 | C24: =C26+C28+C30+C32+C34+C36+C38+C40+C42+C44+C46+C48+C50+C52+C54+C56+C58+C60+C62 -> 19979286 | D24: =SUM(D26:D62) -> 31207973 | E24: =IFERROR(D24/C24,"") -> 1.5620164
A25: 1 | B25: 간접노무비 | C25: =부단수원가!E12 -> 5776581 | D25: =부단수원가!F12 -> 5698155 | E25: =IFERROR(D25/C25,"") -> 0.98642346
A26: 1 | B26: 간접노무비 | C26: =부단수원가!E13 -> 5776581 | D26: =부단수원가!F13 -> 5698155 | E26: =IFERROR(D26/C26,"") -> 0.98642346
A27: 2 | B27: 산재보험료 | C27: =부단수원가!E18 -> 0 | D27: =부단수원가!F18 -> 0 | E27: =IFERROR(D27/C27,"")
A28: 2 | B28: 산재보험료 | C28: =부단수원가!E19 -> 0 | D28: =부단수원가!F19 -> 0 | E28: =IFERROR(D28/C28,"")
A29: 3 | B29: 고용보험료 | C29: =부단수원가!E20 -> 0 | D29: =부단수원가!F20 -> 0 | E29: =IFERROR(D29/C29,"")
A30: 3 | B30: 고용보험료 | C30: =부단수원가!E21 -> 0 | D30: =부단수원가!F21 -> 0 | E30: =IFERROR(D30/C30,"")
A31: 4 | B31: 건강보험료 | C31: =부단수원가!E22 -> 2013111 | D31: =부단수원가!F22 -> 1412584 | E31: =IFERROR(D31/C31,"") -> 0.70169206
A32: 4 | B32: 건강보험료 | C32: =부단수원가!E23 -> 1584251 | D32: =부단수원가!F23 -> 1584251 | E32: =IFERROR(D32/C32,"") -> 1
A33: 5 | B33: 연금보험료 | C33: =부단수원가!E24 -> 2555430 | D33: =부단수원가!F24 -> 1793125 | E33: =IFERROR(D33/C33,"") -> 0.70169208
A34: 5 | B34: 연금보험료 | C34: =부단수원가!E25 -> 2011039 | D34: =부단수원가!F25 -> 2011039 | E34: =IFERROR(D34/C34,"") -> 1
A35: 6 | B35: 노인장기요양보험료 | C35: =부단수원가!E26 -> 260697 | D35: =부단수원가!F26 -> 182929 | E35: =IFERROR(D35/C35,"") -> 0.701692
A36: 6 | B36: 노인장기요양보험료 | C36: =부단수원가!E27 -> 205160 | D36: =부단수원가!F27 -> 205160 | E36: =IFERROR(D36/C36,"") -> 1
A37: 7 | B37: 퇴직공제부금비 | C37: =부단수원가!E28 -> 0 | D37: =부단수원가!F28 -> 0 | E37: =IFERROR(D37/C37,"")
A38: 7 | B38: 퇴직공제부금비 | C38: =부단수원가!E29 -> 929100 | D38: =부단수원가!F29 -> 916486 | E38: =IFERROR(D38/C38,"") -> 0.98642342
... A62: 19 | B62: 기 타 경 비 | C62: =부단수원가!E53 -> 9473155 | D62: =부단수원가!F53 -> 8702122 | E62: =IFERROR(D62/C62,"") -> 0.91860864
A63: 다 | B63: 일반관리비 | C63: =부단수원가!E56 -> 14332806 | D63: =부단수원가!F56 -> 12540549 | E63: =IFERROR(D63/C63,"") -> 0.87495421
A64: 다 | B64: 일반관리비 | C64: =부단수원가!E57 -> 14326824 | D64: =부단수원가!F57 -> 12620246 | E64: =IFERROR(D64/C64,"") -> 0.88088232
A65: 라 | B65: 이윤 | C65: =부단수원가!E58 -> 20405275 | D65: =부단수원가!F58 -> 17550300 | E65: =IFERROR(D65/C65,"") -> 0.86008642
A66: 라 | B66: 이윤 | C66: =부단수원가!E59 -> 20347309 | D66: =부단수원가!F59 -> 17769578 | E66: =IFERROR(D66/C66,"") -> 0.87331342
A67: 마 | B67: 부산물처리(△) | C67: =부단수원가!E60 -> 0 | D67: =부단수원가!F60 -> 0 | E67: =IFERROR(D67/C67,"")
A68: 마 | B68: 부산물처리(△) | C68: =부단수원가!E61 -> 0 | D68: =부단수원가!F61 -> 0 | E68: =IFERROR(D68/C68,"")
A69: 바 | B69: PS금액 | C69: =부단수원가!E62 -> 0 | D69: =부단수원가!F62 -> 0 | E69: =IFERROR(D69/C69,"")
A70: 바 | B70: PS금액 | C70: =부단수원가!E63 -> 0 | D70: =부단수원가!F63 -> 0 | E70: =IFERROR(D70/C70,"")
A71: 사 | B71: 공사손해보험료 | C71: =부단수원가!E64 -> 0 | D71: =부단수원가!F64 -> 0 | E71: =IFERROR(D71/C71,"")
A72: 사 | B72: 공사손해보험료 | C72: =부단수원가!E65 -> 0 | D72: =부단수원가!F65 -> 0 | E72: =IFERROR(D72/C72,"")
A73: 아 | B73: 공급가액 | C73: =부단수원가!E66 -> 273618182 | D73: =부단수원가!F66 -> 239100000 | E73: =IFERROR(D73/C73,"") -> 0.87384544
A74: 아 | B74: 공급가액 | C74: =부단수원가!E67 -> 273454546 | D74: =부단수원가!F67 -> 240727273 | E74: =IFERROR(D74/C74,"") -> 0.88031915
... A78: 차 | B78: 도급예정액 | C78: =부단수원가!E71 -> 300800000 | D78: =부단수원가!F71 -> 264800000 | E78: =IFERROR(D78/C78,"") -> 0.88031915

Sheet 7.원 , 하 산출내역서
A7: 7. 원,하 산출내역서(변 경)

Sheet 산출내역서
A2: 원,하산출내역서(변 경,특허-부단수)
A4: 번호 | B4: 항목 | C4: 규격 | D4: 수량 | E4: 단위 | F4: 설계금액 | H4: 재료비 | J4: 노무비 | L4: 경 비 | N4: 도급금액 | P4: 재료비 | R4: 노무비 | T4: 경 비 | V4: 하도급금액 | X4: 재료비 | Z4: 노무비 | AB4: 경 비 | AD4: 요율(%) | AE4: 비 고
F5: 단 가 | G5: 금 액 | H5: 단 가 | I5: 금 액 | J5: 단 가 | K5: 금 액 | L5: 단 가 | M5: 금 액 | N5: 단 가 | O5: 금 액 | P5: 단 가 | Q5: 금 액 | R5: 단 가 | S5: 금 액 | T5: 단 가 | U5: 금 액 | V5: 단 가 | W5: 금 액 | X5: 단 가 | Y5: 금 액 | Z5: 단 가 | AA5: 금 액 | AB5: 단 가 | AC5: 금 액
B6: 총공사원가 | G6: =G8 -> 296166628 | I6: =I8 -> 153278992 | K6: =K8 -> 56787340 | M6: =M8 -> 86100296 | O6: =O8 -> 218801127 | Q6: =Q8 -> 117158010 | S6: =S8 -> 40395673 | U6: =U8 -> 61247444 | W6: =W8 -> 191220236 | Y6: =Y8 -> 104491200 | AA6: =AA8 -> 39847240 | AC6: =AC8 -> 46881796 | AD6: =IFERROR(W6/O6,"") -> 0.87394539 | AF6: 합계
B7: 총공사원가 | G7: =G14 -> 296166628 | I7: =I14 -> 153278992 | K7: =K14 -> 56787340 | M7: =M14 -> 86100296 | O7: =O14 -> 218801127 | Q7: =Q14 -> 117158010 | S7: =S14 -> 40395673 | U7: =U14 -> 61247444 | W7: =W14 -> 191220236 | Y7: =Y14 -> 104491200 | AA7: =AA14 -> 39847240 | AC7: =AC14 -> 46881796 | AD7: =IFERROR(W7/O7,"") -> 0.87394539 | AF7: 합계
A8: 가 | B8: 직접공사비 | G8: =I8+K8+M8 -> 296166628 | I8: =I15 -> 153278992 | K8: =K15 -> 56787340 | M8: =M15 -> 86100296 | O8: =Q8+S8+U8 -> 218801127 | Q8: =Q15 -> 117158010 | S8: =S15 -> 40395673 | U8: =U15 -> 61247444 | W8: =Y8+AA8+AC8 -> 191220236 | Y8: =Y15 -> 104491200 | AA8: =AA15 -> 39847240 | AC8: =AC15 -> 46881796 | AD8: =IFERROR(W8/O8,"") -> 0.87394539 | AF8: 합계
A9: Ⅰ | B9: 공통시설 | G9: =I9+K9+M9 -> 0 | I9: 0 | K9: 0 | M9: =M10 -> 0 | O9: =Q9+S9+U9 -> 0 | Q9: 0 | S9: 0 | U9: =U10 -> 0 | W9: =Y9+AA9+AC9 -> 0 | Y9: 0 | AA9: 0 | AC9: =AC10 -> 0 | AD9: =IFERROR(W9/O9,"") | AF9: 합계
A10: 1 | B10: 공통공사 | G10: =I10+K10+M10 -> 0 | I10: =I11 -> 0 | K10: =K11 -> 0 | M10: =M11 -> 0 | O10: =Q10+S10+U10 -> 0 | Q10: =Q11 -> 0 | S10: =S11 -> 0 | U10: =U11 -> 0 | W10: =Y10+AA10+AC10 -> 0 | Y10: =Y11 -> 0 | AA10: =AA11 -> 0 | AC10: =AC11 -> 0 | AD10: =IFERROR(W10/O10,"") | AF10: 합계
AD11: =IFERROR(W11/O11,"") | AF11: 직영
AD12: =IFERROR(W12/O12,"") | AF12: 직영
AD13: =IFERROR(W13/O13,"") | AF13: 직영
A14: 가 | B14: 직접공사비 | G14: =I14+K14+M14 -> 296166628 | I14: =I29 -> 153278992 | K14: =K29 -> 56787340 | M14: =M29 -> 86100296 | O14: =Q14+S14+U14 -> 218801127 | Q14: =Q29 -> 117158010 | S14: =S29 -> 40395673 | U14: =U29 -> 61247444 | W14: =Y14+AA14+AC14 -> 191220236 | Y14: =Y29 -> 104491200 | AA14: =AA29 -> 39847240 | AC14: =AC29 -> 46881796 | AD14: =IFERROR(W14/O14,"") -> 0.87394539 | AF14: 합계
A15: Ⅱ | B15: 상수도시설 | G15: =I15+K15+M15 -> 296166628 | I15: =I16+I30+I90+I102+I132+I139 -> 153278992 | K15: =K16+K30+K90+K102+K132+K139 -> 56787340 | M15: =M16+M30+M90+M102+M132+M139 -> 86100296 | O15: =Q15+S15+U15 -> 218801127 | Q15: =Q16+Q30+Q90+Q102+Q132+Q139 -> 117158010 | S15: =S16+S30+S90+S102+S132+S139 -> 40395673 | U15: =U16+U30+U90+U102+U132+U139 -> 61247444 | W15: =Y15+AA15+AC15 -> 191220236 | Y15: =Y16+Y30+Y90+Y102+Y132+Y139 -> 104491200 | AA15: =AA16+AA30+AA90+AA102+AA132+AA139 -> 39847240 | AC15: =AC16+AC30+AC90+AC102+AC132+AC139 -> 46881796 | AD15: =IFERROR(W15/O15,"") -> 0.87394539 | AF15: 합계
A16: 1 | B16: 토공 | G16: =I16+K16+M16 -> 0 | I16: =I17+I24 -> 0 | K16: =K17+K24 -> 0 | M16: =M17+M24 -> 0 | O16: =Q16+S16+U16 -> 0 | Q16: =Q17+Q24 -> 0 | S16: =S17+S24 -> 0 | U16: =U17+U24 -> 0 | W16: =Y16+AA16+AC16 -> 0 | Y16: =Y17+Y24 -> 0 | AA16: =AA17+AA24 -> 0 | AC16: =AC17+AC24 -> 0 | AD16: =IFERROR(W16/O16,"") | AF16: 합계
A17: 1.1 | B17: 기존구조물철거 | G17: =I17+K17+M17 -> 0 | I17: =SUM(I18:I23) -> 0 | K17: =SUM(K18:K23) -> 0 | M17: =SUM(M18:M23) -> 0 | O17: =Q17+S17+U17 -> 0 | Q17: =SUM(Q18:Q23) -> 0 | S17: =SUM(S18:S23) -> 0 | U17: =SUM(U18:U23) -> 0 | W17: =Y17+AA17+AC17 -> 0 | Y17: =SUM(Y18:Y23) -> 0 | AA17: =SUM(AA18:AA23) -> 0 | AC17: =SUM(AC18:AC23) -> 0 | AD17: =IFERROR(W17/O17,"") | AF17: 합계
AD18: =IFERROR(W18/O18,"") | AF18: 직영
AD19: =IFERROR(W19/O19,"") | AF19: 직영
AD20: =IFERROR(W20/O20,"") | AF20: 직영
AD21: =IFERROR(W21/O21,"") | AF21: 직영
AD22: =IFERROR(W22/O22,"") | AF22: 직영
AD23: =IFERROR(W23/O23,"") | AF23: 직영
A24: 1.2 | B24: 토공작업 | G24: =I24+K24+M24 -> 0 | I24: =SUM(I25:I28) -> 0 | K24: =SUM(K25:K28) -> 0 | M24: =SUM(M25:M28) -> 0 | O24: =Q24+S24+U24 -> 0 | Q24: =SUM(Q25:Q28) -> 0 | S24: =SUM(S25:S28) -> 0 | U24: =SUM(U25:U28) -> 0 | W24: =Y24+AA24+AC24 -> 0 | Y24: =SUM(Y25:Y28) -> 0 | AA24: =SUM(AA25:AA28) -> 0 | AC24: =SUM(AC25:AC28) -> 0 | AD24: =IFERROR(W24/O24,"") | AF24: 합계
AD25: =IFERROR(W25/O25,"") | AF25: 가시설
AD26: =IFERROR(W26/O26,"") | AF26: 직영
AD27: =IFERROR(W27/O27,"") | AF27: 직영
AD28: =IFERROR(W28/O28,"") | AF28: 직영
A29: Ⅱ | B29: 상수도시설 | G29: =I29+K29+M29 -> 296166628 | I29: =I30+I44+I104+I116+I146+I153 -> 153278992 | K29: =K30+K44+K104+K116+K146+K153 -> 56787340 | M29: =M30+M44+M104+M116+M146+M153 -> 86100296 | O29: =Q29+S29+U29 -> 218801127 | Q29: =Q30+Q44+Q104+Q116+Q146+Q153 -> 117158010 | S29: =S30+S44+S104+S116+S146+S153 -> 40395673 | U29: =U30+U44+U104+U116+U146+U153 -> 61247444 | W29: =Y29+AA29+AC29 -> 191220236 | Y29: =Y84 -> 104491200 | AA29: =AA84 -> 39847240 | AC29: =AC84 -> 46881796 | AD29: =IFERROR(W29/O29,"") -> 0.87394539 | AF29: 합계
A30: 2 | B30: 관로공 | G30: =I30+K30+M30 -> 296166628 | I30: =I85 -> 153278992 | K30: =K85 -> 56787340 | M30: =M85 -> 86100296 | O30: =Q30+S30+U30 -> 218801127 | Q30: =Q85 -> 117158010 | S30: =S85 -> 40395673 | U30: =U85 -> 61247444 | W30: =Y30+AA30+AC30 -> 191220236 | Y30: =Y85 -> 104491200 | AA30: =AA85 -> 39847240 | AC30: =AC85 -> 46881796 | AD30: =IFERROR(W30/O30,"") -> 0.87394539 | AF30: 합계
AD31: =IFERROR(W31/O31,"") | AF31: 관로공
AD32: =IFERROR(W32/O32,"") | AF32: 관로공
AD33: =IFERROR(W33/O33,"") | AF33: 관로공
AD34: =IFERROR(W34/O34,"") | AF34: 관로공
AD35: =IFERROR(W35/O35,"") | AF35: 관로공
AD36: =IFERROR(W36/O36,"") | AF36: 관로공
AD37: =IFERROR(W37/O37,"") | AF37: 관로공
AD38: =IFERROR(W38/O38,"") | AF38: 관로공
AD39: =IFERROR(W39/O39,"") | AF39: 관로공
AD40: =IFERROR(W40/O40,"") | AF40: 관로공
AD41: =IFERROR(W41/O41,"") | AF41: 관로공
AD42: =IFERROR(W42/O42,"") | AF42: 관로공
... AD83: =IFERROR(W83/O83,"") | AF83: 직영
A84: 2 | B84: 관로공 | G84: =I84+K84+M84 -> 296166628 | I84: =I86 -> 153278992 | K84: =K86 -> 56787340 | M84: =M86 -> 86100296 | O84: =Q84+S84+U84 -> 218801127 | Q84: =Q86 -> 117158010 | S84: =S86 -> 40395673 | U84: =U86 -> 61247444 | W84: =Y84+AA84+AC84 -> 191220236 | Y84: =Y86 -> 104491200 | AA84: =AA86 -> 39847240 | AC84: =AC86 -> 46881796 | AD84: =IFERROR(W84/O84,"") -> 0.87394539 | AF84: 합계
A85: 2.1 | B85: 부단수차단 | G85: =I85+K85+M85 -> 296166628 | I85: =I87+I89 -> 153278992 | K85: =K87+K89 -> 56787340 | M85: =M87+M89 -> 86100296 | O85: =Q85+S85+U85 -> 218801127 | Q85: =Q87+Q89 -> 117158010 | S85: =S87+S89 -> 40395673 | U85: =U87+U89 -> 61247444 | W85: =Y85+AA85+AC85 -> 191220236 | Y85: =Y87+Y89 -> 104491200 | AA85: =AA87+AA89 -> 39847240 | AC85: =AC87+AC89 -> 46881796 | AD85: =IFERROR(W85/O85,"") -> 0.87394539 | AF85: 부단수
A86: 2.1 | B86: 부단수차단 | G86: =I86+K86+M86 -> 296166628 | I86: =I88+I150 -> 153278992 | K86: =K88+K150 -> 56787340 | M86: =M88+M150 -> 86100296 | O86: =Q86+S86+U86 -> 218801127 | Q86: =Q88+Q150 -> 117158010 | S86: =S88+S150 -> 40395673 | U86: =U88+U150 -> 61247444 | W86: =Y86+AA86+AC86 -> 191220236 | Y86: =Y88+Y150 -> 104491200 | AA86: =AA88+AA150 -> 39847240 | AC86: =AC88+AC150 -> 46881796 | AD86: =IFERROR(W86/O86,"") -> 0.87394539 | AF86: 부단수
A87: 2.10.1 | B87: 부단수차단 | C87: 강관(D800MM) | D87: 1 | E87: 식 | F87: =H87+J87+L87 -> 139025280 | G87: =I87+K87+M87 -> 139025280 | H87: 71272968 | I87: =TRUNC(H87*D87,0) -> 71272968 | J87: 26731220 | K87: =TRUNC(J87*D87,0) -> 26731220 | L87: 41021092 | M87: =TRUNC(L87*D87,0) -> 41021092 | N87: =P87+R87+T87 -> 103895631 | O87: =Q87+S87+U87 -> 103895631 | P87: 55700025 | Q87: =TRUNC(P87*D87,0) -> 55700025 | R87: 19015253 | S87: =TRUNC(R87*D87,0) -> 19015253 | T87: 29180353 | U87: =TRUNC(T87*D87,0) -> 29180353 | V87: =X87+Z87+AB87 -> 90341564 | W87: =Y87+AA87+AC87 -> 90341564 | X87: =[328]내역서!$Z$8 -> 48566828 | Y87: =TRUNC(X87*D87,0) -> 48566828 | Z87: =[328]내역서!$AB$8 -> 18768860 | AA87: =TRUNC(Z87*D87,0) -> 18768860 | AB87: =[328]내역서!$AD$8 -> 23005876 | AC87: =TRUNC(AB87*D87,0) -> 23005876 | AD87: =IFERROR(W87/O87,"") -> 0.86954151 | AF87: 부단수
A88: 2.10.1 | B88: 부단수차단 | C88: 강관(D800MM) | D88: 1 | E88: 식 | F88: =H88+J88+L88 -> 139025280 | G88: =I88+K88+M88 -> 139025280 | H88: 71272968 | I88: =TRUNC(H88*D88,0) -> 71272968 | J88: 26731220 | K88: =TRUNC(J88*D88,0) -> 26731220 | L88: 41021092 | M88: =TRUNC(L88*D88,0) -> 41021092 | N88: =P88+R88+T88 -> 103895631 | O88: =Q88+S88+U88 -> 103895631 | P88: 55700025 | Q88: =TRUNC(P88*D88,0) -> 55700025 | R88: 19015253 | S88: =TRUNC(R88*D88,0) -> 19015253 | T88: 29180353 | U88: =TRUNC(T88*D88,0) -> 29180353 | V88: =X88+Z88+AB88 -> 90341564 | W88: =Y88+AA88+AC88 -> 90341564 | X88: =[328]내역서!$Z$8 -> 48566828 | Y88: =TRUNC(X88*D88,0) -> 48566828 | Z88: =[328]내역서!$AB$8 -> 18768860 | AA88: =TRUNC(Z88*D88,0) -> 18768860 | AB88: =[328]내역서!$AD$8 -> 23005876 | AC88: =TRUNC(AB88*D88,0) -> 23005876 | AD88: =IFERROR(W88/O88,"") -> 0.86954151 | AF88: 부단수
A89: 2.10.2 | B89: 부단수차단 | C89: 강관(D900MM) | D89: 1 | E89: 식 | F89: =H89+J89+L89 -> 157141348 | G89: =I89+K89+M89 -> 157141348 | H89: 82006024 | I89: =TRUNC(H89*D89,0) -> 82006024 | J89: 30056120 | K89: =TRUNC(J89*D89,0) -> 30056120 | L89: 45079204 | M89: =TRUNC(L89*D89,0) -> 45079204 | N89: =P89+R89+T89 -> 114905496 | O89: =Q89+S89+U89 -> 114905496 | P89: 61457985 | Q89: =TRUNC(P89*D89,0) -> 61457985 | R89: 21380420 | S89: =TRUNC(R89*D89,0) -> 21380420 | T89: 32067091 | U89: =TRUNC(T89*D89,0) -> 32067091 | V89: =X89+Z89+AB89 -> 100878672 | W89: =Y89+AA89+AC89 -> 100878672 | X89: =[328]내역서!$Z$7 -> 55924372 | Y89: =TRUNC(X89*D89,0) -> 55924372 | Z89: =[328]내역서!$AB$7 -> 21078380 | AA89: =TRUNC(Z89*D89,0) -> 21078380 | AB89: =[328]내역서!$AD$7 -> 23875920 | AC89: =TRUNC(AB89*D89,0) -> 23875920 | AD89: =IFERROR(W89/O89,"") -> 0.8779273 | AF89: 부단수
AF90: 구조물
AF91: 구조물
AF92: 구조물
AF93: 구조물
AF94: 구조물
AF95: 구조물
AF96: 구조물
AF97: 구조물
AF98: 구조물
AF99: 구조물
AF100: 구조물
AF101: 구조물
... AF131: 가시설
A132: 5 | B132: 부대공 | G132: =I132+K132+M132 -> 0 | I132: =I133+I136 -> 0 | K132: =K133+K136 -> 0 | M132: =M133+M136 -> 0 | O132: =Q132+S132+U132 -> 0 | Q132: =Q133+Q136 -> 0 | S132: =S133+S136 -> 0 | U132: =U133+U136 -> 0 | W132: =Y132+AA132+AC132 -> 0 | Y132: =Y133+Y136 -> 0 | AA132: =AA133+AA136 -> 0 | AC132: =AC133+AC136 -> 0 | AF132: 합계
AF133: 직영
AF134: 직영
AF135: 직영
AF136: 직영
AF137: 직영
AF138: 직영
A139: 6 | B139: 사급자재 | G139: =I139+K139+M139 -> 0 | I139: =I140+I144 -> 0 | K139: =K140+K144 -> 0 | M139: =M140+M144 -> 0 | O139: =Q139+S139+U139 -> 0 | Q139: =Q140+Q144 -> 0 | S139: =S140+S144 -> 0 | U139: =U140+U144 -> 0 | W139: =Y139+AA139+AC139 -> 0 | Y139: =Y140+Y144 -> 0 | AA139: =AA140+AA144 -> 0 | AC139: =AC140+AC144 -> 0 | AF139: 합계
AF140: 관로공
AF141: 관로공
AF142: 관로공
AF143: 관로공
AF144: 직영
AF145: 직영
AF146: 직영
AF147: 직영
AF148: 직영
AF149: 직영
A150: 2.10.2 | B150: 부단수차단 | C150: 강관(D900MM) | D150: 1 | E150: 식 | F150: =H150+J150+L150 -> 157141348 | G150: =I150+K150+M150 -> 157141348 | H150: 82006024 | I150: =TRUNC(H150*D150,0) -> 82006024 | J150: 30056120 | K150: =TRUNC(J150*D150,0) -> 30056120 | L150: 45079204 | M150: =TRUNC(L150*D150,0) -> 45079204 | N150: =P150+R150+T150 -> 114905496 | O150: =Q150+S150+U150 -> 114905496 | P150: 61457985 | Q150: =TRUNC(P150*D150,0) -> 61457985 | R150: 21380420 | S150: =TRUNC(R150*D150,0) -> 21380420 | T150: 32067091 | U150: =TRUNC(T150*D150,0) -> 32067091 | V150: =X150+Z150+AB150 -> 100878672 | W150: =Y150+AA150+AC150 -> 100878672 | X150: =[328]내역서!$Z$7 -> 55924372 | Y150: =TRUNC(X150*D150,0) -> 55924372 | Z150: =[328]내역서!$AB$7 -> 21078380 | AA150: =TRUNC(Z150*D150,0) -> 21078380 | AB150: =[328]내역서!$AD$7 -> 23875920 | AC150: =TRUNC(AB150*D150,0) -> 23875920 | AD150: =IFERROR(W150/O150,"") -> 0.8779273 | AF150: 부단수
U152: 0.82 | X152: =TRUNC(P87*$U$152,0) -> 45674020 | Y152: =TRUNC(X152*$D87,0) -> 45674020 | Z152: =TRUNC(R87*$U$152,0) -> 15592507 | AA152: =TRUNC(Z152*$D87,0) -> 15592507 | AB152: =TRUNC(T87*$U$152,0) -> 23927889 | AC152: =TRUNC(AB152*$D87,0) -> 23927889
U153: 도급기준 | X153: =TRUNC(P89*$U$152,0) -> 50395547 | Y153: =TRUNC(X153*$D89,0) -> 50395547 | Z153: =TRUNC(R89*$U$152,0) -> 17531944 | AA153: =TRUNC(Z153*$D89,0) -> 17531944 | AB153: =TRUNC(T89*$U$152,0) -> 26295014 | AC153: =TRUNC(AB153*$D89,0) -> 26295014
Y154: =SUBTOTAL(9,Y152:Y153) -> 96069567 | AA154: =SUBTOTAL(9,AA152:AA153) -> 33124451 | AC154: =SUBTOTAL(9,AC152:AC153) -> 50222903
U155: 설계부터 | X155: =TRUNC(I87*0.8675*$U$152,0) -> 50700025 | Y155: =TRUNC(X155*$D87,0) -> 50700025 | Z155: =TRUNC(K87*0.8675*$U$152,0) -> 19015253 | AA155: =TRUNC(Z155*$D87,0) -> 19015253 | AB155: =TRUNC(M87*0.8675*$U$152,0) -> 29180353 | AC155: =TRUNC(AB155*$D87,0) -> 29180353
X156: =TRUNC(I89*0.8675*$U$152,0) -> 58334985 | Y156: =TRUNC(X156*$D89,0) -> 58334985 | Z156: =TRUNC(K89*0.8675*$U$152,0) -> 21380420 | AA156: =TRUNC(Z156*$D89,0) -> 21380420 | AB156: =TRUNC(M89*0.8675*$U$152,0) -> 32067091 | AC156: =TRUNC(AB156*$D89,0) -> 32067091
Y157: =SUBTOTAL(9,Y155:Y156) -> 109035010 | AA157: =SUBTOTAL(9,AA155:AA156) -> 40395673 | AC157: =SUBTOTAL(9,AC155:AC156) -> 61247444

Sheet 8.원,하도급내역서
A7: 8. 원 , 하 도급내역서(변 경)

Sheet 원하내역서
A2: 원,하도급내역서(변 경,특허-부단수)
A4: 번호 | B4: 항목 | C4: 규격 | D4: 수량 | E4: 단위 | F4: 설계금액 | H4: 재료비 | J4: 노무비 | L4: 경 비 | N4: 도급금액 | P4: 재료비 | R4: 노무비 | T4: 경 비 | V4: 하도급금액 | X4: 재료비 | Z4: 노무비 | AB4: 경 비 | AD4: 비고
F5: 단 가 | G5: 금 액 | H5: 단 가 | I5: 금 액 | J5: 단 가 | K5: 금 액 | L5: 단 가 | M5: 금 액 | N5: 단 가 | O5: 금 액 | P5: 단 가 | Q5: 금 액 | R5: 단 가 | S5: 금 액 | T5: 단 가 | U5: 금 액 | V5: 단 가 | W5: 금 액 | X5: 단 가 | Y5: 금 액 | Z5: 단 가 | AA5: 금 액 | AB5: 단 가 | AC5: 금 액
B6: 총공사원가 | G6: =G8 -> 296166628 | I6: =I8 -> 153278992 | K6: =K8 -> 56787340 | M6: =M8 -> 86100296 | O6: =O8 -> 218801127 | Q6: =Q8 -> 117158010 | S6: =S8 -> 40395673 | U6: =U8 -> 61247444 | W6: =W8 -> 191220236 | Y6: =Y8 -> 104491200 | AA6: =AA8 -> 39847240 | AC6: =AC8 -> 46881796 | AE6: 합계
B7: 총공사원가 | G7: =G14 -> 296166628 | I7: =I14 -> 153278992 | K7: =K14 -> 56787340 | M7: =M14 -> 86100296 | O7: =O14 -> 218801127 | Q7: =Q14 -> 117158010 | S7: =S14 -> 40395673 | U7: =U14 -> 61247444 | W7: =W14 -> 191220236 | Y7: =Y14 -> 104491200 | AA7: =AA14 -> 39847240 | AC7: =AC14 -> 46881796 | AE7: 합계
A8: 가 | B8: 직접공사비 | G8: =I8+K8+M8 -> 296166628 | I8: =I15 -> 153278992 | K8: =K15 -> 56787340 | M8: =M15 -> 86100296 | O8: =Q8+S8+U8 -> 218801127 | Q8: =Q15 -> 117158010 | S8: =S15 -> 40395673 | U8: =U15 -> 61247444 | W8: =Y8+AA8+AC8 -> 191220236 | Y8: =Y15 -> 104491200 | AA8: =AA15 -> 39847240 | AC8: =AC15 -> 46881796 | AE8: 합계
A9: Ⅰ | B9: 공통시설 | G9: =I9+K9+M9 -> 0 | I9: 0 | K9: 0 | M9: =M10 -> 0 | O9: =Q9+S9+U9 -> 0 | Q9: 0 | S9: 0 | U9: =U10 -> 0 | W9: =Y9+AA9+AC9 -> 0 | Y9: 0 | AA9: 0 | AC9: =AC10 -> 0 | AE9: 합계
A10: 1 | B10: 공통공사 | G10: =I10+K10+M10 -> 0 | I10: =I11 -> 0 | K10: =K11 -> 0 | M10: =M11 -> 0 | O10: =Q10+S10+U10 -> 0 | Q10: =Q11 -> 0 | S10: =S11 -> 0 | U10: =U11 -> 0 | W10: =Y10+AA10+AC10 -> 0 | Y10: =Y11 -> 0 | AA10: =AA11 -> 0 | AC10: =AC11 -> 0 | AE10: 합계
AE11: 직영
AE12: 직영
AE13: 직영
A14: 가 | B14: 직접공사비 | G14: =I14+K14+M14 -> 296166628 | I14: =I29 -> 153278992 | K14: =K29 -> 56787340 | M14: =M29 -> 86100296 | O14: =Q14+S14+U14 -> 218801127 | Q14: =Q29 -> 117158010 | S14: =S29 -> 40395673 | U14: =U29 -> 61247444 | W14: =Y14+AA14+AC14 -> 191220236 | Y14: =Y29 -> 104491200 | AA14: =AA29 -> 39847240 | AC14: =AC29 -> 46881796 | AE14: 합계
A15: Ⅱ | B15: 상수도시설 | G15: =I15+K15+M15 -> 296166628 | I15: =I16+I30+I90+I102+I132+I139 -> 153278992 | K15: =K16+K30+K90+K102+K132+K139 -> 56787340 | M15: =M16+M30+M90+M102+M132+M139 -> 86100296 | O15: =Q15+S15+U15 -> 218801127 | Q15: =Q16+Q30+Q90+Q102+Q132+Q139 -> 117158010 | S15: =S16+S30+S90+S102+S132+S139 -> 40395673 | U15: =U16+U30+U90+U102+U132+U139 -> 61247444 | W15: =Y15+AA15+AC15 -> 191220236 | Y15: =Y16+Y30+Y90+Y102+Y132+Y139 -> 104491200 | AA15: =AA16+AA30+AA90+AA102+AA132+AA139 -> 39847240 | AC15: =AC16+AC30+AC90+AC102+AC132+AC139 -> 46881796 | AE15: 합계
A16: 1 | B16: 토공 | G16: =I16+K16+M16 -> 0 | I16: =I17+I24 -> 0 | K16: =K17+K24 -> 0 | M16: =M17+M24 -> 0 | O16: =Q16+S16+U16 -> 0 | Q16: =Q17+Q24 -> 0 | S16: =S17+S24 -> 0 | U16: =U17+U24 -> 0 | W16: =Y16+AA16+AC16 -> 0 | Y16: =Y17+Y24 -> 0 | AA16: =AA17+AA24 -> 0 | AC16: =AC17+AC24 -> 0 | AE16: 합계
A17: 1.1 | B17: 기존구조물철거 | G17: =I17+K17+M17 -> 0 | I17: =SUM(I18:I23) -> 0 | K17: =SUM(K18:K23) -> 0 | M17: =SUM(M18:M23) -> 0 | O17: =Q17+S17+U17 -> 0 | Q17: =SUM(Q18:Q23) -> 0 | S17: =SUM(S18:S23) -> 0 | U17: =SUM(U18:U23) -> 0 | W17: =Y17+AA17+AC17 -> 0 | Y17: =SUM(Y18:Y23) -> 0 | AA17: =SUM(AA18:AA23) -> 0 | AC17: =SUM(AC18:AC23) -> 0 | AE17: 합계
AE18: 직영
AE19: 직영
AE20: 직영
AE21: 직영
AE22: 직영
AE23: 직영
A24: 1.2 | B24: 토공작업 | G24: =I24+K24+M24 -> 0 | I24: =SUM(I25:I28) -> 0 | K24: =SUM(K25:K28) -> 0 | M24: =SUM(M25:M28) -> 0 | O24: =Q24+S24+U24 -> 0 | Q24: =SUM(Q25:Q28) -> 0 | S24: =SUM(S25:S28) -> 0 | U24: =SUM(U25:U28) -> 0 | W24: =Y24+AA24+AC24 -> 0 | Y24: =SUM(Y25:Y28) -> 0 | AA24: =SUM(AA25:AA28) -> 0 | AC24: =SUM(AC25:AC28) -> 0 | AE24: 합계
AE25: 가시설
AE26: 직영
AE27: 직영
AE28: 직영
A29: Ⅱ | B29: 상수도시설 | G29: =I29+K29+M29 -> 296166628 | I29: =I30+I44+I104+I116+I146+I153 -> 153278992 | K29: =K30+K44+K104+K116+K146+K153 -> 56787340 | M29: =M30+M44+M104+M116+M146+M153 -> 86100296 | O29: =Q29+S29+U29 -> 218801127 | Q29: =Q30+Q44+Q104+Q116+Q146+Q153 -> 117158010 | S29: =S30+S44+S104+S116+S146+S153 -> 40395673 | U29: =U30+U44+U104+U116+U146+U153 -> 61247444 | W29: =Y29+AA29+AC29 -> 191220236 | Y29: =Y30+Y44+Y104+Y116+Y146+Y153 -> 104491200 | AA29: =AA30+AA44+AA104+AA116+AA146+AA153 -> 39847240 | AC29: =AC30+AC44+AC104+AC116+AC146+AC153 -> 46881796 | AE29: 합계
A30: 2 | B30: 관로공 | G30: =I30+K30+M30 -> 296166628 | I30: =I85 -> 153278992 | K30: =K85 -> 56787340 | M30: =M85 -> 86100296 | O30: =Q30+S30+U30 -> 218801127 | Q30: =Q85 -> 117158010 | S30: =S85 -> 40395673 | U30: =U85 -> 61247444 | W30: =Y30+AA30+AC30 -> 191220236 | Y30: =Y85 -> 104491200 | AA30: =AA85 -> 39847240 | AC30: =AC85 -> 46881796 | AE30: 합계
AE31: 관로공
AE32: 관로공
AE33: 관로공
AE34: 관로공
AE35: 관로공
AE36: 관로공
AE37: 관로공
AE38: 관로공
AE39: 관로공
AE40: 관로공
AE41: 관로공
AE42: 관로공
... AE83: 직영
A84: 2 | B84: 관로공 | G84: =I84+K84+M84 -> 296166628 | I84: =I86 -> 153278992 | K84: =K86 -> 56787340 | M84: =M86 -> 86100296 | O84: =Q84+S84+U84 -> 218801127 | Q84: =Q86 -> 117158010 | S84: =S86 -> 40395673 | U84: =U86 -> 61247444 | W84: =Y84+AA84+AC84 -> 191220236 | Y84: =Y86 -> 104491200 | AA84: =AA86 -> 39847240 | AC84: =AC86 -> 46881796 | AE84: 합계
A85: 2.1 | B85: 부단수차단 | G85: =I85+K85+M85 -> 296166628 | I85: =I87+I89 -> 153278992 | K85: =K87+K89 -> 56787340 | M85: =M87+M89 -> 86100296 | O85: =Q85+S85+U85 -> 218801127 | Q85: =Q87+Q89 -> 117158010 | S85: =S87+S89 -> 40395673 | U85: =U87+U89 -> 61247444 | W85: =Y85+AA85+AC85 -> 191220236 | Y85: =Y87+Y89 -> 104491200 | AA85: =AA87+AA89 -> 39847240 | AC85: =AC87+AC89 -> 46881796 | AE85: 부단수
A86: 2.1 | B86: 부단수차단 | G86: =I86+K86+M86 -> 296166628 | I86: =I88+I150 -> 153278992 | K86: =K88+K150 -> 56787340 | M86: =M88+M150 -> 86100296 | O86: =Q86+S86+U86 -> 218801127 | Q86: =Q88+Q150 -> 117158010 | S86: =S88+S150 -> 40395673 | U86: =U88+U150 -> 61247444 | W86: =Y86+AA86+AC86 -> 191220236 | Y86: =Y88+Y150 -> 104491200 | AA86: =AA88+AA150 -> 39847240 | AC86: =AC88+AC150 -> 46881796 | AE86: 부단수
A87: 2.10.1 | B87: 부단수차단 | C87: 강관(D800MM) | D87: 1 | E87: 식 | F87: =H87+J87+L87 -> 139025280 | G87: =I87+K87+M87 -> 139025280 | H87: 71272968 | I87: =TRUNC(H87*D87,0) -> 71272968 | J87: 26731220 | K87: =TRUNC(J87*D87,0) -> 26731220 | L87: 41021092 | M87: =TRUNC(L87*D87,0) -> 41021092 | N87: =P87+R87+T87 -> 103895631 | O87: =Q87+S87+U87 -> 103895631 | P87: 55700025 | Q87: =TRUNC(P87*D87,0) -> 55700025 | R87: 19015253 | S87: =TRUNC(R87*D87,0) -> 19015253 | T87: 29180353 | U87: =TRUNC(T87*D87,0) -> 29180353 | V87: =X87+Z87+AB87 -> 90341564 | W87: =Y87+AA87+AC87 -> 90341564 | X87: =[328]내역서!$Z$8 -> 48566828 | Y87: =TRUNC(X87*D87,0) -> 48566828 | Z87: =[328]내역서!$AB$8 -> 18768860 | AA87: =TRUNC(Z87*D87,0) -> 18768860 | AB87: =[328]내역서!$AD$8 -> 23005876 | AC87: =TRUNC(AB87*D87,0) -> 23005876 | AE87: 부단수
A88: 2.10.1 | B88: 부단수차단 | C88: 강관(D800MM) | D88: 1 | E88: 식 | F88: =H88+J88+L88 -> 139025280 | G88: =I88+K88+M88 -> 139025280 | H88: 71272968 | I88: =TRUNC(H88*D88,0) -> 71272968 | J88: 26731220 | K88: =TRUNC(J88*D88,0) -> 26731220 | L88: 41021092 | M88: =TRUNC(L88*D88,0) -> 41021092 | N88: =P88+R88+T88 -> 103895631 | O88: =Q88+S88+U88 -> 103895631 | P88: 55700025 | Q88: =TRUNC(P88*D88,0) -> 55700025 | R88: 19015253 | S88: =TRUNC(R88*D88,0) -> 19015253 | T88: 29180353 | U88: =TRUNC(T88*D88,0) -> 29180353 | V88: =X88+Z88+AB88 -> 90341564 | W88: =Y88+AA88+AC88 -> 90341564 | X88: =[328]내역서!$Z$8 -> 48566828 | Y88: =TRUNC(X88*D88,0) -> 48566828 | Z88: =[328]내역서!$AB$8 -> 18768860 | AA88: =TRUNC(Z88*D88,0) -> 18768860 | AB88: =[328]내역서!$AD$8 -> 23005876 | AC88: =TRUNC(AB88*D88,0) -> 23005876 | AE88: 부단수
A89: 2.10.2 | B89: 부단수차단 | C89: 강관(D900MM) | D89: 1 | E89: 식 | F89: =H89+J89+L89 -> 157141348 | G89: =I89+K89+M89 -> 157141348 | H89: 82006024 | I89: =TRUNC(H89*D89,0) -> 82006024 | J89: 30056120 | K89: =TRUNC(J89*D89,0) -> 30056120 | L89: 45079204 | M89: =TRUNC(L89*D89,0) -> 45079204 | N89: =P89+R89+T89 -> 114905496 | O89: =Q89+S89+U89 -> 114905496 | P89: 61457985 | Q89: =TRUNC(P89*D89,0) -> 61457985 | R89: 21380420 | S89: =TRUNC(R89*D89,0) -> 21380420 | T89: 32067091 | U89: =TRUNC(T89*D89,0) -> 32067091 | V89: =X89+Z89+AB89 -> 100878672 | W89: =Y89+AA89+AC89 -> 100878672 | X89: =[328]내역서!$Z$7 -> 55924372 | Y89: =TRUNC(X89*D89,0) -> 55924372 | Z89: =[328]내역서!$AB$7 -> 21078380 | AA89: =TRUNC(Z89*D89,0) -> 21078380 | AB89: =[328]내역서!$AD$7 -> 23875920 | AC89: =TRUNC(AB89*D89,0) -> 23875920 | AE89: 부단수
AE90: 구조물
AE91: 구조물
AE92: 구조물
AE93: 구조물
AE94: 구조물
AE95: 구조물
AE96: 구조물
AE97: 구조물
AE98: 구조물
AE99: 구조물
AE100: 구조물
AE101: 구조물
... AE131: 가시설
A132: 5 | B132: 부대공 | G132: =I132+K132+M132 -> 0 | I132: =I133+I136 -> 0 | K132: =K133+K136 -> 0 | M132: =M133+M136 -> 0 | O132: =Q132+S132+U132 -> 0 | Q132: =Q133+Q136 -> 0 | S132: =S133+S136 -> 0 | U132: =U133+U136 -> 0 | W132: =Y132+AA132+AC132 -> 0 | Y132: =Y133+Y136 -> 0 | AA132: =AA133+AA136 -> 0 | AC132: =AC133+AC136 -> 0 | AE132: 합계
AE133: 직영
AE134: 직영
AE135: 직영
AE136: 직영
AE137: 직영
AE138: 직영
A139: 6 | B139: 사급자재 | G139: =I139+K139+M139 -> 0 | I139: =I140+I144 -> 0 | K139: =K140+K144 -> 0 | M139: =M140+M144 -> 0 | O139: =Q139+S139+U139 -> 0 | Q139: =Q140+Q144 -> 0 | S139: =S140+S144 -> 0 | U139: =U140+U144 -> 0 | W139: =Y139+AA139+AC139 -> 0 | Y139: =Y140+Y144 -> 0 | AA139: =AA140+AA144 -> 0 | AC139: =AC140+AC144 -> 0 | AE139: 합계
AE140: 관로공
AE141: 관로공
AE142: 관로공
AE143: 관로공
AE144: 직영
AE145: 직영
AE146: 직영
AE147: 직영
AE148: 직영
AE149: 직영
A150: 2.10.2 | B150: 부단수차단 | C150: 강관(D900MM) | D150: 1 | E150: 식 | F150: =H150+J150+L150 -> 157141348 | G150: =I150+K150+M150 -> 157141348 | H150: 82006024 | I150: =TRUNC(H150*D150,0) -> 82006024 | J150: 30056120 | K150: =TRUNC(J150*D150,0) -> 30056120 | L150: 45079204 | M150: =TRUNC(L150*D150,0) -> 45079204 | N150: =P150+R150+T150 -> 114905496 | O150: =Q150+S150+U150 -> 114905496 | P150: 61457985 | Q150: =TRUNC(P150*D150,0) -> 61457985 | R150: 21380420 | S150: =TRUNC(R150*D150,0) -> 21380420 | T150: 32067091 | U150: =TRUNC(T150*D150,0) -> 32067091 | V150: =X150+Z150+AB150 -> 100878672 | W150: =Y150+AA150+AC150 -> 100878672 | X150: =[328]내역서!$Z$7 -> 55924372 | Y150: =TRUNC(X150*D150,0) -> 55924372 | Z150: =[328]내역서!$AB$7 -> 21078380 | AA150: =TRUNC(Z150*D150,0) -> 21078380 | AB150: =[328]내역서!$AD$7 -> 23875920 | AC150: =TRUNC(AB150*D150,0) -> 23875920 | AE150: 부단수

Sheet Sheet8

Sheet 부단수원가
A1: 공 사 원 가 계 산 서 (변 경,특허 - 부단수)
A2: 공사명 : | C2: 군산시 옥회천 지방하천 정비공사 지장관로 이설공사
A3: 비 목 | C3: 구 분 | D3: 설계금액 | E3: 도급금액 | F3: 하도급금액 | G3: 요율(%) | H3: 구 성 비(%) | Q3: 비 고
A4: 순 공 사 원 가 | B4: 재 료 비 | C4: 직접재료비 | D4: =부단수!I6 -> 153278992 | E4: =부단수!Q6 -> 117158010 | F4: =부단수!Y6 -> 104491200 | G4: =IFERROR(F4/E4,"") -> 0.89188268
C5: 직접재료비 | D5: =부단수!I8 -> 153278992 | E5: =부단수!Q7 -> 117158010 | F5: =부단수!Y7 -> 104491200 | G5: =IFERROR(F5/E5,"") -> 0.89188268
C6: 간접재료비 | D6: 0 | E6: 0 | F6: 0 | G6: =IFERROR(F6/E6,"")
C7: 간접재료비 | D7: 0 | E7: 0 | F7: 0 | G7: =IFERROR(F7/E7,"")
C8: 소 계 | D8: =D4+D6 -> 153278992 | E8: =E4+E6 -> 117158010 | F8: =F4+F6 -> 104491200 | G8: =IFERROR(F8/E8,"") -> 0.89188268
C9: 소 계 | D9: =D5+D7 -> 153278992 | E9: =E5+E7 -> 117158010 | F9: =F5+F7 -> 104491200 | G9: =IFERROR(F9/E9,"") -> 0.89188268
B10: 노 무 비 | C10: 직접노무비 | D10: =부단수!K6 -> 56787340 | E10: =부단수!S6 -> 40395673 | F10: =부단수!AA6 -> 39847240 | G10: =IFERROR(F10/E10,"") -> 0.98642347
C11: 직접노무비 | D11: =부단수!K8 -> 56787340 | E11: =부단수!S7 -> 40395673 | F11: =부단수!AA7 -> 39847240 | G11: =IFERROR(F11/E11,"") -> 0.98642347
C12: 간접노무비 | D12: =INT(D10*I12) -> 8120589 | E12: =INT(E10*I12) -> 5776581 | F12: =INT(F10*I12) -> 5698155 | G12: =IFERROR(F12/E12,"") -> 0.98642346 | H12: (직접노무비) × | I12: 0.143
C13: 간접노무비 | D13: =INT(D11*I13) -> 8120589 | E13: =INT(E11*I13) -> 5776581 | F13: =INT(F11*I13) -> 5698155 | G13: =IFERROR(F13/E13,"") -> 0.98642346 | H13: (직접노무비) × | I13: 0.143
C14: 소 계 | D14: =D10+D12 -> 64907929 | E14: =E10+E12 -> 46172254 | F14: =F10+F12 -> 45545395 | G14: =IFERROR(F14/E14,"") -> 0.98642347
C15: 소 계 | D15: =D11+D13 -> 64907929 | E15: =E11+E13 -> 46172254 | F15: =F11+F13 -> 45545395 | G15: =IFERROR(F15/E15,"") -> 0.98642347
B16: 경 비 | C16: 산출경비(기계경비) | D16: =부단수!M6 -> 86100296 | E16: =부단수!U6 -> 61247444 | F16: =부단수!AC6 -> 46881796 | G16: =IFERROR(F16/E16,"") -> 0.76544902
C17: 산출경비(기계경비) | D17: =부단수!M8 -> 86100296 | E17: =부단수!U7 -> 61247444 | F17: =부단수!AC7 -> 46881796 | G17: =IFERROR(F17/E17,"") -> 0.76544902
C18: 산재보험료 | D18: 0 | E18: 0 | F18: 0 | G18: =IFERROR(F18/E18,"") | H18: (직노 ＋ 간노) × | I18: 0.0356
C19: 산재보험료 | D19: 0 | E19: 0 | F19: 0 | G19: =IFERROR(F19/E19,"") | H19: (직노 ＋ 간노) × | I19: 0.0356
C20: 고용보험료 | D20: 0 | E20: 0 | F20: 0 | G20: =IFERROR(F20/E20,"") | H20: (직노 ＋ 간노) × | I20: 0.0101
C21: 고용보험료 | D21: 0 | E21: 0 | F21: 0 | G21: =IFERROR(F21/E21,"") | H21: (직노 ＋ 간노) × | I21: 0.0101
C22: 건강보험료 | D22: =INT(D10*I22) -> 2013111 | E22: =D22 -> 2013111 | F22: =TRUNC(F10*I22,0) -> 1412584 | G22: =IFERROR(F22/E22,"") -> 0.70169206 | H22: (직노) × | I22: 0.03545
C23: 건강보험료 | D23: =INT(D11*I23) -> 2013111 | E23: 1584251 | F23: =E23 -> 1584251 | G23: =IFERROR(F23/E23,"") -> 1 | H23: (직노) × | I23: 0.03545
C24: 연금보험료 | D24: =INT(D10*I24) -> 2555430 | E24: =D24 -> 2555430 | F24: =TRUNC(F10*I24,0) -> 1793125 | G24: =IFERROR(F24/E24,"") -> 0.70169208 | H24: (직노) × | I24: 0.045
C25: 연금보험료 | D25: =INT(D11*I25) -> 2555430 | E25: 2011039 | F25: =E25 -> 2011039 | G25: =IFERROR(F25/E25,"") -> 1 | H25: (직노) × | I25: 0.045
C26: 노인장기요양보험료 | D26: =INT(D22*I26) -> 260697 | E26: =D26 -> 260697 | F26: =TRUNC(F22*I26,0) -> 182929 | G26: =IFERROR(F26/E26,"") -> 0.701692 | H26: (건강보험료) × | I26: 0.1295
C27: 노인장기요양보험료 | D27: =INT(D23*I27) -> 260697 | E27: 205160 | F27: =E27 -> 205160 | G27: =IFERROR(F27/E27,"") -> 1 | H27: (건강보험료) × | I27: 0.1295
C28: 퇴직공제부금비 | D28: 0 | E28: 0 | F28: 0 | G28: =IFERROR(F28/E28,"") | H28: (직노) × | I28: 0.023
C29: 퇴직공제부금비 | D29: 0 | E29: =INT(E10*$I29) -> 929100 | F29: =INT(F10*$I29) -> 916486 | G29: =IFERROR(F29/E29,"") -> 0.98642342 | H29: (직노) × | I29: 0.023
C30: 건설기계지급보증서 | D30: 0 | E30: 0 | F30: 0 | G30: =IFERROR(F30/E30,"") | H30: (재료＋직노＋산경) × | I30: 0.004
C31: 건설기계지급보증서 | D31: 0 | E31: 0 | F31: 0 | G31: =IFERROR(F31/E31,"") | H31: (재료＋직노＋산경) × | I31: 0.004
C32: 안전관리비 | D32: 0 | E32: 0 | F32: 0 | G32: =IFERROR(F32/E32,"")
C33: 안전관리비 | D33: 0 | E33: 0 | F33: 0 | G33: =IFERROR(F33/E33,"")
C34: 신기술사용료 | D34: 0 | E34: 0 | F34: 0 | G34: =IFERROR(F34/E34,"")
C35: 신기술사용료 | D35: 0 | E35: 0 | F35: 0 | G35: =IFERROR(F35/E35,"")
C36: 품질관리비 | D36: 0 | E36: 0 | F36: 0 | G36: =IFERROR(F36/E36,"")
C37: 품질관리비 | D37: 0 | E37: 0 | F37: 0 | G37: =IFERROR(F37/E37,"")
C38: 산업안전보건관리비 | D38: =INT(((D8+D10)*I38+K38)*O38)*0 -> 0 | E38: =INT(((E8+E10)*I38+K38)*O38)*0 -> 0 | F38: =INT(((F8+F10)*I38+K38)*O38)*0 -> 0 | G38: =IFERROR(F38/E38,"") | H38: ((재료＋직노) × | I38: 0.0199 | J38: ＋ | K38: 0 | M38: ) | N38: × | O38: 1.2 | Q38: ※산업안전보건관리비 산출
C39: 산업안전보건관리비 | D39: =INT(((D9+D11)*I39+K39)*O39)*0 -> 0 | E39: =INT(((E9+E11)*I39+K39)*O39)*0 -> 0 | F39: =INT(((F9+F11)*I39+K39)*O39)*0 -> 0 | G39: =IFERROR(F39/E39,"") | H39: ((재료＋직노) × | I39: 0.0199 | J39: ＋ | K39: 0 | M39: ) | N39: × | O39: 1.2 | Q39: ※산업안전보건관리비 산출
C40: 환경보전비 | D40: 0 | E40: 0 | F40: 0 | G40: =IFERROR(F40/E40,"") | H40: (재료 ＋ 직노 ＋ 산경) × | I40: 0.005 | Q40: ①:((재＋직노)×요율+기초금액)×1.2
C41: 환경보전비 | D41: 0 | E41: 0 | F41: 0 | G41: =IFERROR(F41/E41,"") | H41: (재료 ＋ 직노 ＋ 산경) × | I41: 0.005 | Q41: ①:((재＋직노)×요율+기초금액)×1.2
C42: 가설비 | D42: 0 | E42: 0 | F42: 0 | G42: =IFERROR(F42/E42,"")
C43: 가설비 | D43: 0 | E43: 0 | F43: 0 | G43: =IFERROR(F43/E43,"")
C44: 관급자재관리비 | D44: 0 | E44: 0 | F44: 0 | G44: =IFERROR(F44/E44,"")
C45: 관급자재관리비 | D45: 0 | E45: 0 | F45: 0 | G45: =IFERROR(F45/E45,"")
A46: 순 공 사 원 가 | B46: 경 비 | C46: 시공상세도작성비 | D46: 0 | E46: 0 | F46: 0 | G46: =IFERROR(F46/E46,"")
C47: 시공상세도작성비 | D47: 0 | E47: 0 | F47: 0 | G47: =IFERROR(F47/E47,"")
C48: 하도급발급수수료 | D48: 0 | E48: 0 | F48: 0 | G48: =IFERROR(F48/E48,"") | H48: (재료 ＋ 직노 ＋ 산경) × | I48: 0.00081 | Q48: ②:((재＋직노)×요율)＋기초금액)×1.2
C49: 하도급발급수수료 | D49: 0 | E49: 0 | F49: 0 | G49: =IFERROR(F49/E49,"") | H49: (재료 ＋ 직노 ＋ 산경) × | I49: 0.00081 | Q49: ②:((재＋직노)×요율)＋기초금액)×1.2
C50: 공사이행보증수수료 | D50: =INT((0+((D4+D10+D16)-0)*0%*0)) -> 0 | E50: =INT((0+((E4+E10+E16)-0)*0%*0)) -> 0 | F50: =INT((0+((F4+F10+F16)-0)*0%*0)) -> 0 | G50: =IFERROR(F50/E50,"") | H50: {0백만원＋(직접공사비-0억원) × 0.00% × 공기년수 | Q50: ①,②중 작은금액 적용
C51: 공사이행보증수수료 | D51: =INT((0+((D5+D11+D17)-0)*0%*0)) -> 0 | E51: =INT((0+((E5+E11+E17)-0)*0%*0)) -> 0 | F51: =INT((0+((F5+F11+F17)-0)*0%*0)) -> 0 | G51: =IFERROR(F51/E51,"") | H51: {0백만원＋(직접공사비-0억원) × 0.00% × 공기년수 | Q51: ①,②중 작은금액 적용
C52: 기 타 경 비 | D52: =INT((D8+D14)*I52) -> 12654841 | E52: =INT((E8+E14)*I52) -> 9473155 | F52: =INT((F8+F14)*I52) -> 8702122 | G52: =IFERROR(F52/E52,"") -> 0.91860864 | H52: (재료 ＋ 노무) × | I52: 0.058
C53: 기 타 경 비 | D53: =INT((D9+D15)*I53) -> 12654841 | E53: =INT((E9+E15)*I53) -> 9473155 | F53: =INT((F9+F15)*I53) -> 8702122 | G53: =IFERROR(F53/E53,"") -> 0.91860864 | H53: (재료 ＋ 노무) × | I53: 0.058
C54: 소 계 | D54: =D16+D18+D20+D22+D24+D26+D28+D30+D32+D34+D36+D38+D40+D42+D44+D46+D48+D50+D52 -> 103584375 | E54: =E16+E18+E20+E22+E24+E26+E28+E30+E32+E34+E36+E38+E40+E42+E44+E46+E48+E50+E52 -> 75549837 | F54: =F16+F18+F20+F22+F24+F26+F28+F30+F32+F34+F36+F38+F40+F42+F44+F46+F48+F50+F52 -> 58972556 | G54: =IFERROR(F54/E54,"") -> 0.7805782
C55: 소 계 | D55: =D17+D19+D21+D23+D25+D27+D29+D31+D33+D35+D37+D39+D41+D43+D45+D47+D49+D51+D53 -> 103584375 | E55: =E17+E19+E21+E23+E25+E27+E29+E31+E33+E35+E37+E39+E41+E43+E45+E47+E49+E51+E53 -> 75450149 | F55: =F17+F19+F21+F23+F25+F27+F29+F31+F33+F35+F37+F39+F41+F43+F45+F47+F49+F51+F53 -> 60300854 | G55: =IFERROR(F55/E55,"") -> 0.79921451
A56: 일반관리비 | D56: =INT((D8+D14+D54)*I56) -> 19306277 | E56: =INT((E8+E14+E54)*I56) -> 14332806 | F56: =INT((F8+F14+F54)*I56) -> 12540549 | G56: =IFERROR(F56/E56,"") -> 0.87495421 | H56: (재료 ＋ 노무 ＋ 경비) × | I56: 0.06
A57: 일반관리비 | D57: =INT((D9+D15+D55)*I57) -> 19306277 | E57: =INT((E9+E15+E55)*I57) -> 14326824 | F57: =INT((F9+F15+F55)*I57) -> 12620246 | G57: =IFERROR(F57/E57,"") -> 0.88088232 | H57: (재료 ＋ 노무 ＋ 경비) × | I57: 0.06
A58: 이윤 | D58: =INT((D14+D54+D56)*I58)-1905 -> 28167882 | E58: =INT((E14+E54+E56)*I58)-2959 -> 20405275 | F58: =INT((F14+F54+F56)*I58)-8475 -> 17550300 | G58: =IFERROR(F58/E58,"") -> 0.86008642 | H58: (노무 ＋ 경비 ＋ 일반) × | I58: 0.15
A59: 이윤 | D59: =INT((D15+D55+D57)*I59)-1905 -> 28167882 | E59: =INT((E15+E55+E57)*I59)-45075 -> 20347309 | F59: =INT((F15+F55+F57)*I59)-396 -> 17769578 | G59: =IFERROR(F59/E59,"") -> 0.87331342 | H59: (노무 ＋ 경비 ＋ 일반) × | I59: 0.15
A60: 부산물처리(△) | D60: 0 | E60: 0 | F60: 0 | G60: =IFERROR(F60/E60,"") | H60: 고제처리
A61: 부산물처리(△) | D61: 0 | E61: 0 | F61: 0 | G61: =IFERROR(F61/E61,"") | H61: 고제처리
A62: 미확정공종금액(PS) | D62: 0 | E62: 0 | F62: 0 | G62: =IFERROR(F62/E62,"") | H62: 감독용차량비 및 시공상세도 작성비
A63: 미확정공종금액(PS) | D63: 0 | E63: 0 | F63: 0 | G63: =IFERROR(F63/E63,"") | H63: 감독용차량비 및 시공상세도 작성비
A64: 공사손해보험료 | D64: 0 | E64: 0 | F64: 0 | G64: =IFERROR(F64/E64,"") | H64: (총원가+관급자재비) × 0%
A65: 공사손해보험료 | D65: 0 | E65: 0 | F65: 0 | G65: =IFERROR(F65/E65,"") | H65: (총원가+관급자재비) × 0%
A66: 공급가액 | D66: =D8+D14+D54+D56+D58+D60+D62 -> 369245455 | E66: =E8+E14+E54+E56+E58+E60+E62 -> 273618182 | F66: =F8+F14+F54+F56+F58+F60+F62 -> 239100000 | G66: =IFERROR(F66/E66,"") -> 0.87384544
A67: 공급가액 | D67: =D9+D15+D55+D57+D59+D61+D63 -> 369245455 | E67: =E9+E15+E55+E57+E59+E61+E63 -> 273454546 | F67: =F9+F15+F55+F57+F59+F61+F63 -> 240727273 | G67: =IFERROR(F67/E67,"") -> 0.88031915
A68: 부가가치세 | D68: =INT(D66*I68) -> 36924545 | E68: =INT(E66*I68) -> 27361818 | F68: =INT(F66*I68) -> 23910000 | G68: =IFERROR(F68/E68,"") -> 0.87384544 | H68: 공급가액 × | I68: 0.1
A69: 부가가치세 | D69: =INT(D67*I69) -> 36924545 | E69: =INT(E67*I69) -> 27345454 | F69: =INT(F67*I69) -> 24072727 | G69: =IFERROR(F69/E69,"") -> 0.88031916 | H69: 공급가액 × | I69: 0.1
A70: 도급예정액 | D70: =D66+D68 -> 406170000 | E70: =E66+E68 -> 300980000 | F70: =F66+F68 -> 263010000 | G70: =IFERROR(F70/E70,"") -> 0.87384544 | H70: 단수조정(십만원이하 절사)
A71: 도급예정액 | D71: =D67+D69 -> 406170000 | E71: =E67+E69 -> 300800000 | F71: =F67+F69 -> 264800000 | G71: =IFERROR(F71/E71,"") -> 0.88031915 | H71: 단수조정(십만원이하 절사)
A72: 총공사비 | D72: =SUM(D70:D70) -> 406170000 | E72: =SUM(E70:E70) -> 300980000 | F72: =SUM(F70:F70) -> 263010000 | G72: =IFERROR(F72/E72,"") -> 0.87384544
A73: 총공사비 | D73: =SUM(D71:D71) -> 406170000 | E73: =SUM(E71:E71) -> 300800000 | F73: =SUM(F71:F71) -> 264800000 | G73: =IFERROR(F73/E73,"") -> 0.88031915
E74: =D70*0.8675 -> 352352475 | F74: =D70*86.75%*82% -> 2.8892903e+08
E76: =E74*0.82 -> 2.8892903e+08 | F76: =F70-F74 -> -25919030

Sheet 부단수
A2: 순공사비산출서(특허-부단수) | AE2: =부단수원가!F76 -> -25919030
A4: 번호 | B4: 항목 | C4: 규격 | D4: 수량 | E4: 단위 | F4: 설계금액 | H4: 재료비 | J4: 노무비 | L4: 경 비 | N4: 도급금액 | P4: 재료비 | R4: 노무비 | T4: 경 비 | V4: 하도급금액 | X4: 재료비 | Z4: 노무비 | AB4: 경 비 | AD4: 비 고 | AE4: 0.70579158
F5: 단 가 | G5: 금 액 | H5: 단 가 | I5: 금 액 | J5: 단 가 | K5: 금 액 | L5: 단 가 | M5: 금 액 | N5: 단 가 | O5: 금 액 | P5: 단 가 | Q5: 금 액 | R5: 단 가 | S5: 금 액 | T5: 단 가 | U5: 금 액 | V5: 단 가 | W5: 금 액 | X5: 단 가 | Y5: 금 액 | Z5: 단 가 | AA5: 금 액 | AB5: 단 가 | AC5: 금 액
B6: 총공사원가 | G6: =G8 -> 296166628 | I6: =I8 -> 153278992 | K6: =K8 -> 56787340 | M6: =M8 -> 86100296 | O6: =O8 -> 218801127 | Q6: =Q8 -> 117158010 | S6: =S8 -> 40395673 | U6: =U8 -> 61247444 | W6: =W8 -> 191220236 | Y6: =Y8 -> 104491200 | AA6: =AA8 -> 39847240 | AC6: =AC8 -> 46881796 | AE6: 합계
B7: 총공사원가 | G7: =G14 -> 296166628 | I7: =I14 -> 153278992 | K7: =K14 -> 56787340 | M7: =M14 -> 86100296 | O7: =O14 -> 218801127 | Q7: =Q14 -> 117158010 | S7: =S14 -> 40395673 | U7: =U14 -> 61247444 | W7: =W14 -> 191220236 | Y7: =Y14 -> 104491200 | AA7: =AA14 -> 39847240 | AC7: =AC14 -> 46881796 | AE7: 합계
A8: 가 | B8: 직접공사비 | G8: =I8+K8+M8 -> 296166628 | I8: =I15 -> 153278992 | K8: =K15 -> 56787340 | M8: =M15 -> 86100296 | O8: =Q8+S8+U8 -> 218801127 | Q8: =Q15 -> 117158010 | S8: =S15 -> 40395673 | U8: =U15 -> 61247444 | W8: =Y8+AA8+AC8 -> 191220236 | Y8: =Y15 -> 104491200 | AA8: =AA15 -> 39847240 | AC8: =AC15 -> 46881796 | AE8: 합계
A9: Ⅰ | B9: 공통시설 | G9: =I9+K9+M9 -> 0 | I9: 0 | K9: 0 | M9: =M10 -> 0 | O9: =Q9+S9+U9 -> 0 | Q9: 0 | S9: 0 | U9: =U10 -> 0 | W9: =Y9+AA9+AC9 -> 0 | Y9: 0 | AA9: 0 | AC9: =AC10 -> 0 | AE9: 합계
A10: 1 | B10: 공통공사 | G10: =I10+K10+M10 -> 0 | I10: =I11 -> 0 | K10: =K11 -> 0 | M10: =M11 -> 0 | O10: =Q10+S10+U10 -> 0 | Q10: =Q11 -> 0 | S10: =S11 -> 0 | U10: =U11 -> 0 | W10: =Y10+AA10+AC10 -> 0 | Y10: =Y11 -> 0 | AA10: =AA11 -> 0 | AC10: =AC11 -> 0 | AE10: 합계
AE11: 직영
AE12: 직영
AE13: 직영
A14: 가 | B14: 직접공사비 | G14: =I14+K14+M14 -> 296166628 | I14: =I29 -> 153278992 | K14: =K29 -> 56787340 | M14: =M29 -> 86100296 | O14: =Q14+S14+U14 -> 218801127 | Q14: =Q29 -> 117158010 | S14: =S29 -> 40395673 | U14: =U29 -> 61247444 | W14: =W29 -> 191220236 | Y14: =Y29 -> 104491200 | AA14: =AA29 -> 39847240 | AC14: =AC29 -> 46881796 | AE14: 합계
A15: Ⅱ | B15: 상수도시설 | G15: =I15+K15+M15 -> 296166628 | I15: =I16+I30+I90+I102+I132+I139 -> 153278992 | K15: =K16+K30+K90+K102+K132+K139 -> 56787340 | M15: =M16+M30+M90+M102+M132+M139 -> 86100296 | O15: =Q15+S15+U15 -> 218801127 | Q15: =Q16+Q30+Q90+Q102+Q132+Q139 -> 117158010 | S15: =S16+S30+S90+S102+S132+S139 -> 40395673 | U15: =U16+U30+U90+U102+U132+U139 -> 61247444 | W15: =Y15+AA15+AC15 -> 191220236 | Y15: =Y30 -> 104491200 | AA15: =AA30 -> 39847240 | AC15: =AC30 -> 46881796 | AE15: 합계
A16: 1 | B16: 토공 | G16: =I16+K16+M16 -> 0 | I16: =I17+I24 -> 0 | K16: =K17+K24 -> 0 | M16: =M17+M24 -> 0 | O16: =Q16+S16+U16 -> 0 | Q16: =Q17+Q24 -> 0 | S16: =S17+S24 -> 0 | U16: =U17+U24 -> 0 | W16: =Y16+AA16+AC16 -> 0 | Y16: =Y17+Y24 -> 0 | AA16: =AA17+AA24 -> 0 | AC16: =AC17+AC24 -> 0 | AE16: 합계
A17: 1.1 | B17: 기존구조물철거 | G17: =I17+K17+M17 -> 0 | I17: =SUM(I18:I23) -> 0 | K17: =SUM(K18:K23) -> 0 | M17: =SUM(M18:M23) -> 0 | O17: =Q17+S17+U17 -> 0 | Q17: =SUM(Q18:Q23) -> 0 | S17: =SUM(S18:S23) -> 0 | U17: =SUM(U18:U23) -> 0 | W17: =Y17+AA17+AC17 -> 0 | Y17: =SUM(Y18:Y23) -> 0 | AA17: =SUM(AA18:AA23) -> 0 | AC17: =SUM(AC18:AC23) -> 0 | AE17: 합계
AE18: 직영
AE19: 직영
AE20: 직영
AE21: 직영
AE22: 직영
AE23: 직영
A24: 1.2 | B24: 토공작업 | G24: =I24+K24+M24 -> 0 | I24: =SUM(I25:I28) -> 0 | K24: =SUM(K25:K28) -> 0 | M24: =SUM(M25:M28) -> 0 | O24: =Q24+S24+U24 -> 0 | Q24: =SUM(Q25:Q28) -> 0 | S24: =SUM(S25:S28) -> 0 | U24: =SUM(U25:U28) -> 0 | W24: =Y24+AA24+AC24 -> 0 | Y24: =SUM(Y25:Y28) -> 0 | AA24: =SUM(AA25:AA28) -> 0 | AC24: =SUM(AC25:AC28) -> 0 | AE24: 합계
AE25: 가시설
AE26: 직영
AE27: 직영
AE28: 직영
A29: Ⅱ | B29: 상수도시설 | G29: =I29+K29+M29 -> 296166628 | I29: =I30+I44+I104+I116+I146+I152 -> 153278992 | K29: =K30+K44+K104+K116+K146+K152 -> 56787340 | M29: =M30+M44+M104+M116+M146+M152 -> 86100296 | O29: =Q29+S29+U29 -> 218801127 | Q29: =Q30+Q44+Q104+Q116+Q146+Q152 -> 117158010 | S29: =S30+S44+S104+S116+S146+S152 -> 40395673 | U29: =U30+U44+U104+U116+U146+U152 -> 61247444 | W29: =Y29+AA29+AC29 -> 191220236 | Y29: =Y84 -> 104491200 | AA29: =AA84 -> 39847240 | AC29: =AC84 -> 46881796 | AE29: 합계
A30: 2 | B30: 관로공 | G30: =I30+K30+M30 -> 296166628 | I30: =I85 -> 153278992 | K30: =K85 -> 56787340 | M30: =M85 -> 86100296 | O30: =Q30+S30+U30 -> 218801127 | Q30: =Q85 -> 117158010 | S30: =S85 -> 40395673 | U30: =U85 -> 61247444 | W30: =Y30+AA30+AC30 -> 191220236 | Y30: =Y85 -> 104491200 | AA30: =AA85 -> 39847240 | AC30: =AC85 -> 46881796 | AE30: 합계
AE31: 관로공
AE32: 관로공
AE33: 관로공
AE34: 관로공
AE35: 관로공
AE36: 관로공
AE37: 관로공
AE38: 관로공
AE39: 관로공
AE40: 관로공
AE41: 관로공
AE42: 관로공
... AE83: 직영
A84: 2 | B84: 관로공 | G84: =I84+K84+M84 -> 296166628 | I84: =I86 -> 153278992 | K84: =K86 -> 56787340 | M84: =M86 -> 86100296 | O84: =Q84+S84+U84 -> 218801127 | Q84: =Q86 -> 117158010 | S84: =S86 -> 40395673 | U84: =U86 -> 61247444 | W84: =Y84+AA84+AC84 -> 191220236 | Y84: =Y86 -> 104491200 | AA84: =AA86 -> 39847240 | AC84: =AC86 -> 46881796 | AE84: 합계
A85: 2.1 | B85: 부단수차단 | G85: =I85+K85+M85 -> 296166628 | I85: =I87+I89 -> 153278992 | K85: =K87+K89 -> 56787340 | M85: =M87+M89 -> 86100296 | O85: =Q85+S85+U85 -> 218801127 | Q85: =Q87+Q89 -> 117158010 | S85: =S87+S89 -> 40395673 | U85: =U87+U89 -> 61247444 | W85: =Y85+AA85+AC85 -> 191220236 | Y85: =Y87+Y89 -> 104491200 | AA85: =AA87+AA89 -> 39847240 | AC85: =AC87+AC89 -> 46881796 | AE85: 부단수
A86: 2.1 | B86: 부단수차단 | G86: =I86+K86+M86 -> 296166628 | I86: =I88+I150 -> 153278992 | K86: =K88+K150 -> 56787340 | M86: =M88+M150 -> 86100296 | O86: =Q86+S86+U86 -> 218801127 | Q86: =Q88+Q150 -> 117158010 | S86: =S88+S150 -> 40395673 | U86: =U88+U150 -> 61247444 | W86: =Y86+AA86+AC86 -> 191220236 | Y86: =Y88+Y150 -> 104491200 | AA86: =AA88+AA150 -> 39847240 | AC86: =AC88+AC150 -> 46881796 | AE86: 부단수
A87: 2.10.1 | B87: 부단수차단 | C87: 강관(D800MM) | D87: 1 | E87: 식 | F87: =H87+J87+L87 -> 139025280 | G87: =I87+K87+M87 -> 139025280 | H87: 71272968 | I87: =TRUNC(H87*D87,0) -> 71272968 | J87: 26731220 | K87: =TRUNC(J87*D87,0) -> 26731220 | L87: 41021092 | M87: =TRUNC(L87*D87,0) -> 41021092 | N87: =P87+R87+T87 -> 103895631 | O87: =Q87+S87+U87 -> 103895631 | P87: 55700025 | Q87: =TRUNC(P87*D87,0) -> 55700025 | R87: 19015253 | S87: =TRUNC(R87*D87,0) -> 19015253 | T87: 29180353 | U87: =TRUNC(T87*D87,0) -> 29180353 | V87: =X87+Z87+AB87 -> 90341564 | W87: =Y87+AA87+AC87 -> 90341564 | X87: =[328]내역서!$Z$8 -> 48566828 | Y87: =TRUNC(X87*D87,0) -> 48566828 | Z87: =[328]내역서!$AB$8 -> 18768860 | AA87: =TRUNC(Z87*D87,0) -> 18768860 | AB87: =[328]내역서!$AD$8 -> 23005876 | AC87: =TRUNC(AB87*D87,0) -> 23005876 | AE87: 부단수
A88: 2.10.1 | B88: 부단수차단 | C88: 강관(D800MM) | D88: 1 | E88: 식 | F88: =H88+J88+L88 -> 139025280 | G88: =I88+K88+M88 -> 139025280 | H88: 71272968 | I88: =TRUNC(H88*D88,0) -> 71272968 | J88: 26731220 | K88: =TRUNC(J88*D88,0) -> 26731220 | L88: 41021092 | M88: =TRUNC(L88*D88,0) -> 41021092 | N88: =P88+R88+T88 -> 103895631 | O88: =Q88+S88+U88 -> 103895631 | P88: 55700025 | Q88: =TRUNC(P88*D88,0) -> 55700025 | R88: 19015253 | S88: =TRUNC(R88*D88,0) -> 19015253 | T88: 29180353 | U88: =TRUNC(T88*D88,0) -> 29180353 | V88: =X88+Z88+AB88 -> 90341564 | W88: =Y88+AA88+AC88 -> 90341564 | X88: =[328]내역서!$Z$8 -> 48566828 | Y88: =TRUNC(X88*D88,0) -> 48566828 | Z88: =[328]내역서!$AB$8 -> 18768860 | AA88: =TRUNC(Z88*D88,0) -> 18768860 | AB88: =[328]내역서!$AD$8 -> 23005876 | AC88: =TRUNC(AB88*D88,0) -> 23005876 | AE88: 부단수
A89: 2.10.2 | B89: 부단수차단 | C89: 강관(D900MM) | D89: 1 | E89: 식 | F89: =H89+J89+L89 -> 157141348 | G89: =I89+K89+M89 -> 157141348 | H89: 82006024 | I89: =TRUNC(H89*D89,0) -> 82006024 | J89: 30056120 | K89: =TRUNC(J89*D89,0) -> 30056120 | L89: 45079204 | M89: =TRUNC(L89*D89,0) -> 45079204 | N89: =P89+R89+T89 -> 114905496 | O89: =Q89+S89+U89 -> 114905496 | P89: 61457985 | Q89: =TRUNC(P89*D89,0) -> 61457985 | R89: 21380420 | S89: =TRUNC(R89*D89,0) -> 21380420 | T89: 32067091 | U89: =TRUNC(T89*D89,0) -> 32067091 | V89: =X89+Z89+AB89 -> 100878672 | W89: =Y89+AA89+AC89 -> 100878672 | X89: =[328]내역서!$Z$7 -> 55924372 | Y89: =TRUNC(X89*D89,0) -> 55924372 | Z89: =[328]내역서!$AB$7 -> 21078380 | AA89: =TRUNC(Z89*D89,0) -> 21078380 | AB89: =[328]내역서!$AD$7 -> 23875920 | AC89: =TRUNC(AB89*D89,0) -> 23875920 | AE89: 부단수
AE90: 구조물
AE91: 구조물
AE92: 구조물
AE93: 구조물
AE94: 구조물
AE95: 구조물
AE96: 구조물
AE97: 구조물
AE98: 구조물
AE99: 구조물
AE100: 구조물
AE101: 구조물
... AE131: 가시설
A132: 5 | B132: 부대공 | G132: =I132+K132+M132 -> 0 | I132: =I133+I136 -> 0 | K132: =K133+K136 -> 0 | M132: =M133+M136 -> 0 | O132: =Q132+S132+U132 -> 0 | Q132: =Q133+Q136 -> 0 | S132: =S133+S136 -> 0 | U132: =U133+U136 -> 0 | W132: =Y132+AA132+AC132 -> 0 | Y132: =Y133+Y136 -> 0 | AA132: =AA133+AA136 -> 0 | AC132: =AC133+AC136 -> 0 | AE132: 합계
AE133: 직영
AE134: 직영
AE135: 직영
AE136: 직영
AE137: 직영
AE138: 직영
A139: 6 | B139: 사급자재 | G139: =I139+K139+M139 -> 0 | I139: =I140+I144 -> 0 | K139: =K140+K144 -> 0 | M139: =M140+M144 -> 0 | O139: =Q139+S139+U139 -> 0 | Q139: =Q140+Q144 -> 0 | S139: =S140+S144 -> 0 | U139: =U140+U144 -> 0 | W139: =Y139+AA139+AC139 -> 0 | Y139: =Y140+Y144 -> 0 | AA139: =AA140+AA144 -> 0 | AC139: =AC140+AC144 -> 0 | AE139: 합계
AE140: 관로공
AE141: 관로공
AE142: 관로공
AE143: 관로공
AE144: 직영
AE145: 직영
AE146: 직영
AE147: 직영
AE148: 직영
AE149: 직영
A150: 2.10.2 | B150: 부단수차단 | C150: 강관(D900MM) | D150: 1 | E150: 식 | F150: =H150+J150+L150 -> 157141348 | G150: =I150+K150+M150 -> 157141348 | H150: 82006024 | I150: =TRUNC(H150*D150,0) -> 82006024 | J150: 30056120 | K150: =TRUNC(J150*D150,0) -> 30056120 | L150: 45079204 | M150: =TRUNC(L150*D150,0) -> 45079204 | N150: =P150+R150+T150 -> 114905496 | O150: =Q150+S150+U150 -> 114905496 | P150: 61457985 | Q150: =TRUNC(P150*D150,0) -> 61457985 | R150: 21380420 | S150: =TRUNC(R150*D150,0) -> 21380420 | T150: 32067091 | U150: =TRUNC(T150*D150,0) -> 32067091 | V150: =X150+Z150+AB150 -> 100878672 | W150: =Y150+AA150+AC150 -> 100878672 | X150: =[328]내역서!$Z$7 -> 55924372 | Y150: =TRUNC(X150*D150,0) -> 55924372 | Z150: =[328]내역서!$AB$7 -> 21078380 | AA150: =TRUNC(Z150*D150,0) -> 21078380 | AB150: =[328]내역서!$AD$7 -> 23875920 | AC150: =TRUNC(AB150*D150,0) -> 23875920 | AE150: 부단수
O151: 0.82 | U151: 0.82 | V151: =X151+Z151+AB151 -> 85194416 | W151: =Y151+AA151+AC151 -> 85194416 | X151: =TRUNC(P87*$U$151,0) -> 45674020 | Y151: =TRUNC(X151*$D87,0) -> 45674020 | Z151: =TRUNC(R87*$U$151,0) -> 15592507 | AA151: =TRUNC(Z151*$D87,0) -> 15592507 | AB151: =TRUNC(T87*$U$151,0) -> 23927889 | AC151: =TRUNC(AB151*$D87,0) -> 23927889 | AE151: =(V151+V154)/2 -> 92045024
O152: 도급기준 | U152: 도급기준 | V152: =X152+Z152+AB152 -> 94222505 | W152: =Y152+AA152+AC152 -> 94222505 | X152: =TRUNC(P89*$U$151,0) -> 50395547 | Y152: =TRUNC(X152*$D89,0) -> 50395547 | Z152: =TRUNC(R89*$U$151,0) -> 17531944 | AA152: =TRUNC(Z152*$D89,0) -> 17531944 | AB152: =TRUNC(T89*$U$151,0) -> 26295014 | AC152: =TRUNC(AB152*$D89,0) -> 26295014 | AE152: =(V152+V155)/2 -> 1.030025e+08
W153: =Y153+AA153+AC153 -> 179416921 | Y153: =SUBTOTAL(9,Y151:Y152) -> 96069567 | AA153: =SUBTOTAL(9,AA151:AA152) -> 33124451 | AC153: =SUBTOTAL(9,AC151:AC152) -> 50222903
O154: 설계부터 | U154: 설계부터 | V154: =X154+Z154+AB154 -> 98895631 | W154: =Y154+AA154+AC154 -> 98895631 | X154: =TRUNC(I87*0.8675*$U$151,0) -> 50700025 | Y154: =TRUNC(X154*$D87,0) -> 50700025 | Z154: =TRUNC(K87*0.8675*$U$151,0) -> 19015253 | AA154: =TRUNC(Z154*$D87,0) -> 19015253 | AB154: =TRUNC(M87*0.8675*$U$151,0) -> 29180353 | AC154: =TRUNC(AB154*$D87,0) -> 29180353
V155: =X155+Z155+AB155 -> 111782496 | W155: =Y155+AA155+AC155 -> 111782496 | X155: =TRUNC(I89*0.8675*$U$151,0) -> 58334985 | Y155: =TRUNC(X155*$D89,0) -> 58334985 | Z155: =TRUNC(K89*0.8675*$U$151,0) -> 21380420 | AA155: =TRUNC(Z155*$D89,0) -> 21380420 | AB155: =TRUNC(M89*0.8675*$U$151,0) -> 32067091 | AC155: =TRUNC(AB155*$D89,0) -> 32067091
W156: =Y156+AA156+AC156 -> 210678127 | Y156: =SUBTOTAL(9,Y154:Y155) -> 109035010 | AA156: =SUBTOTAL(9,AA154:AA155) -> 40395673 | AC156: =SUBTOTAL(9,AC154:AC155) -> 61247444

Sheet 순공사비 산출서
A1: 순 공 사 비 산 출 서
A2: 공 종 명 | B2: 규 격 | C2: 수량 | D2: 단위 | E2: 합 계 | G2: 재 료 비 | I2: 노 무 비 | K2: 경 비 | M2: 표준분류 코드 | N2: 비 고 | BI2: 메모
E3: 단 가 | F3: 금 액 | G3: 단 가 | H3: 금 액 | I3: 단 가 | J3: 금 액 | K3: 단 가 | L3: 금 액 | T3: 할 증 | U3: 화폐변환 | V3: OP값 | W3: EQ | X3: LA | Y3: MA | Z3: 금액계상
A4: ▣.군산시 옥회천 지방하천 정비공사 지장관로 이설공사 | P4: A0000
A5: ⊙.직접공사비 | C5: 1 | D5: 식 | E5: =G5+I5+K5 -> 0 | F5: =H5+J5+L5 -> #REF! | H5: =TRUNC(H6+H7+H8+H9+H10+H11,0) -> #REF! | J5: =TRUNC(J6+J7+J8+J9+J10+J11,0) -> #REF! | L5: =TRUNC(L6+L7+L8+L9+L10+L11,0) -> #REF! | Q5: 10
A6: 1. 토 공 | C6: 1 | D6: 식 | E6: =G6+I6+K6 -> #REF! | F6: =H6+J6+L6 -> #REF! | G6: =H25 -> #REF! | H6: =TRUNC(G6*C6,0) -> #REF! | I6: =J25 -> #REF! | J6: =TRUNC(I6*C6,0) -> #REF! | K6: =L25 -> #REF! | L6: =TRUNC(K6*C6,0) -> #REF! | M6: CD | Q6: 20 | S6: A0100 | BJ6: =HYPERLINK("#내역서!A17","A0100 →") -> A0100 →
A7: 2. 관로공 | C7: 1 | D7: 식 | E7: =G7+I7+K7 -> #REF! | F7: =H7+J7+L7 -> #REF! | G7: =H43 -> #REF! | H7: =TRUNC(G7*C7,0) -> #REF! | I7: =J43 -> #REF! | J7: =TRUNC(I7*C7,0) -> #REF! | K7: =L43 -> #REF! | L7: =TRUNC(K7*C7,0) -> #REF! | M7: CG | Q7: 30 | S7: A0200 | BJ7: =HYPERLINK("#내역서!A35","A0200 →") -> A0200 →
A8: 3. 구조물공 | C8: 1 | D8: 식 | E8: =G8+I8+K8 -> #REF! | F8: =H8+J8+L8 -> #REF! | G8: =H104 -> #REF! | H8: =TRUNC(G8*C8,0) -> #REF! | I8: =J104 -> #REF! | J8: =TRUNC(I8*C8,0) -> #REF! | K8: =L104 -> #REF! | L8: =TRUNC(K8*C8,0) -> #REF! | M8: CE | Q8: 40 | S8: A0300 | BJ8: =HYPERLINK("#내역서!A96","A0300 →") -> A0300 →
A9: 4. 가시설공 | C9: 1 | D9: 식 | E9: =G9+I9+K9 -> #REF! | F9: =H9+J9+L9 -> #REF! | G9: =H117 -> #REF! | H9: =TRUNC(G9*C9,0) -> #REF! | I9: =J117 -> #REF! | J9: =TRUNC(I9*C9,0) -> #REF! | K9: =L117 -> #REF! | L9: =TRUNC(K9*C9,0) -> #REF! | M9: CA | Q9: 50 | S9: A0400 | BJ9: =HYPERLINK("#내역서!A109","A0400 →") -> A0400 →
A10: 5. 부대공 | C10: 1 | D10: 식 | E10: =G10+I10+K10 -> #REF! | F10: =H10+J10+L10 -> #REF! | G10: =H150 -> #REF! | H10: =TRUNC(G10*C10,0) -> #REF! | I10: =J150 -> #REF! | J10: =TRUNC(I10*C10,0) -> #REF! | K10: =L150 -> #REF! | L10: =TRUNC(K10*C10,0) -> #REF! | M10: CA | Q10: 60 | S10: A0500 | BJ10: =HYPERLINK("#내역서!A142","A0500 →") -> A0500 →
A11: 6. 사급자재 | C11: 1 | D11: 식 | E11: =G11+I11+K11 -> #REF! | F11: =H11+J11+L11 -> #REF! | G11: =H168 -> #REF! | H11: =TRUNC(G11*C11,0) -> #REF! | I11: =J168 -> 0 | J11: =TRUNC(I11*C11,0) -> 0 | K11: =L168 -> 0 | L11: =TRUNC(K11*C11,0) -> 0 | Q11: 80 | S11: A0600 | BJ11: =HYPERLINK("#내역서!A161","A0600 →") -> A0600 →
A13: ⊙.부산물처리 | C13: 1 | D13: 식 | E13: =G13+I13+K13 -> #REF! | F13: =H13+J13+L13 -> #REF! | G13: =H219 -> #REF! | H13: =TRUNC(G13*C13,0) -> #REF! | I13: =J219 -> 0 | J13: =TRUNC(I13*C13,0) -> 0 | K13: =L219 -> 0 | L13: =TRUNC(K13*C13,0) -> 0 | Q13: 100 | S13: A0800 | BJ13: =HYPERLINK("#내역서!A232","A0800 →") -> A0800 →
A14: ⊙.기술사용료 | C14: 1 | D14: 식 | E14: =G14+I14+K14 -> #REF! | F14: =H14+J14+L14 -> #REF! | G14: =H242 -> #REF! | H14: =TRUNC(G14*C14,0) -> #REF! | I14: =J242 -> #REF! | J14: =TRUNC(I14*C14,0) -> #REF! | K14: =L242 -> #REF! | L14: =TRUNC(K14*C14,0) -> #REF! | Q14: 110 | S14: A0900 | BJ14: =HYPERLINK("#내역서!A237","A0900 →") -> A0900 →
E24: =G24+I24+K24 -> 0 | F24: =H24+J24+L24 -> 0 | H24: 0 | J24: 0 | L24: 0 | Q24: 120 | R24: S
A25: 1. 토 공 | C25: 1 | D25: 식 | F25: =H25+J25+L25 -> #REF! | H25: =TRUNC(H28+H29+H31+H32+H33+H34+H36+H37+H38+H39+H41+H42,0) -> #REF! | J25: =TRUNC(J28+J29+J31+J32+J33+J34+J36+J37+J38+J39+J41+J42,0) -> #REF! | L25: =TRUNC(L28+L29+L31+L32+L33+L34+L36+L37+L38+L39+L41+L42,0) -> #REF! | M25: CD | P25: A0100
A26: 1) 기존구조물철거 | E26: =G26+I26+K26 -> 0 | F26: =H26+J26+L26 -> #REF! | H26: =TRUNC(H28+H29+H31+H32+H33+H34,0) -> #REF! | J26: =TRUNC(J28+J29+J31+J32+J33+J34,0) -> #REF! | L26: =TRUNC(L28+L29+L31+L32+L33+L34,0) -> #REF! | M26: CDF | Q26: 10
A27: (1) 기존변실철거 | E27: =G27+I27+K27 -> 0 | F27: =H27+J27+L27 -> #REF! | H27: =TRUNC(H28+H29,0) -> #REF! | J27: =TRUNC(J28+J29,0) -> #REF! | L27: =TRUNC(L28+L29,0) -> #REF! | Q27: 20
A28: - 철근구조물깨기(B/H 0.7M3) | B28: 평균T=30CM이상 | C28: =#REF! -> #REF! | D28: M3 | E28: =G28+I28+K28 -> #REF! | F28: =H28+J28+L28 -> #REF! | G28: =#REF! -> #REF! | H28: =TRUNC(G28*C28,0) -> #REF! | I28: =#REF! -> #REF! | J28: =TRUNC(I28*C28,0) -> #REF! | K28: =#REF! -> #REF! | L28: =TRUNC(K28*C28,0) -> #REF! | N28: #.1 | Q28: 30 | S28: Y00020 | U28: F | BJ28: =HYPERLINK("#일위대가목록!A3","Y00020 →") -> Y00020 →
A29: - 폐기물상차(B/H 0.7M3) | C29: =#REF! -> #REF! | D29: M3 | E29: =G29+I29+K29 -> #REF! | F29: =H29+J29+L29 -> #REF! | G29: =#REF! -> #REF! | H29: =TRUNC(G29*C29,0) -> #REF! | I29: =#REF! -> #REF! | J29: =TRUNC(I29*C29,0) -> #REF! | K29: =#REF! -> #REF! | L29: =TRUNC(K29*C29,0) -> #REF! | N29: #.2 | Q29: 40 | S29: Y00046 | U29: F | BJ29: =HYPERLINK("#일위대가목록!A4","Y00046 →") -> Y00046 →
A30: (2) 기존관철거 | E30: =G30+I30+K30 -> 0 | F30: =H30+J30+L30 -> #REF! | H30: =TRUNC(H31+H32+H33+H34,0) -> #REF! | J30: =TRUNC(J31+J32+J33+J34,0) -> #REF! | L30: =TRUNC(L31+L32+L33+L34,0) -> #REF! | Q30: 50
A31: - 강관절단 | B31: D800MM | C31: =#REF! -> #REF! | D31: 개소 | E31: =G31+I31+K31 -> #REF! | F31: =H31+J31+L31 -> #REF! | G31: =#REF! -> #REF! | H31: =TRUNC(G31*C31,0) -> #REF! | I31: =#REF! -> #REF! | J31: =TRUNC(I31*C31,0) -> #REF! | K31: =#REF! -> #REF! | L31: =TRUNC(K31*C31,0) -> #REF! | N31: No.1 | Q31: 60 | S31: Y0246663 | U31: T | BJ31: =HYPERLINK("#일위대가목록!A58","Y0246663 →") -> Y0246663 →
A32: - 강관절단 | B32: D900MM | C32: =#REF! -> #REF! | D32: 개소 | E32: =G32+I32+K32 -> #REF! | F32: =H32+J32+L32 -> #REF! | G32: =#REF! -> #REF! | H32: =TRUNC(G32*C32,0) -> #REF! | I32: =#REF! -> #REF! | J32: =TRUNC(I32*C32,0) -> #REF! | K32: =#REF! -> #REF! | L32: =TRUNC(K32*C32,0) -> #REF! | N32: No.2 | Q32: 70 | S32: Y0246664 | U32: T | BJ32: =HYPERLINK("#일위대가목록!A59","Y0246664 →") -> Y0246664 →
A33: - 강관철거 | B33: D800MM | C33: =#REF! -> #REF! | D33: 본 | E33: =G33+I33+K33 -> #REF! | F33: =H33+J33+L33 -> #REF! | G33: =#REF! -> #REF! | H33: =TRUNC(G33*C33,0) -> #REF! | I33: =#REF! -> #REF! | J33: =TRUNC(I33*C33,0) -> #REF! | K33: =#REF! -> #REF! | L33: =TRUNC(K33*C33,0) -> #REF! | N33: No.3 | Q33: 80 | S33: Y02464481 | U33: T | BJ33: =HYPERLINK("#일위대가목록!A60","Y02464481 →") -> Y02464481 →
A34: - 강관철거 | B34: D900MM | C34: =#REF! -> #REF! | D34: 본 | E34: =G34+I34+K34 -> #REF! | F34: =H34+J34+L34 -> #REF! | G34: =#REF! -> #REF! | H34: =TRUNC(G34*C34,0) -> #REF! | I34: =#REF! -> #REF! | J34: =TRUNC(I34*C34,0) -> #REF! | K34: =#REF! -> #REF! | L34: =TRUNC(K34*C34,0) -> #REF! | N34: No.4 | Q34: 90 | S34: Y02464482 | U34: T | BJ34: =HYPERLINK("#일위대가목록!A61","Y02464482 →") -> Y02464482 →
A35: 2) 토공작업 | E35: =G35+I35+K35 -> 0 | F35: =H35+J35+L35 -> #REF! | H35: =TRUNC(H36+H37+H38+H39,0) -> #REF! | J35: =TRUNC(J36+J37+J38+J39,0) -> #REF! | L35: =TRUNC(L36+L37+L38+L39,0) -> #REF! | M35: CDD | Q35: 100
A36: - 터파기(B/H 1.0M3) | B36: 용수토사(기계100%,) | C36: =#REF! -> #REF! | D36: M3 | E36: =G36+I36+K36 -> #REF! | F36: =H36+J36+L36 -> #REF! | G36: =#REF! -> #REF! | H36: =TRUNC(G36*C36,0) -> #REF! | I36: =#REF! -> #REF! | J36: =TRUNC(I36*C36,0) -> #REF! | K36: =#REF! -> #REF! | L36: =TRUNC(K36*C36,0) -> #REF! | M36: CDD2100020 | N36: #.3 | Q36: 110 | S36: Y00508 | U36: F | BJ36: =HYPERLINK("#일위대가목록!A5","Y00508 →") -> Y00508 →
A37: - 되메우기(B/H 1.0M3) | B37: 다 짐(기계100%) | C37: =#REF! -> #REF! | D37: M3 | E37: =G37+I37+K37 -> #REF! | F37: =H37+J37+L37 -> #REF! | G37: =#REF! -> #REF! | H37: =TRUNC(G37*C37,0) -> #REF! | I37: =#REF! -> #REF! | J37: =TRUNC(I37*C37,0) -> #REF! | K37: =#REF! -> #REF! | L37: =TRUNC(K37*C37,0) -> #REF! | M37: CDH1123500 | N37: #.4 | Q37: 120 | S37: Y015863010 | U37: F | BJ37: =HYPERLINK("#일위대가목록!A6","Y015863010 →") -> Y015863010 →
A38: - 사토운반(15TON) | B38: 토 사(L=10.0km) | C38: =#REF! -> #REF! | D38: M3 | E38: =G38+I38+K38 -> #REF! | F38: =H38+J38+L38 -> #REF! | G38: =#REF! -> #REF! | H38: =TRUNC(G38*C38,0) -> #REF! | I38: =#REF! -> #REF! | J38: =TRUNC(I38*C38,0) -> #REF! | K38: =#REF! -> #REF! | L38: =TRUNC(K38*C38,0) -> #REF! | M38: CDK2111000 | N38: #.5 | Q38: 130 | S38: Y00300 | U38: F | BJ38: =HYPERLINK("#일위대가목록!A7","Y00300 →") -> Y00300 →
A39: - 기초잡석 | B39: 다짐(소형장비) | C39: =#REF! -> #REF! | D39: M3 | E39: =G39+I39+K39 -> #REF! | F39: =H39+J39+L39 -> #REF! | G39: =#REF! -> #REF! | H39: =TRUNC(G39*C39,0) -> #REF! | I39: =#REF! -> #REF! | J39: =TRUNC(I39*C39,0) -> #REF! | K39: =#REF! -> #REF! | L39: =TRUNC(K39*C39,0) -> #REF! | N39: #.6 | Q39: 140 | S39: Y0160110 | U39: F | BJ39: =HYPERLINK("#일위대가목록!A8","Y0160110 →") -> Y0160110 →
A40: 3) 마대쌓기 및 물푸기 | E40: =G40+I40+K40 -> 0 | F40: =H40+J40+L40 -> #REF! | H40: =TRUNC(H41+H42,0) -> #REF! | J40: =TRUNC(J41+J42,0) -> #REF! | L40: =TRUNC(L41+L42,0) -> #REF! | Q40: 150
A41: - 톤마대쌓기및헐기 | C41: =#REF! -> #REF! | D41: M2 | E41: =G41+I41+K41 -> #REF! | F41: =H41+J41+L41 -> #REF! | G41: =#REF! -> #REF! | H41: =TRUNC(G41*C41,0) -> #REF! | I41: =#REF! -> #REF! | J41: =TRUNC(I41*C41,0) -> #REF! | K41: =#REF! -> #REF! | L41: =TRUNC(K41*C41,0) -> #REF! | N41: #.7 | Q41: 160 | S41: Y105010 | U41: F | BJ41: =HYPERLINK("#일위대가목록!A9","Y105010 →") -> Y105010 →
A42: - 물푸기 | B42: D150MM,1대 | C42: =#REF! -> #REF! | D42: 일 | E42: =G42+I42+K42 -> #REF! | F42: =H42+J42+L42 -> #REF! | G42: =#REF! -> #REF! | H42: =TRUNC(G42*C42,0) -> #REF! | I42: =#REF! -> #REF! | J42: =TRUNC(I42*C42,0) -> #REF! | K42: =#REF! -> #REF! | L42: =TRUNC(K42*C42,0) -> #REF! | N42: #.8 | Q42: 170 | S42: Y6112055 | U42: F | BJ42: =HYPERLINK("#일위대가목록!A10","Y6112055 →") -> Y6112055 →
A43: 2. 관로공 | C43: 1 | D43: 식 | F43: =H43+J43+L43 -> #REF! | H43: =TRUNC(SUM(AA43:AA44),0) -> #REF! | J43: =TRUNC(SUM(AB43:AB44),0) -> #REF! | L43: =TRUNC(SUM(AC43:AC44),0) -> #REF! | M43: CG | P43: A0200 | AA43: =H45+H46+H47+H48+H49+H50+H52+H53+H54+H55+H56+H57+H58+H59+H60+H61+H62+H64+H65+H66+H67+H68+H70+H71+H72+H73+H75+H76+H77+H78+H79+H80+H81+H82+H83+H85+H86 -> #REF! | AB43: =J45+J46+J47+J48+J49+J50+J52+J53+J54+J55+J56+J57+J58+J59+J60+J61+J62+J64+J65+J66+J67+J68+J70+J71+J72+J73+J75+J76+J77+J78+J79+J80+J81+J82+J83+J85+J86 -> #REF! | AC43: =L45+L46+L47+L48+L49+L50+L52+L53+L54+L55+L56+L57+L58+L59+L60+L61+L62+L64+L65+L66+L67+L68+L70+L71+L72+L73+L75+L76+L77+L78+L79+L80+L81+L82+L83+L85+L86 -> #REF!
A44: 1) 강관 직관부설 | E44: =G44+I44+K44 -> 0 | F44: =H44+J44+L44 -> #REF! | H44: =TRUNC(H45+H46+H47+H48+H49+H50,0) -> #REF! | J44: =TRUNC(J45+J46+J47+J48+J49+J50,0) -> #REF! | L44: =TRUNC(L45+L46+L47+L48+L49+L50,0) -> #REF! | M44: CGC | Q44: 10 | AA44: =H88+H89+H91+H92+H93+H95+H96+H97+H98+H99+H100+H102+H103 -> #REF! | AB44: =J88+J89+J91+J92+J93+J95+J96+J97+J98+J99+J100+J102+J103 -> #REF! | AC44: =L88+L89+L91+L92+L93+L95+L96+L97+L98+L99+L100+L102+L103 -> #REF!
A45: - 강관 접합및부설 | B45: D300MM | C45: =#REF! -> #REF! | D45: 본 | E45: =G45+I45+K45 -> #REF! | F45: =H45+J45+L45 -> #REF! | G45: =#REF! -> #REF! | H45: =TRUNC(G45*C45,0) -> #REF! | I45: =#REF! -> #REF! | J45: =TRUNC(I45*C45,0) -> #REF! | K45: =#REF! -> #REF! | L45: =TRUNC(K45*C45,0) -> #REF! | M45: CGC1412730 | N45: No.5 | Q45: 20 | S45: Y0246520 | U45: T | BJ45: =HYPERLINK("#일위대가목록!A62","Y0246520 →") -> Y0246520 →
A46: - 강관 접합및부설 | B46: D350MM | C46: =#REF! -> #REF! | D46: 본 | E46: =G46+I46+K46 -> #REF! | F46: =H46+J46+L46 -> #REF! | G46: =#REF! -> #REF! | H46: =TRUNC(G46*C46,0) -> #REF! | I46: =#REF! -> #REF! | J46: =TRUNC(I46*C46,0) -> #REF! | K46: =#REF! -> #REF! | L46: =TRUNC(K46*C46,0) -> #REF! | M46: CGC1412830 | N46: No.6 | Q46: 30 | S46: Y0246521 | U46: T | BJ46: =HYPERLINK("#일위대가목록!A63","Y0246521 →") -> Y0246521 →
A47: - 강관 접합및부설 | B47: D800MM | C47: =#REF! -> #REF! | D47: 본 | E47: =G47+I47+K47 -> #REF! | F47: =H47+J47+L47 -> #REF! | G47: =#REF! -> #REF! | H47: =TRUNC(G47*C47,0) -> #REF! | I47: =#REF! -> #REF! | J47: =TRUNC(I47*C47,0) -> #REF! | K47: =#REF! -> #REF! | L47: =TRUNC(K47*C47,0) -> #REF! | M47: CGC1412830 | N47: No.7 | Q47: 40 | S47: Y0246527 | U47: T | BJ47: =HYPERLINK("#일위대가목록!A64","Y0246527 →") -> Y0246527 →
A48: - 강관 접합및부설 | B48: D900MM | C48: =#REF! -> #REF! | D48: 본 | E48: =G48+I48+K48 -> #REF! | F48: =H48+J48+L48 -> #REF! | G48: =#REF! -> #REF! | H48: =TRUNC(G48*C48,0) -> #REF! | I48: =#REF! -> #REF! | J48: =TRUNC(I48*C48,0) -> #REF! | K48: =#REF! -> #REF! | L48: =TRUNC(K48*C48,0) -> #REF! | M48: CGC1413630 | N48: No.8 | Q48: 50 | S48: Y0246528 | U48: T | BJ48: =HYPERLINK("#일위대가목록!A65","Y0246528 →") -> Y0246528 →
A49: - 강관절단 | B49: D800MM | C49: =#REF! -> #REF! | D49: 개소 | E49: =G49+I49+K49 -> #REF! | F49: =H49+J49+L49 -> #REF! | G49: =#REF! -> #REF! | H49: =TRUNC(G49*C49,0) -> #REF! | I49: =#REF! -> #REF! | J49: =TRUNC(I49*C49,0) -> #REF! | K49: =#REF! -> #REF! | L49: =TRUNC(K49*C49,0) -> #REF! | M49: CGC1412820 | N49: No.1 | Q49: 60 | S49: Y0246663 | U49: T | BJ49: =HYPERLINK("#일위대가목록!A58","Y0246663 →") -> Y0246663 →
A50: - 강관절단 | B50: D900MM | C50: =#REF! -> #REF! | D50: 개소 | E50: =G50+I50+K50 -> #REF! | F50: =H50+J50+L50 -> #REF! | G50: =#REF! -> #REF! | H50: =TRUNC(G50*C50,0) -> #REF! | I50: =#REF! -> #REF! | J50: =TRUNC(I50*C50,0) -> #REF! | K50: =#REF! -> #REF! | L50: =TRUNC(K50*C50,0) -> #REF! | M50: CGC1413620 | N50: No.2 | Q50: 70 | S50: Y0246664 | U50: T | BJ50: =HYPERLINK("#일위대가목록!A59","Y0246664 →") -> Y0246664 →
A51: 2) 강관 이형관부설 | E51: =G51+I51+K51 -> 0 | F51: =H51+J51+L51 -> #REF! | H51: =TRUNC(H52+H53+H54+H55+H56+H57+H58+H59+H60+H61+H62,0) -> #REF! | J51: =TRUNC(J52+J53+J54+J55+J56+J57+J58+J59+J60+J61+J62,0) -> #REF! | L51: =TRUNC(L52+L53+L54+L55+L56+L57+L58+L59+L60+L61+L62,0) -> #REF! | M51: CGC | Q51: 80
A52: - 강관 이형관부설 | B52: D150MM | C52: =#REF! -> #REF! | D52: 개소 | E52: =G52+I52+K52 -> #REF! | F52: =H52+J52+L52 -> #REF! | G52: =#REF! -> #REF! | H52: =TRUNC(G52*C52,0) -> #REF! | I52: =#REF! -> #REF! | J52: =TRUNC(I52*C52,0) -> #REF! | K52: =#REF! -> #REF! | L52: =TRUNC(K52*C52,0) -> #REF! | M52: CGC1412410 | N52: No.9 | Q52: 90 | S52: Y0246573 | U52: T | BJ52: =HYPERLINK("#일위대가목록!A66","Y0246573 →") -> Y0246573 →
A53: - 강관 이형관부설 | B53: D200MM | C53: =#REF! -> #REF! | D53: 개소 | E53: =G53+I53+K53 -> #REF! | F53: =H53+J53+L53 -> #REF! | G53: =#REF! -> #REF! | H53: =TRUNC(G53*C53,0) -> #REF! | I53: =#REF! -> #REF! | J53: =TRUNC(I53*C53,0) -> #REF! | K53: =#REF! -> #REF! | L53: =TRUNC(K53*C53,0) -> #REF! | M53: CGC1412510 | N53: No.10 | Q53: 100 | S53: Y0246574 | U53: T | BJ53: =HYPERLINK("#일위대가목록!A67","Y0246574 →") -> Y0246574 →
A54: - 강관 이형관부설 | B54: D300MM | C54: =#REF! -> #REF! | D54: 개소 | E54: =G54+I54+K54 -> #REF! | F54: =H54+J54+L54 -> #REF! | G54: =#REF! -> #REF! | H54: =TRUNC(G54*C54,0) -> #REF! | I54: =#REF! -> #REF! | J54: =TRUNC(I54*C54,0) -> #REF! | K54: =#REF! -> #REF! | L54: =TRUNC(K54*C54,0) -> #REF! | M54: CGC1412710 | N54: No.11 | Q54: 110 | S54: Y0246610 | U54: T | BJ54: =HYPERLINK("#일위대가목록!A68","Y0246610 →") -> Y0246610 →
A55: - 강관 이형관부설 | B55: D350MM | C55: =#REF! -> #REF! | D55: 개소 | E55: =G55+I55+K55 -> #REF! | F55: =H55+J55+L55 -> #REF! | G55: =#REF! -> #REF! | H55: =TRUNC(G55*C55,0) -> #REF! | I55: =#REF! -> #REF! | J55: =TRUNC(I55*C55,0) -> #REF! | K55: =#REF! -> #REF! | L55: =TRUNC(K55*C55,0) -> #REF! | M55: CGC1412810 | N55: No.12 | Q55: 120 | S55: Y0246611 | U55: T | BJ55: =HYPERLINK("#일위대가목록!A69","Y0246611 →") -> Y0246611 →
A56: - 강관 이형관부설 | B56: D600MM | C56: =#REF! -> #REF! | D56: 개소 | E56: =G56+I56+K56 -> #REF! | F56: =H56+J56+L56 -> #REF! | G56: =#REF! -> #REF! | H56: =TRUNC(G56*C56,0) -> #REF! | I56: =#REF! -> #REF! | J56: =TRUNC(I56*C56,0) -> #REF! | K56: =#REF! -> #REF! | L56: =TRUNC(K56*C56,0) -> #REF! | M56: CGC1413310 | N56: No.13 | Q56: 130 | S56: Y0246615 | U56: T | BJ56: =HYPERLINK("#일위대가목록!A70","Y0246615 →") -> Y0246615 →
A57: - 강관 이형관부설 | B57: D800MM | C57: =#REF! -> #REF! | D57: 개소 | E57: =G57+I57+K57 -> #REF! | F57: =H57+J57+L57 -> #REF! | G57: =#REF! -> #REF! | H57: =TRUNC(G57*C57,0) -> #REF! | I57: =#REF! -> #REF! | J57: =TRUNC(I57*C57,0) -> #REF! | K57: =#REF! -> #REF! | L57: =TRUNC(K57*C57,0) -> #REF! | M57: CGC1413510 | N57: No.14 | Q57: 140 | S57: Y0246617 | U57: T | BJ57: =HYPERLINK("#일위대가목록!A71","Y0246617 →") -> Y0246617 →
A58: - 강관 이형관부설 | B58: D900MM | C58: =#REF! -> #REF! | D58: 개소 | E58: =G58+I58+K58 -> #REF! | F58: =H58+J58+L58 -> #REF! | G58: =#REF! -> #REF! | H58: =TRUNC(G58*C58,0) -> #REF! | I58: =#REF! -> #REF! | J58: =TRUNC(I58*C58,0) -> #REF! | K58: =#REF! -> #REF! | L58: =TRUNC(K58*C58,0) -> #REF! | M58: CGC1413610 | N58: No.15 | Q58: 150 | S58: Y0246618 | U58: T | BJ58: =HYPERLINK("#일위대가목록!A72","Y0246618 →") -> Y0246618 →
A59: - 강관 이형관접합 | B59: D300MM | C59: =#REF! -> #REF! | D59: 개소 | E59: =G59+I59+K59 -> #REF! | F59: =H59+J59+L59 -> #REF! | G59: =#REF! -> #REF! | H59: =TRUNC(G59*C59,0) -> #REF! | I59: =#REF! -> #REF! | J59: =TRUNC(I59*C59,0) -> #REF! | K59: =#REF! -> #REF! | L59: =TRUNC(K59*C59,0) -> #REF! | N59: No.16 | Q59: 160 | S59: Y02466101 | U59: T | BJ59: =HYPERLINK("#일위대가목록!A73","Y02466101 →") -> Y02466101 →
A60: - 강관 이형관접합 | B60: D350MM | C60: =#REF! -> #REF! | D60: 개소 | E60: =G60+I60+K60 -> #REF! | F60: =H60+J60+L60 -> #REF! | G60: =#REF! -> #REF! | H60: =TRUNC(G60*C60,0) -> #REF! | I60: =#REF! -> #REF! | J60: =TRUNC(I60*C60,0) -> #REF! | K60: =#REF! -> #REF! | L60: =TRUNC(K60*C60,0) -> #REF! | N60: No.17 | Q60: 170 | S60: Y02466111 | U60: T | BJ60: =HYPERLINK("#일위대가목록!A74","Y02466111 →") -> Y02466111 →
A61: - 강관 이형관접합 | B61: D800MM | C61: =#REF! -> #REF! | D61: 개소 | E61: =G61+I61+K61 -> #REF! | F61: =H61+J61+L61 -> #REF! | G61: =#REF! -> #REF! | H61: =TRUNC(G61*C61,0) -> #REF! | I61: =#REF! -> #REF! | J61: =TRUNC(I61*C61,0) -> #REF! | K61: =#REF! -> #REF! | L61: =TRUNC(K61*C61,0) -> #REF! | N61: No.18 | Q61: 180 | S61: Y02466171 | U61: T | BJ61: =HYPERLINK("#일위대가목록!A75","Y02466171 →") -> Y02466171 →
A62: - 강관 이형관접합 | B62: D900MM | C62: =#REF! -> #REF! | D62: 개소 | E62: =G62+I62+K62 -> #REF! | F62: =H62+J62+L62 -> #REF! | G62: =#REF! -> #REF! | H62: =TRUNC(G62*C62,0) -> #REF! | I62: =#REF! -> #REF! | J62: =TRUNC(I62*C62,0) -> #REF! | K62: =#REF! -> #REF! | L62: =TRUNC(K62*C62,0) -> #REF! | N62: No.19 | Q62: 190 | S62: Y02466181 | U62: T | BJ62: =HYPERLINK("#일위대가목록!A76","Y02466181 →") -> Y02466181 →
A63: 3) DCIP 접합및부설 | E63: =G63+I63+K63 -> 0 | F63: =H63+J63+L63 -> #REF! | H63: =TRUNC(H64+H65+H66+H67+H68,0) -> #REF! | J63: =TRUNC(J64+J65+J66+J67+J68,0) -> #REF! | L63: =TRUNC(L64+L65+L66+L67+L68,0) -> #REF! | M63: CGB | Q63: 200
A64: - DCIP 접합및부설 | B64: D600MM(KP메커니컬) | C64: =#REF! -> #REF! | D64: 본 | E64: =G64+I64+K64 -> #REF! | F64: =H64+J64+L64 -> #REF! | G64: =#REF! -> #REF! | H64: =TRUNC(G64*C64,0) -> #REF! | I64: =#REF! -> #REF! | J64: =TRUNC(I64*C64,0) -> #REF! | K64: =#REF! -> #REF! | L64: =TRUNC(K64*C64,0) -> #REF! | M64: CGB0113330 | N64: No.20 | Q64: 210 | S64: Y02411 | U64: T | BJ64: =HYPERLINK("#일위대가목록!A77","Y02411 →") -> Y02411 →
A65: - DCIP 이형관부설 | B65: D600MM(KP메커니컬) | C65: =#REF! -> #REF! | D65: 개소 | E65: =G65+I65+K65 -> #REF! | F65: =H65+J65+L65 -> #REF! | G65: =#REF! -> #REF! | H65: =TRUNC(G65*C65,0) -> #REF! | I65: =#REF! -> #REF! | J65: =TRUNC(I65*C65,0) -> #REF! | K65: =#REF! -> #REF! | L65: =TRUNC(K65*C65,0) -> #REF! | M65: CGB0113310 | N65: No.21 | Q65: 220 | S65: Y02431 | U65: T | BJ65: =HYPERLINK("#일위대가목록!A78","Y02431 →") -> Y02431 →
A66: - DCIP 이형관접합 | B66: D600MM(KP메커니컬) | C66: =#REF! -> #REF! | D66: 개소 | E66: =G66+I66+K66 -> #REF! | F66: =H66+J66+L66 -> #REF! | G66: =#REF! -> #REF! | H66: =TRUNC(G66*C66,0) -> #REF! | I66: =#REF! -> #REF! | J66: =TRUNC(I66*C66,0) -> #REF! | K66: =#REF! -> #REF! | L66: =TRUNC(K66*C66,0) -> #REF! | N66: No.22 | Q66: 230 | S66: Y024311 | U66: T | BJ66: =HYPERLINK("#일위대가목록!A79","Y024311 →") -> Y024311 →
A67: - DCIP 직관철거 | B67: D600MM | C67: =#REF! -> #REF! | D67: 개소 | E67: =G67+I67+K67 -> #REF! | F67: =H67+J67+L67 -> #REF! | G67: =#REF! -> #REF! | H67: =TRUNC(G67*C67,0) -> #REF! | I67: =#REF! -> #REF! | J67: =TRUNC(I67*C67,0) -> #REF! | K67: =#REF! -> #REF! | L67: =TRUNC(K67*C67,0) -> #REF! | M67: CGB0113340 | N67: #.9 | Q67: 240 | S67: Y0198240 | U67: F | BJ67: =HYPERLINK("#일위대가목록!A11","Y0198240 →") -> Y0198240 →
A68: - DCIP 이형관철거 | B68: D600MM | C68: =#REF! -> #REF! | D68: 개소 | E68: =G68+I68+K68 -> #REF! | F68: =H68+J68+L68 -> #REF! | G68: =#REF! -> #REF! | H68: =TRUNC(G68*C68,0) -> #REF! | I68: =#REF! -> #REF! | J68: =TRUNC(I68*C68,0) -> #REF! | K68: =#REF! -> #REF! | L68: =TRUNC(K68*C68,0) -> #REF! | M68: CGB0113340 | N68: #.10 | Q68: 250 | S68: Y0198241 | U68: F | BJ68: =HYPERLINK("#일위대가목록!A12","Y0198241 →") -> Y0198241 →
A69: 4) 플랜지 | E69: =G69+I69+K69 -> 0 | F69: =H69+J69+L69 -> #REF! | H69: =TRUNC(H70+H71+H72+H73,0) -> #REF! | J69: =TRUNC(J70+J71+J72+J73,0) -> #REF! | L69: =TRUNC(L70+L71+L72+L73,0) -> #REF! | M69: CGC | Q69: 260
A70: - 플랜지접합 | B70: D150MM | C70: =#REF! -> #REF! | D70: 개소 | E70: =G70+I70+K70 -> #REF! | F70: =H70+J70+L70 -> #REF! | G70: =#REF! -> #REF! | H70: =TRUNC(G70*C70,0) -> #REF! | I70: =#REF! -> #REF! | J70: =TRUNC(I70*C70,0) -> #REF! | K70: =#REF! -> #REF! | L70: =TRUNC(K70*C70,0) -> #REF! | N70: No.23 | Q70: 270 | S70: Y02522 | U70: T | BJ70: =HYPERLINK("#일위대가목록!A80","Y02522 →") -> Y02522 →
A71: - 플랜지접합 | B71: D200MM | C71: =#REF! -> #REF! | D71: 개소 | E71: =G71+I71+K71 -> #REF! | F71: =H71+J71+L71 -> #REF! | G71: =#REF! -> #REF! | H71: =TRUNC(G71*C71,0) -> #REF! | I71: =#REF! -> #REF! | J71: =TRUNC(I71*C71,0) -> #REF! | K71: =#REF! -> #REF! | L71: =TRUNC(K71*C71,0) -> #REF! | N71: No.24 | Q71: 280 | S71: Y02523 | U71: T | BJ71: =HYPERLINK("#일위대가목록!A81","Y02523 →") -> Y02523 →
A72: - 플랜지접합 | B72: D600MM | C72: =#REF! -> #REF! | D72: 개소 | E72: =G72+I72+K72 -> #REF! | F72: =H72+J72+L72 -> #REF! | G72: =#REF! -> #REF! | H72: =TRUNC(G72*C72,0) -> #REF! | I72: =#REF! -> #REF! | J72: =TRUNC(I72*C72,0) -> #REF! | K72: =#REF! -> #REF! | L72: =TRUNC(K72*C72,0) -> #REF! | N72: No.25 | Q72: 290 | S72: Y02530 | U72: T | BJ72: =HYPERLINK("#일위대가목록!A82","Y02530 →") -> Y02530 →
A73: - 플랜지해체 | B73: D600MM | C73: =#REF! -> #REF! | D73: 개소 | E73: =G73+I73+K73 -> #REF! | F73: =H73+J73+L73 -> #REF! | G73: =#REF! -> #REF! | H73: =TRUNC(G73*C73,0) -> #REF! | I73: =#REF! -> #REF! | J73: =TRUNC(I73*C73,0) -> #REF! | K73: =#REF! -> #REF! | L73: =TRUNC(K73*C73,0) -> #REF! | N73: No.26 | Q73: 300 | S73: Y02562 | U73: T | BJ73: =HYPERLINK("#일위대가목록!A83","Y02562 →") -> Y02562 →
A74: 5) 제수밸브 | E74: =G74+I74+K74 -> 0 | F74: =H74+J74+L74 -> #REF! | H74: =TRUNC(H75+H76+H77+H78+H79+H80+H81+H82+H83,0) -> #REF! | J74: =TRUNC(J75+J76+J77+J78+J79+J80+J81+J82+J83,0) -> #REF! | L74: =TRUNC(L75+L76+L77+L78+L79+L80+L81+L82+L83,0) -> #REF! | M74: CGI | Q74: 310
A75: - 제수밸브 접합및부설 | B75: D100MM(GV) | C75: =#REF! -> #REF! | D75: 개소 | E75: =G75+I75+K75 -> #REF! | F75: =H75+J75+L75 -> #REF! | G75: =#REF! -> #REF! | H75: =TRUNC(G75*C75,0) -> #REF! | I75: =#REF! -> #REF! | J75: =TRUNC(I75*C75,0) -> #REF! | K75: =#REF! -> #REF! | L75: =TRUNC(K75*C75,0) -> #REF! | M75: CGI1122210 | N75: No.27 | Q75: 320 | S75: Y023112 | U75: T | BJ75: =HYPERLINK("#일위대가목록!A84","Y023112 →") -> Y023112 →
A76: - 제수밸브 접합및부설 | B76: D150MM(GV) | C76: =#REF! -> #REF! | D76: 개소 | E76: =G76+I76+K76 -> #REF! | F76: =H76+J76+L76 -> #REF! | G76: =#REF! -> #REF! | H76: =TRUNC(G76*C76,0) -> #REF! | I76: =#REF! -> #REF! | J76: =TRUNC(I76*C76,0) -> #REF! | K76: =#REF! -> #REF! | L76: =TRUNC(K76*C76,0) -> #REF! | M76: CGI1122410 | N76: No.28 | Q76: 330 | S76: Y023114 | U76: T | BJ76: =HYPERLINK("#일위대가목록!A85","Y023114 →") -> Y023114 →
A77: - 제수밸브 접합및부설 | B77: D200MM(GV) | C77: =#REF! -> #REF! | D77: 개소 | E77: =G77+I77+K77 -> #REF! | F77: =H77+J77+L77 -> #REF! | G77: =#REF! -> #REF! | H77: =TRUNC(G77*C77,0) -> #REF! | I77: =#REF! -> #REF! | J77: =TRUNC(I77*C77,0) -> #REF! | K77: =#REF! -> #REF! | L77: =TRUNC(K77*C77,0) -> #REF! | M77: CGI1122510 | N77: No.29 | Q77: 340 | S77: Y023115 | U77: T | BJ77: =HYPERLINK("#일위대가목록!A86","Y023115 →") -> Y023115 →
A78: - 제수밸브 접합및부설 | B78: D300MM(GV) | C78: =#REF! -> #REF! | D78: 개소 | E78: =G78+I78+K78 -> #REF! | F78: =H78+J78+L78 -> #REF! | G78: =#REF! -> #REF! | H78: =TRUNC(G78*C78,0) -> #REF! | I78: =#REF! -> #REF! | J78: =TRUNC(I78*C78,0) -> #REF! | K78: =#REF! -> #REF! | L78: =TRUNC(K78*C78,0) -> #REF! | M78: CGI1122710 | N78: No.30 | Q78: 350 | S78: Y023117 | U78: T | BJ78: =HYPERLINK("#일위대가목록!A87","Y023117 →") -> Y023117 →
A79: - 제수밸브 접합및부설 | B79: D350MM(GV) | C79: =#REF! -> #REF! | D79: 개소 | E79: =G79+I79+K79 -> #REF! | F79: =H79+J79+L79 -> #REF! | G79: =#REF! -> #REF! | H79: =TRUNC(G79*C79,0) -> #REF! | I79: =#REF! -> #REF! | J79: =TRUNC(I79*C79,0) -> #REF! | K79: =#REF! -> #REF! | L79: =TRUNC(K79*C79,0) -> #REF! | M79: CGI1122810 | N79: No.31 | Q79: 360 | S79: Y023118 | U79: T | BJ79: =HYPERLINK("#일위대가목록!A88","Y023118 →") -> Y023118 →
A80: - 제수밸브 접합및부설 | B80: D800MM(BV) | C80: =#REF! -> #REF! | D80: 개소 | E80: =G80+I80+K80 -> #REF! | F80: =H80+J80+L80 -> #REF! | G80: =#REF! -> #REF! | H80: =TRUNC(G80*C80,0) -> #REF! | I80: =#REF! -> #REF! | J80: =TRUNC(I80*C80,0) -> #REF! | K80: =#REF! -> #REF! | L80: =TRUNC(K80*C80,0) -> #REF! | M80: CGI1123510 | N80: No.32 | Q80: 370 | S80: Y02329219 | U80: T | BJ80: =HYPERLINK("#일위대가목록!A89","Y02329219 →") -> Y02329219 →
A81: - 제수밸브 접합및부설 | B81: D900MM(BV) | C81: =#REF! -> #REF! | D81: 개소 | E81: =G81+I81+K81 -> #REF! | F81: =H81+J81+L81 -> #REF! | G81: =#REF! -> #REF! | H81: =TRUNC(G81*C81,0) -> #REF! | I81: =#REF! -> #REF! | J81: =TRUNC(I81*C81,0) -> #REF! | K81: =#REF! -> #REF! | L81: =TRUNC(K81*C81,0) -> #REF! | M81: CGI1123610 | N81: No.33 | Q81: 380 | S81: Y02329220 | U81: T | BJ81: =HYPERLINK("#일위대가목록!A90","Y02329220 →") -> Y02329220 →
A82: - 공기밸브 접합및부설 | B82: D100MM | C82: =#REF! -> #REF! | D82: 개소 | E82: =G82+I82+K82 -> #REF! | F82: =H82+J82+L82 -> #REF! | G82: =#REF! -> #REF! | H82: =TRUNC(G82*C82,0) -> #REF! | I82: =#REF! -> #REF! | J82: =TRUNC(I82*C82,0) -> #REF! | K82: =#REF! -> #REF! | L82: =TRUNC(K82*C82,0) -> #REF! | M82: CGI6302210 | N82: No.34 | Q82: 390 | S82: Y02329121 | U82: T | BJ82: =HYPERLINK("#일위대가목록!A91","Y02329121 →") -> Y02329121 →
A83: - 압력계설치 | B83: D15MM | C83: =#REF! -> #REF! | D83: 개 | E83: =G83+I83+K83 -> #REF! | F83: =H83+J83+L83 -> #REF! | G83: =#REF! -> #REF! | H83: =TRUNC(G83*C83,0) -> #REF! | I83: =#REF! -> #REF! | J83: =TRUNC(I83*C83,0) -> #REF! | K83: =#REF! -> #REF! | L83: =TRUNC(K83*C83,0) -> #REF! | N83: No.35 | Q83: 400 | S83: Y6901500 | U83: T | BJ83: =HYPERLINK("#일위대가목록!A92","Y6901500 →") -> Y6901500 →
A84: 6) 접합관 | E84: =G84+I84+K84 -> 0 | F84: =H84+J84+L84 -> #REF! | H84: =TRUNC(H85+H86,0) -> #REF! | J84: =TRUNC(J85+J86,0) -> #REF! | L84: =TRUNC(L85+L86,0) -> #REF! | M84: CGH | Q84: 410
A85: - 접합관설치 | B85: D800MM | C85: =#REF! -> #REF! | D85: 개소 | E85: =G85+I85+K85 -> #REF! | F85: =H85+J85+L85 -> #REF! | G85: =#REF! -> #REF! | H85: =TRUNC(G85*C85,0) -> #REF! | I85: =#REF! -> #REF! | J85: =TRUNC(I85*C85,0) -> #REF! | K85: =#REF! -> #REF! | L85: =TRUNC(K85*C85,0) -> #REF! | M85: CGH753501 | N85: No.36 | Q85: 420 | S85: Y02329132 | U85: T | BJ85: =HYPERLINK("#일위대가목록!A93","Y02329132 →") -> Y02329132 →
A86: - 접합관설치 | B86: D900MM | C86: =#REF! -> #REF! | D86: 개소 | E86: =G86+I86+K86 -> #REF! | F86: =H86+J86+L86 -> #REF! | G86: =#REF! -> #REF! | H86: =TRUNC(G86*C86,0) -> #REF! | I86: =#REF! -> #REF! | J86: =TRUNC(I86*C86,0) -> #REF! | K86: =#REF! -> #REF! | L86: =TRUNC(K86*C86,0) -> #REF! | M86: CGH753601 | N86: No.37 | Q86: 430 | S86: Y02329133 | U86: T | BJ86: =HYPERLINK("#일위대가목록!A94","Y02329133 →") -> Y02329133 →
A87: 7) 관보호공 | E87: =G87+I87+K87 -> 0 | F87: =H87+J87+L87 -> #REF! | H87: =TRUNC(H88+H89,0) -> #REF! | J87: =TRUNC(J88+J89,0) -> #REF! | L87: =TRUNC(L88+L89,0) -> #REF! | M87: CGM | Q87: 440
A88: - 레미콘타설(무근) | B88: 진동기포함(장비사용타설) | C88: =#REF! -> #REF! | D88: M3 | E88: =G88+I88+K88 -> #REF! | F88: =H88+J88+L88 -> #REF! | G88: =#REF! -> #REF! | H88: =TRUNC(G88*C88,0) -> #REF! | I88: =#REF! -> #REF! | J88: =TRUNC(I88*C88,0) -> #REF! | K88: =#REF! -> #REF! | L88: =TRUNC(K88*C88,0) -> #REF! | N88: #.11 | Q88: 450 | S88: Y01812020 | U88: F | BJ88: =HYPERLINK("#일위대가목록!A13","Y01812020 →") -> Y01812020 →
A89: - 유로폼(0<H≤7M) | B89: 간단 | C89: =#REF! -> #REF! | D89: M2 | E89: =G89+I89+K89 -> #REF! | F89: =H89+J89+L89 -> #REF! | G89: =#REF! -> #REF! | H89: =TRUNC(G89*C89,0) -> #REF! | I89: =#REF! -> #REF! | J89: =TRUNC(I89*C89,0) -> #REF! | K89: =#REF! -> #REF! | L89: =TRUNC(K89*C89,0) -> #REF! | N89: #.12 | Q89: 460 | S89: Y01165200 | U89: F | BJ89: =HYPERLINK("#일위대가목록!A14","Y01165200 →") -> Y01165200 →
A90: 8) 관로표시 | E90: =G90+I90+K90 -> 0 | F90: =H90+J90+L90 -> #REF! | H90: =TRUNC(H91+H92+H93,0) -> #REF! | J90: =TRUNC(J91+J92+J93,0) -> #REF! | L90: =TRUNC(L91+L92+L93,0) -> #REF! | M90: CGN | Q90: 470
A91: - 관로경고테이프 | B91: B=20CM | C91: =#REF! -> #REF! | D91: M | E91: =G91+I91+K91 -> #REF! | F91: =H91+J91+L91 -> #REF! | G91: =#REF! -> #REF! | H91: =TRUNC(G91*C91,0) -> #REF! | I91: =#REF! -> #REF! | J91: =TRUNC(I91*C91,0) -> #REF! | K91: =#REF! -> #REF! | L91: =TRUNC(K91*C91,0) -> #REF! | M91: CGN1200000 | N91: #.13 | Q91: 480 | S91: Y0259016 | U91: F | BJ91: =HYPERLINK("#일위대가목록!A15","Y0259016 →") -> Y0259016 →
A92: - 관로표시석 | C92: =#REF! -> #REF! | D92: EA | E92: =G92+I92+K92 -> #REF! | F92: =H92+J92+L92 -> #REF! | G92: =#REF! -> #REF! | H92: =TRUNC(G92*C92,0) -> #REF! | I92: =#REF! -> #REF! | J92: =TRUNC(I92*C92,0) -> #REF! | K92: =#REF! -> #REF! | L92: =TRUNC(K92*C92,0) -> #REF! | M92: CGN1112000 | N92: No.38 | Q92: 490 | S92: Y02592 | U92: T | BJ92: =HYPERLINK("#일위대가목록!A95","Y02592 →") -> Y02592 →
A93: - 전자식표지기 | B93: 매설형 RF센서 | C93: =#REF! -> #REF! | D93: EA | E93: =G93+I93+K93 -> #REF! | F93: =H93+J93+L93 -> #REF! | G93: =#REF! -> #REF! | H93: =TRUNC(G93*C93,0) -> #REF! | I93: =#REF! -> #REF! | J93: =TRUNC(I93*C93,0) -> #REF! | K93: =#REF! -> #REF! | L93: =TRUNC(K93*C93,0) -> #REF! | N93: No.39 | Q93: 500 | S93: Y6901501 | U93: T | BJ93: =HYPERLINK("#일위대가목록!A96","Y6901501 →") -> Y6901501 →
A94: 9) 현장검사 | E94: =G94+I94+K94 -> 0 | F94: =H94+J94+L94 -> #REF! | H94: =TRUNC(H95+H96+H97+H98+H99+H100,0) -> #REF! | J94: =TRUNC(J95+J96+J97+J98+J99+J100,0) -> #REF! | L94: =TRUNC(L95+L96+L97+L98+L99+L100,0) -> #REF! | M94: CGU | Q94: 510
A95: - 비파괴검사(MT) | B95: D300MM | C95: =#REF! -> #REF! | D95: 개소 | E95: =G95+I95+K95 -> #REF! | F95: =H95+J95+L95 -> #REF! | G95: =#REF! -> #REF! | H95: =TRUNC(G95*C95,0) -> #REF! | I95: =#REF! -> #REF! | J95: =TRUNC(I95*C95,0) -> #REF! | K95: =#REF! -> #REF! | L95: =TRUNC(K95*C95,0) -> #REF! | M95: CGU2300000 | N95: No.40 | Q95: 520 | S95: JA0390230 | U95: T | BJ95: =HYPERLINK("#일위대가목록!A97","JA0390230 →") -> JA0390230 →
A96: - 비파괴검사(MT) | B96: D350MM | C96: =#REF! -> #REF! | D96: 개소 | E96: =G96+I96+K96 -> #REF! | F96: =H96+J96+L96 -> #REF! | G96: =#REF! -> #REF! | H96: =TRUNC(G96*C96,0) -> #REF! | I96: =#REF! -> #REF! | J96: =TRUNC(I96*C96,0) -> #REF! | K96: =#REF! -> #REF! | L96: =TRUNC(K96*C96,0) -> #REF! | M96: CGU2300000 | N96: No.41 | Q96: 530 | S96: JA0390235 | U96: T | BJ96: =HYPERLINK("#일위대가목록!A98","JA0390235 →") -> JA0390235 →
A97: - 비파괴검사(MT) | B97: D800MM | C97: =#REF! -> #REF! | D97: 개소 | E97: =G97+I97+K97 -> #REF! | F97: =H97+J97+L97 -> #REF! | G97: =#REF! -> #REF! | H97: =TRUNC(G97*C97,0) -> #REF! | I97: =#REF! -> #REF! | J97: =TRUNC(I97*C97,0) -> #REF! | K97: =#REF! -> #REF! | L97: =TRUNC(K97*C97,0) -> #REF! | M97: CGU2300000 | N97: No.42 | Q97: 540 | S97: JA0390280 | U97: T | BJ97: =HYPERLINK("#일위대가목록!A99","JA0390280 →") -> JA0390280 →
A98: - 비파괴검사(MT) | B98: D900MM | C98: =#REF! -> #REF! | D98: 개소 | E98: =G98+I98+K98 -> #REF! | F98: =H98+J98+L98 -> #REF! | G98: =#REF! -> #REF! | H98: =TRUNC(G98*C98,0) -> #REF! | I98: =#REF! -> #REF! | J98: =TRUNC(I98*C98,0) -> #REF! | K98: =#REF! -> #REF! | L98: =TRUNC(K98*C98,0) -> #REF! | M98: CGU2300000 | N98: No.43 | Q98: 550 | S98: JA0390290 | U98: T | BJ98: =HYPERLINK("#일위대가목록!A100","JA0390290 →") -> JA0390290 →
A99: - 기밀시험 | B99: D800MM | C99: =#REF! -> #REF! | D99: 개소 | E99: =G99+I99+K99 -> #REF! | F99: =H99+J99+L99 -> #REF! | G99: =#REF! -> #REF! | H99: =TRUNC(G99*C99,0) -> #REF! | I99: =#REF! -> #REF! | J99: =TRUNC(I99*C99,0) -> #REF! | K99: =#REF! -> #REF! | L99: =TRUNC(K99*C99,0) -> #REF! | M99: CGU2500000 | N99: No.44 | Q99: 560 | S99: JA0390500 | U99: T | BJ99: =HYPERLINK("#일위대가목록!A101","JA0390500 →") -> JA0390500 →
A100: - 기밀시험 | B100: D900MM | C100: =#REF! -> #REF! | D100: 개소 | E100: =G100+I100+K100 -> #REF! | F100: =H100+J100+L100 -> #REF! | G100: =#REF! -> #REF! | H100: =TRUNC(G100*C100,0) -> #REF! | I100: =#REF! -> #REF! | J100: =TRUNC(I100*C100,0) -> #REF! | K100: =#REF! -> #REF! | L100: =TRUNC(K100*C100,0) -> #REF! | M100: CGU2500000 | N100: No.44 | Q100: 570 | S100: JA0390500 | U100: T | BJ100: =HYPERLINK("#일위대가목록!A101","JA0390500 →") -> JA0390500 →
A101: 10) 부단수차단 | E101: =G101+I101+K101 -> 0 | F101: =H101+J101+L101 -> #REF! | H101: =TRUNC(H102+H103,0) -> #REF! | J101: =TRUNC(J102+J103,0) -> #REF! | L101: =TRUNC(L102+L103,0) -> #REF! | M101: CGO | Q101: 580
A102: - 부단수차단 | B102: 강관(D800MM) | C102: =#REF! -> #REF! | D102: 식 | E102: =G102+I102+K102 -> 139025280 | F102: =H102+J102+L102 -> #REF! | G102: =TRUNC(Y102,2) -> 71272968 | H102: =TRUNC(G102*C102,0) -> #REF! | I102: =TRUNC(X102,2) -> 26731220 | J102: =TRUNC(I102*C102,0) -> #REF! | K102: =TRUNC(W102,2) -> 41021092 | L102: =TRUNC(K102*C102,0) -> #REF! | Q102: 590 | S102: G | W102: 41021092 | X102: 26731220 | Y102: 71272968
A103: - 부단수차단 | B103: 강관(D900MM) | C103: =#REF! -> #REF! | D103: 식 | E103: =G103+I103+K103 -> 157141348 | F103: =H103+J103+L103 -> #REF! | G103: =TRUNC(Y103,2) -> 82006024 | H103: =TRUNC(G103*C103,0) -> #REF! | I103: =TRUNC(X103,2) -> 30056120 | J103: =TRUNC(I103*C103,0) -> #REF! | K103: =TRUNC(W103,2) -> 45079204 | L103: =TRUNC(K103*C103,0) -> #REF! | Q103: 600 | S103: G | W103: 45079204 | X103: 30056120 | Y103: 82006024
A104: 3. 구조물공 | C104: 1 | D104: 식 | F104: =H104+J104+L104 -> #REF! | H104: =TRUNC(H105+H106+H109+H110+H111+H112+H113+H115+H116,0) -> #REF! | J104: =TRUNC(J105+J106+J109+J110+J111+J112+J113+J115+J116,0) -> #REF! | L104: =TRUNC(L105+L106+L109+L110+L111+L112+L113+L115+L116,0) -> #REF! | M104: CE | P104: A0300
A105: 1) 제수변실 | B105: 5.2×5.4×4.5 | C105: =#REF! -> #REF! | D105: EA | E105: =G105+I105+K105 -> #REF! | F105: =H105+J105+L105 -> #REF! | G105: =#REF! -> #REF! | H105: =TRUNC(G105*C105,0) -> #REF! | I105: =#REF! -> #REF! | J105: =TRUNC(I105*C105,0) -> #REF! | K105: =#REF! -> #REF! | L105: =TRUNC(K105*C105,0) -> #REF! | M105: CEG | N105: No.45 | Q105: 10 | S105: Y02607 | U105: T | BJ105: =HYPERLINK("#일위대가목록!A102","Y02607 →") -> Y02607 →
A106: 2) 이토변실 | B106: 3.5×2.4×8.1 | C106: =#REF! -> #REF! | D106: EA | E106: =G106+I106+K106 -> #REF! | F106: =H106+J106+L106 -> #REF! | G106: =#REF! -> #REF! | H106: =TRUNC(G106*C106,0) -> #REF! | I106: =#REF! -> #REF! | J106: =TRUNC(I106*C106,0) -> #REF! | K106: =#REF! -> #REF! | L106: =TRUNC(K106*C106,0) -> #REF! | M106: CEG | N106: No.46 | Q106: 20 | S106: Y02608 | U106: T | BJ106: =HYPERLINK("#일위대가목록!A103","Y02608 →") -> Y02608 →
A107: 3) 관기초 | E107: =G107+I107+K107 -> 0 | F107: =H107+J107+L107 -> #REF! | H107: =TRUNC(H109+H110+H111+H112+H113,0) -> #REF! | J107: =TRUNC(J109+J110+J111+J112+J113,0) -> #REF! | L107: =TRUNC(L109+L110+L111+L112+L113,0) -> #REF! | M107: CEA | Q107: 30
A108: (1) 레미콘타설 | E108: =G108+I108+K108 -> 0 | F108: =H108+J108+L108 -> #REF! | H108: =TRUNC(H109+H110+H111,0) -> #REF! | J108: =TRUNC(J109+J110+J111,0) -> #REF! | L108: =TRUNC(L109+L110+L111,0) -> #REF! | Q108: 40
A109: - 레미콘타설(무근) | B109: 진동기제외(장비사용타설) | C109: =#REF! -> #REF! | D109: M3 | E109: =G109+I109+K109 -> #REF! | F109: =H109+J109+L109 -> #REF! | G109: =#REF! -> #REF! | H109: =TRUNC(G109*C109,0) -> #REF! | I109: =#REF! -> #REF! | J109: =TRUNC(I109*C109,0) -> #REF! | K109: =#REF! -> #REF! | L109: =TRUNC(K109*C109,0) -> #REF! | M109: CEA1110000 | N109: #.14 | Q109: 50 | S109: Y01812015 | U109: F | BJ109: =HYPERLINK("#일위대가목록!A16","Y01812015 →") -> Y01812015 →
A110: - 레미콘타설(철근) | B110: 진동기포함(장비사용타설) | C110: =#REF! -> #REF! | D110: M3 | E110: =G110+I110+K110 -> #REF! | F110: =H110+J110+L110 -> #REF! | G110: =#REF! -> #REF! | H110: =TRUNC(G110*C110,0) -> #REF! | I110: =#REF! -> #REF! | J110: =TRUNC(I110*C110,0) -> #REF! | K110: =#REF! -> #REF! | L110: =TRUNC(K110*C110,0) -> #REF! | M110: CEA1120000 | N110: #.15 | Q110: 60 | S110: Y01812030 | U110: F | BJ110: =HYPERLINK("#일위대가목록!A17","Y01812030 →") -> Y01812030 →
...

Sheet 전역변수
A1: 전역변수
A2: 변 수 명 | B2: 형 식 | C2: 값 | D2: 비 고 | E2: 적용단위
A3: A | B3: 숫자 | C3: 1208 | E3: $
A4: AA | B4: 숫자 | C4: 50 | D4: 강재 손율(1개년)
A5: L1 | B5: 숫자 | C5: 0.2
A6: OT | B6: 숫자 | C6: 1.5
A7: PI | B7: 숫자 | C7: 3.142
A8: R | B8: 숫자 | C8: 1.0386 | D8: 장대터널할증
A9: S | B9: 숫자 | C9: 1.25 | D9: 주야간작업할증
A10: SR | B10: 숫자 | C10: 0.15 | D10: 숏크리트 리바운드량
A11: T1 | B11: 숫자 | C11: 0.019
A12: US2WON | B12: 숫자 | C12: 1083 | E12: $
A13: ZT605010 | B13: 숫자 | C13: 100 | D13: 병렬터널 할증 | E13: %

Sheet 중기전역변수
A1: 중기전역변수
A2: 변 수 명 | B2: 형 식 | C2: 값 | D2: 비 고
A3: QCODE | B3: 문자 | C3: 100000000001
A4: QUS2WON | B4: 숫자 | C4: 1289 | D4: 환율(장비가격10만불이하)
A5: QUS2WON1 | B5: 숫자 | C5: 1289 | D5: 환율(장비가격10만불이상)
A6: QYEN2WON | B6: 숫자 | C6: 9.15 | D6: 환율(엔화)
A7: QDM2WON | B7: 숫자 | C7: 724 | D7: 환율(마르크화)
A8: QSDR2WON | B8: 숫자 | C8: 1000 | D8: 환율(IMF특별인출권)
A9: QECU2WON | B9: 숫자 | C9: 1430.46 | D9: 환율(유로화)
A10: QEQTY1 | B10: 문자 | C10: (SANG + JUNG + KWAN)*10^-4 | D10: 중기주간경비산출계수
A11: QEQTY2 | B11: 문자 | C11: (SANG + JUNG + KWAN)*10^-4 | D11: 중기야간경비산출계수
A12: QEQTY3 | B12: 문자 | C12: (SANG + JUNG + int(KWAN/3))*10^-4 | D12: 중기주야간경비산출계수
A13: QEINC2 | B13: 숫자 | C13: 1.25 | D13: 중기야간할증계수
A14: QEINC3 | B14: 숫자 | C14: 1.071 | D14: 중기주야간할증계수
A15: QDECPEQ | B15: 문자 | C15: 0 | D15: 경비단가소숫점
A16: QDECCEQ | B16: 문자 | C16: 1 | D16: 경비금액소숫점
A17: QDECEQ | B17: 문자 | C17: 0 | D17: 경비계금액소숫점
A18: QH1 | B18: 문자 | C18: =25/20 * 16/12 * 1/8 -> 0.20833333 | D18: 시간당노임산출계수(일반구간)
A19: QH2 | B19: 문자 | C19: =25/20 * 16/12 * 1/8 -> 0.20833333 | D19: 시간당노임산출계수(터널구간)
A20: QH21 | B20: 문자 | C20: =25/20 * 16/12 * 1/8 -> 0.20833333 | D20: 시간당노임산출계수(장대터널)
A21: QH31 | B21: 문자 | C21: =25/20 * 16/12 * 1/8 -> 0.20833333 | D21: 시간당노임산출계수(해상장비:펌프준설선)
A22: QH32 | B22: 문자 | C22: =25/20 * 16/12 * 1/8 -> 0.20833333 | D22: 시간당노임산출계수(해상장비:GRAB준설선)
A23: QH33 | B23: 문자 | C23: =25/20 * 16/12 * 1/8 -> 0.20833333 | D23: 시간당노임산출계수(해상장비:버켓준설선)
A24: QLINC1 | B24: 숫자 | C24: 1 | D24: 노임할증계수(일반구간:주간)
A25: QLINC2 | B25: 숫자 | C25: 1.5 | D25: 노임할증계수(일반구간:야간)
A26: QLINC3 | B26: 숫자 | C26: 1.16 | D26: 노임할증계수(일반구간:주야간)
A27: QLINCA | B27: 숫자 | C27: 1.6 | D27: 노임할증계수(터널구간:주간)
A28: QLINCB | B28: 숫자 | C28: 1.6 | D28: 노임할증계수(터널구간:야간)
A29: QLINCC | B29: 숫자 | C29: 1.6 | D29: 노임할증계수(터널구간:주야간)
A30: QLINCD | B30: 숫자 | C30: 1.94 | D30: 노임할증계수(장대터널:주간)
A31: QLINCE | B31: 숫자 | C31: 1.94 | D31: 노임할증계수(장대터널:야간)
A32: QLINCF | B32: 숫자 | C32: 1.94 | D32: 노임할증계수(장대터널:주야간)
A33: QLINCX | B33: 숫자 | C33: 1 | D33: 노임할증계수(해상장비:주간)
A34: QLINCY | B34: 숫자 | C34: 1 | D34: 노임할증계수(해상장비:야간)
A35: QLINCZ | B35: 숫자 | C35: 1 | D35: 노임할증계수(해상장비:주야간)
A36: QDECPLA | B36: 문자 | C36: 1 | D36: 노임단가소숫점
A37: QDECCLA | B37: 문자 | C37: 1 | D37: 노임금액소숫점
A38: QDECLA | B38: 문자 | C38: 0 | D38: 노임계금액소숫점
A39: QMINC2 | B39: 숫자 | C39: 1.11 | D39: 재료비할증계수(야간)
A40: QMINC3 | B40: 숫자 | C40: 1.12 | D40: 재료비할증계수(주야간)
A41: QDECPMA | B41: 문자 | C41: 2 | D41: 재료비단가소숫점
A42: QDECCMA | B42: 문자 | C42: 1 | D42: 재료비금액소숫점
A43: QDECMA | B43: 문자 | C43: 0 | D43: 재료비계금액소숫점
A44: QVER | B44: 문자 | C44: 0
A45: QSABUN | B45: 문자
A46: QDATE | B46: 문자
A47: QUS2WON2 | B47: 숫자 | C47: 0 | D47: 환율(사용자 환율1)
A48: QUS2WON3 | B48: 숫자 | C48: 0 | D48: 환율(사용자 환율2)
A49: QOPtimeDecCnt | B49: 문자 | C49: 7
A50: QOPtimeDecOp | B50: 문자 | C50: 0
