Workbook
Name _15A: [3]가격조사서!$D$4:$D$11
Name _B22: [4]일위대가!$1400:$1413=[4]일위대가!$A$1400
Name _B22: [4]일위대가!$1400:$1413=[4]일위대가!$A$1400
Name _B22: [5]일위대가!$1400:$1413=[5]일위대가!$A$1400
Name _DAN2: [6]단가조사서!$M$1:$N$65536
Name _DAN2: [6]단가조사서!$M$1:$N$65536
Name _DAN2: [7]단가조사서!$M$1:$N$65536
Name _JIP1: [6]집계표!$A$1:$K$65536
Name _JIP1: [6]집계표!$A$1:$K$65536
Name _JIP1: [7]집계표!$A$1:$K$65536
Name _K02: [4]일위대가!$732:$745=[4]일위대가!$A$732
Name _K02: [4]일위대가!$732:$745=[4]일위대가!$A$732
Name _K02: [5]일위대가!$732:$745=[5]일위대가!$A$732
Name _O03: [4]일위대가!$1516:$1529=[4]일위대가!$A$1516
Name _O03: [4]일위대가!$1516:$1529=[4]일위대가!$A$1516
Name _O03: [5]일위대가!$1516:$1529=[5]일위대가!$A$1516
Name _QTY1: [10]SHEET2!$F$3:$F$101
Name _RAN5: [11]토목품셈!$D$1:$AI$146
Name _RAN5: [11]토목품셈!$D$1:$AI$146
Name _RAN5: [12]토목품셈!$D$1:$AI$146
Name _RAN6: [11]토목품셈!$BO$1:$BZ$25
Name _RAN6: [11]토목품셈!$BO$1:$BZ$25
Name _RAN6: [12]토목품셈!$BO$1:$BZ$25
Name _RAN7: [11]토목품셈!$CB$1:$CJ$24
Name _RAN7: [11]토목품셈!$CB$1:$CJ$24
Name _RAN7: [12]토목품셈!$CB$1:$CJ$24
Name ABCD: [13]CABdata!$E$22:$F$46
Name ABCD: [13]CABdata!$E$22:$F$46
Name ABCD: [14]CABdata!$E$22:$F$46
Name A노임단가: '[15]노무비(DB)'!$A$1:$D$208
Name A노임단가: '[15]노무비(DB)'!$A$1:$D$208
Name A노임단가: '[16]노무비(DB)'!$A$1:$D$208
Name bdfgdgr: [17]!Macro8
Name bdfgdgr: [17]!Macro8
Name BLDG: [18]LEGEND!$D$8
Name CABDIA: [13]MOTOR!$A$86:$B$408
Name CABDIA: [13]MOTOR!$A$86:$B$408
Name CABDIA: [14]MOTOR!$A$86:$B$408
Name CABLEA: [13]MOTOR!$B$66:$C$82
Name CABLEA: [13]MOTOR!$B$66:$C$82
Name CABLEA: [14]MOTOR!$B$66:$C$82
Name CABLEB: [13]MOTOR!$D$66:$E$82
Name CABLEB: [13]MOTOR!$D$66:$E$82
Name CABLEB: [14]MOTOR!$D$66:$E$82
Name CABLED: [13]MOTOR!$F$66:$G$82
Name CABLED: [13]MOTOR!$F$66:$G$82
Name CABLED: [14]MOTOR!$F$66:$G$82
Name CABLEE: [13]MOTOR!$H$66:$I$82
Name CABLEE: [13]MOTOR!$H$66:$I$82
Name CABLEE: [14]MOTOR!$H$66:$I$82
Name CAB허용: [13]MOTOR!$J$66:$N$81
Name CAB허용: [13]MOTOR!$J$66:$N$81
Name CAB허용: [14]MOTOR!$J$66:$N$81
Name cds: 가배관내역서!cds
Name cds: 목록!cds
Name cds: [0]!cds
Name cds가로등: 가배관내역서!cds가로등
Name cds가로등: 목록!cds가로등
Name cds가로등: [0]!cds가로등
Name CIRCUIT: [19]Sheet1!$C$4:$D$10

Sheet 갑지
B4: 견 적 서
D8: 수주처 | E8: : | F8: ㈜백마종합건설
D9: 공사명 | E9: : | F9: 보령광역 서산계통 공기제수밸브 교체공사 중 부단수 차단 공사
D10: 견적금액 | E10: : | F10: =+K10 -> 583000000 | J10: (\ | K10: =집계표!F25 -> 583000000 | L10: .VAT포함)
D11: 비 고 | E11: : | F11: 피팅부 보호공 및 가배관 보강 별도
D13: 첨부와 같이 내역를 제출합니다.
K17: 46080

Sheet 집계표
A1: 내 역 서
A2: 1. 공 사 명 : | B2: =갑지!F9 -> 보령광역 서산계통 공기제수밸브 교체공사 중 부단수 차단 공사
A3: 2. 견 적 금 액 : | B3: ="금"&TEXT(F25,"#,##0"&"원"&" (금"&NUMBERSTRING(F25,1)&"원)") -> 금583,000,000원 (금오억팔천삼백만원)
A4: 3. 내 역 :
A5: 공 종 | B5: 규 격 | C5: 단 위 | D5: 단 가 | E5: 계약금액 | G5: 전회기성 | J5: 금회기성 | M5: 누계기성 | P5: 비 고
E6: 수 량 | F6: 금 액 | G6: 수 량 | H6: 금 액 | I6: 비율(%) | J6: 수 량 | K6: 금 액 | L6: 비율(%) | M6: 수 량 | N6: 금 액 | O6: 비율(%)
A7: 1.직접공사비 | C7: 식 | F7: =내역서!X6 -> 399751461 | L7: =K7/F7 -> 0 | O7: =I7+L7 -> 0
A8: 2.간접노무비 | B8: 0.165 | C8: 식 | F8: =내역서!AB6*집계표!B8 -> 16194650
A9: 3.신재보험료 | B9: 0.0356 | C9: 식 | F9: =(F8+내역서!AB6)*집계표!B9 -> 4070647.9 | P9: 정산항목
A10: 3.고용보험료 | B10: 0.0101 | C10: 식 | F10: =(내역서!AB6+집계표!F8)*집계표!B10 -> 1154874.8 | P10: 정산항목
A11: 4.국민건강보험료 | B11: 0.03545 | C11: 식 | F11: =내역서!AB6*집계표!B11 -> 3479395.9 | P11: 정산항목
A12: 5.연금보험료 | B12: 0.045 | C12: 식 | F12: =내역서!AB6*집계표!B12 -> 4416722.6 | P12: 정산항목
A13: 6.노인장기요양보험료 | B13: 0.1295 | C13: 식 | F13: =F11*B13 -> 450581.78 | P13: 정산항목
A14: 7.퇴직공제부금비 | B14: 0.023 | C14: 식 | F14: =내역서!AB6*B14 -> 2257436 | P14: 정산항목
A15: 8.건설기계대여대금지급보증서발급수수료 | B15: 0.0051 | C15: 식 | F15: =F7*B15 -> 2038732.5 | P15: 정산항목
A16: 9.산업안전보건관리비 | B16: 0.0315 | C16: 식 | F16: =(내역서!Z6+내역서!AB6)*집계표!B16 -> 10299634 | P16: 정산항목
A17: 10.환경보전비 | B17: 0.005 | C17: 식 | F17: =F7*B17 -> 1998757.3 | P17: 정산항목
A18: 11.기타경비 | B18: 0.052 | C18: 식 | F18: =(내역서!Z6+내역서!AB6+집계표!F8)*집계표!B18 -> 17844693 | Q18: 간접비(경비) | R18: =SUM(F8:F18) -> 64206125
A20: 12.일반관리비 | B20: 0.08 | C20: 식 | F20: =(내역서!Z6+내역서!AB6+내역서!AD6+집계표!F8+F9+F10+F11+F12+F13+F14+F15+F16+F17+F18)*집계표!B20 -> 37116607
A21: 13.이윤 | B21: 0.15 | C21: 식 | F21: =(내역서!AB6+집계표!F8+집계표!F9+집계표!F10+집계표!F11+집계표!F12+집계표!F13+집계표!F14+집계표!F15+집계표!F16+집계표!F17+집계표!F18+집계표!F20)*집계표!B21-P21 -> 28925808 | P21: 995011
A23: 14.공급가액 | C23: 식 | F23: =+INT(SUM(F7:F21)) -> 530000000 | K23: =N23-H23 -> 0 | L23: =K23/F23 -> 0 | N23: =SUM(N7:N18) -> 0 | O23: =I23+L23 -> 0
A24: 15.부가가치세 | C24: 식 | F24: =+TRUNC(F23*0.1) -> 53000000 | K24: =N24-H24 -> 0 | L24: =K24/F24 -> 0 | N24: =+TRUNC(N23*0.1) -> 0 | O24: =I24+L24 -> 0
A25: 16.하도금액(계약금액) | C25: 식 | F25: =TRUNC(SUM(F23:F24)) -> 583000000 | K25: =N25-H25 -> 0 | L25: =K25/F25 -> 0 | N25: =+SUM(N23:N24) -> 0 | O25: =I25+L25 -> 0
A26: 13.개산급(부가세 포함) | C26: 식 | K26: =+#REF! -> #REF! | N26: =+#REF! -> #REF! | Q26: =F26-N26 -> #REF!
A27: 14.하도금액 합계 | C27: 식 | F27: =+F25+F26 -> 583000000 | K27: =+K25+K26 -> #REF! | L27: =+O27-I27 -> #REF! | N27: =+N25+N26 -> #REF! | O27: =+N27/F27 -> #REF! | Q27: =F27-N27 -> #REF!

Sheet 내역서
A1: =+집계표!A1 -> 내 역 서
AD2: 공사명 : 보령광역 서산계통 공기제수밸브 교체공사 중 부단수 차단 공사
A3: 명 칭 | C3: 규 격 | D3: 단위 | E3: 수량 | F3: 단 가 | G3: 설계가 | O3: 원도급(86.745%) | W3: 대호스토퍼 내역
G4: 합계 | I4: 직접재료비 | K4: 직접노무비 | M4: 경비 | O4: 합계 | Q4: 직접재료비 | S4: 직접노무비 | U4: 경비 | W4: 합계 | Y4: 직접재료비 | AA4: 직접노무비 | AC4: 경비
G5: 단가 | H5: 계 | I5: 단가 | J5: 금액 | K5: 단가 | L5: 금액 | M5: 단가 | N5: 금액 | O5: 단가 | P5: 금액 | Q5: 단가 | R5: 금액 | S5: 단가 | T5: 금액 | U5: 단가 | V5: 금액 | W5: 단가 | X5: 계 | Y5: 단가 | Z5: 금액 | AA5: 단가 | AB5: 금액 | AC5: 단가 | AD5: 금액
A6: 1 | B6: 직접공사비 | H6: =J6+L6+N6 -> 561994134 | J6: =SUM(J8:J9) -> 321693006 | L6: =SUM(L8:L9) -> 137984196 | N6: =SUM(N8:N9) -> 102316932 | P6: =R6+T6+V6 -> 487501794 | R6: =SUM(R8:R9) -> 279052593 | T6: =SUM(T8:T9) -> 119694384 | V6: =SUM(V8:V9) -> 88754817 | X6: =Z6+AB6+AD6 -> 399751461 | Z6: =SUM(Z8:Z9) -> 228823122 | AB6: =SUM(AB8:AB9) -> 98149392 | AD6: =SUM(AD8:AD9) -> 72778947
A8: …… 1 | B8: 부단수 차단 | C8: D1,350mm | D8: EA | E8: 6 | G8: =I8+K8+M8 -> 69050989 | H8: =J8+L8+N8 -> 414305934 | I8: 37472897 | J8: =INT(E8*I8) -> 224837382 | K8: 15410864 | L8: =INT(E8*K8) -> 92465184 | M8: 16167228 | N8: =INT(E8*M8) -> 97003368 | O8: =Q8+S8+U8 -> 59898278 | P8: =R8+T8+V8 -> 359389668 | Q8: =INT(I8*$O$10) -> 32505864 | R8: =E8*Q8 -> 195035184 | S8: =INT(K8*$O$10) -> 13368153 | T8: =S8*E8 -> 80208918 | U8: =INT(M8*$O$10) -> 14024261 | V8: =U8*E8 -> 84145566 | W8: =Y8+AA8+AC8 -> 49116587 | X8: =Z8+AB8+AD8 -> 294699522 | Y8: =INT(Q8*$W$10) -> 26654808 | Z8: =INT(Y8*E8) -> 159928848 | AA8: =INT(S8*$W$10) -> 10961885 | AB8: =INT(AA8*E8) -> 65771310 | AC8: =INT(U8*$W$10) -> 11499894 | AD8: =INT(AC8*E8) -> 68999364
A9: …… 2 | B9: 가배관 자재 및 부설 | C9: D900 * 10M | D9: 식 | E9: 3 | G9: =I9+K9+M9 -> 49229400 | H9: =J9+L9+N9 -> 147688200 | I9: =가배관내역서!I5 -> 32285208 | J9: =INT(E9*I9) -> 96855624 | K9: =가배관내역서!K5 -> 15173004 | L9: =INT(E9*K9) -> 45519012 | M9: =가배관내역서!M5 -> 1771188 | N9: =INT(E9*M9) -> 5313564 | O9: =Q9+S9+U9 -> 42704042 | P9: =R9+T9+V9 -> 128112126 | Q9: =INT(I9*$O$10) -> 28005803 | R9: =E9*Q9 -> 84017409 | S9: =INT(K9*$O$10) -> 13161822 | T9: =S9*E9 -> 39485466 | U9: =INT(M9*$O$10) -> 1536417 | V9: =U9*E9 -> 4609251 | W9: =Y9+AA9+AC9 -> 35017313 | X9: =Z9+AB9+AD9 -> 105051939 | Y9: =INT(Q9*$W$10) -> 22964758 | Z9: =INT(Y9*E9) -> 68894274 | AA9: =INT(S9*$W$10) -> 10792694 | AB9: =INT(AA9*E9) -> 32378082 | AC9: =INT(U9*$W$10) -> 1259861 | AD9: =INT(AC9*E9) -> 3779583
O10: 0.86745 | W10: 0.82

Sheet Sheet1

Sheet 가배관내역서
A1: 가배관 설계내역서
A2: 공사명 : 보령광역 서산계통 공기제수밸브 교체공사 중 부단수 차단 공사
A3: 공 종 명 | C3: 규 격 | D3: 수량 | E3: 단위 | F3: 합 계 | H3: 재 료 비 | J3: 노 무 비 | L3: 경 비 | N3: 비 고
F4: 단 가 | G4: 금 액 | H4: 단 가 | I4: 금 액 | J4: 단 가 | K4: 금 액 | L4: 단 가 | M4: 금 액
A5: 내역서 | G5: =I5+K5+M5 -> 49229400 | I5: =I7 -> 32285208 | K5: =K7 -> 15173004 | M5: =M7 -> 1771188
A7: 1. 가배관(서산계통) | C7: L=14.0m | G7: =I7+K7+M7 -> 49229400 | I7: =SUM(I8:I17) -> 32285208 | K7: =SUM(K8:K17) -> 15173004 | M7: =SUM(M8:M17) -> 1771188
B8: =[107]목록!B4 -> 강관부설(기계) | C8: D900㎜ | D8: 7 | E8: 개소 | F8: =H8+J8+L8 -> 1158852.4 | G8: =I8+K8+M8 -> 8111966.8 | H8: =[107]목록!I4 -> 106347.2 | I8: =TRUNC(H8*D8,1) -> 744430.4 | J8: =[107]목록!K4 -> 896273.4 | K8: =TRUNC(J8*D8,1) -> 6273913.8 | L8: =[107]목록!M4 -> 156231.8 | M8: =TRUNC(L8*D8,1) -> 1093622.6
B9: =[107]목록!B6 -> 강관접합(B종) | C9: D900㎜ | D9: 6 | E9: 개소 | F9: =H9+J9+L9 -> 641953.5 | G9: =I9+K9+M9 -> 3851721 | H9: =[107]목록!I6 -> 47946.5 | I9: =TRUNC(H9*D9,1) -> 287679 | J9: =[107]목록!K6 -> 560384 | K9: =TRUNC(J9*D9,1) -> 3362304 | L9: =[107]목록!M6 -> 33623 | M9: =TRUNC(L9*D9,1) -> 201738
B10: =[107]목록!B8 -> 강관절단(B종) | C10: D900㎜ | D10: 1 | E10: 개소 | F10: =H10+J10+L10 -> 536135 | G10: =I10+K10+M10 -> 536135 | H10: =[107]목록!I8 -> 57031 | I10: =TRUNC(H10*D10,1) -> 57031 | J10: =[107]목록!K8 -> 479104 | K10: =TRUNC(J10*D10,1) -> 479104 | L10: =[107]목록!M8 -> 0 | M10: =TRUNC(L10*D10,1) -> 0
B11: =[107]목록!B10 -> 플랜지조인트접합 | C11: D900㎜ | D11: 2 | E11: 개소 | F11: =H11+J11+L11 -> 831878 | G11: =I11+K11+M11 -> 1663756 | H11: =[107]목록!I10 -> 650000 | I11: =TRUNC(H11*D11,1) -> 1300000 | J11: =[107]목록!K10 -> 178312 | K11: =TRUNC(J11*D11,1) -> 356624 | L11: =[107]목록!M10 -> 3566 | M11: =TRUNC(L11*D11,1) -> 7132
B12: =[107]목록!B12 -> 강관철거 | C12: D900㎜ | D12: 6 | E12: 개소 | F12: =H12+J12+L12 -> 968955.2 | G12: =I12+K12+M12 -> 5813731.2 | H12: =[107]목록!I12 -> 107329.6 | I12: =TRUNC(H12*D12,1) -> 643977.6 | J12: =[107]목록!K12 -> 783509.7 | K12: =TRUNC(J12*D12,1) -> 4701058.2 | L12: =[107]목록!M12 -> 78115.9 | M12: =TRUNC(L12*D12,1) -> 468695.4
B13: 1S 직관 | C13: D900×6.0m | D13: 1 | E13: 본 | F13: =H13+J13+L13 -> 4311580 | G13: =I13+K13+M13 -> 4311580 | H13: =696490*6+132640 -> 4311580 | I13: =TRUNC(H13*D13,1) -> 4311580
B14: 1S 단관 | C14: D900×4.0m | D14: 1 | E14: EA | F14: =H14+J14+L14 -> 4717440 | G14: =I14+K14+M14 -> 4717440 | H14: =1146200*4+132640 -> 4717440 | I14: =TRUNC(H14*D14,0) -> 4717440
B15: 1F 단관 | C15: D900×2.0m | D15: 2 | E15: EA | F15: =H15+J15+L15 -> 3559230 | G15: =I15+K15+M15 -> 7118460 | H15: =1146200*2+1266830 -> 3559230 | I15: =TRUNC(H15*D15,1) -> 7118460
B16: 1S 곡관 | C16: D900×90˚ | D16: 2 | E16: EA | F16: =H16+J16+L16 -> 6422850 | G16: =I16+K16+M16 -> 12845700 | H16: =6290210+132640 -> 6422850 | I16: =TRUNC(H16*D16,1) -> 12845700
B17: 이음관 | C17: D900 | D17: 1 | E17: EA | F17: =H17+J17+L17 -> 258910 | G17: =I17+K17+M17 -> 258910 | H17: 258910 | I17: =TRUNC(H17*D17,1) -> 258910

Sheet 목록
A1: 일위대가목록
A2: 공 종 명 | C2: 규 격 | D2: 수 량 | E2: 단 위 | G2: 합 계 | I2: 재 료 비 | K2: 노 무 비 | M2: 경 비 | N2: 비 고
A4: 1 | B4: =[107]일위대가!B5 -> 강관부설(기계) | C4: =강관부설!C5 -> D900㎜ | D4: 1 | E4: nr | G4: =I4+K4+M4 -> 363851.1 | I4: =강관부설!I5 -> 31070.2 | J4: =강관부설!J5 -> 0 | K4: =강관부설!K5 -> 292715.6 | L4: =강관부설!L5 -> 0 | M4: =강관부설!M5 -> 40065.3
A5: 3 | B5: =[107]일위대가!B17 -> 강관접합(B종) | C5: =C4 -> D900㎜ | D5: 1 | E5: 개소 | G5: =I5+K5+M5 -> 604605.7 | I5: =강관부설!I11 -> 10598.7 | K5: =[107]일위대가!K17 -> 560384 | M5: =[107]일위대가!M17 -> 33623
A6: 5 | B6: =[107]일위대가!B29 -> 강관절단(B종) | C6: =C5 -> D900㎜ | D6: 1 | E6: 개소 | G6: =I6+K6+M6 -> 502473 | I6: =강관부설!I17 -> 23369 | K6: =[107]일위대가!K29 -> 479104 | M6: =[107]일위대가!M29 -> 0
A7: 7 | B7: =[107]일위대가!B43 -> 플랜지조인트접합 | C7: =C6 -> D900㎜ | D7: 1 | E7: 개소 | G7: =I7+K7+M7 -> 181878 | I7: =강관부설!I24 -> 0 | K7: =[107]일위대가!K43 -> 178312 | M7: =[107]일위대가!M43 -> 3566
A8: 9 | B8: =[107]일위대가!B55 -> 강관철거 | C8: =C7 -> D900㎜ | D8: 1 | E8: 개소 | G8: =I8+K8+M8 -> 899360.7 | I8: =강관부설!I29 -> 37735.1 | K8: =[107]일위대가!K55 -> 783509.7 | M8: =[107]일위대가!M55 -> 78115.9
A9: 11 | B9: =[107]일위대가!B63 -> 강관절단(철거) | C9: =C8 -> D900㎜ | D9: 1 | E9: 개소 | G9: =I9+K9+M9 -> 357573 | I9: =강관부설!I33 -> 22200 | K9: =[107]일위대가!K63 -> 335373 | M9: =[107]일위대가!M63 -> 0

Sheet 강관부설
A1: 일위대가_호표_강관부설(2025년)
A2: 공 종 명 | C2: 규 격 | D2: 수량 | E2: 단위 | F2: 합 계 | H2: 재 료 비 | J2: 노 무 비 | L2: 경 비 | N2: 비 고
F3: 단 가 | G3: 금 액 | H3: 단 가 | I3: 금 액 | J3: 단 가 | K3: 금 액 | L3: 단 가 | M3: 금 액
A5: =1 -> 1 | B5: 강관부설(기계) | C5: D900㎜ | D5: 1 | E5: nr | G5: =I5+K5+M5 -> 363851.1 | I5: =I9 -> 31070.2 | K5: =K9 -> 292715.6 | M5: =M9 -> 40065.3 | N5: 토목6-3-1
B6: 배 관 공 | C6: 수도 | D6: 3 | E6: 인 | F6: =H6+J6+L6 -> 250572 | G6: =I6+K6+M6 -> 751716 | H6: 0 | J6: =[108]노임!$D$10 -> 250572 | K6: =TRUNC(J6*D6,1) -> 751716 | L6: 0
B7: 보통인부 | D7: 1 | E7: 인 | F7: =H7+J7+L7 -> 169804 | G7: =I7+K7+M7 -> 169804 | H7: 0 | J7: =[108]노임!$D$3 -> 169804 | K7: =TRUNC(J7*D7,1) -> 169804 | L7: 0
B8: 트럭탑제형 크레인 | C8: 10 TON | D8: 8 | E8: hr | F8: =H8+J8+L8 -> 89496.76 | G8: =I8+K8+M8 -> 715974 | H8: =[108]중기사용료목록!$E$9 -> 17478.76 | I8: =TRUNC(H8*D8,1) -> 139830 | J8: =[108]중기사용료목록!$F$9 -> 49479 | K8: =TRUNC(J8*D8,1) -> 395832 | L8: =[108]중기사용료목록!$G$9 -> 22539 | M8: =TRUNC(L8*D8,1) -> 180312
B9: 일 시공량 | C9: 4.5 | D9: =ROUND(1/C9,4) -> 0.2222 | E9: 일/본 | G9: =I9+K9+M9 -> 363851.1 | I9: =TRUNC(SUM(I6:I8)*$D9,1) -> 31070.2 | K9: =TRUNC(SUM(K6:K8)*$D9,1) -> 292715.6 | M9: =TRUNC(SUM(M6:M8)*$D9,1) -> 40065.3
A11: =A5+1 -> 2 | B11: 강관접합(B종) | C11: D900㎜, 내·외부용접 | D11: 1 | E11: 개소 | G11: =I11+K11+M11 -> 305594.6 | I11: =I14+I15 -> 10598.7 | K11: =K14+K15 -> 278298.1 | M11: =M14+M15 -> 16697.8 | N11: 토목6-3-2
B12: 용 접 공(일 반) | D12: 3 | E12: 인 | F12: =H12+J12+L12 -> 278326 | G12: =I12+K12+M12 -> 834978 | H12: 0 | J12: =[108]노임!$D$7 -> 278326 | K12: =TRUNC(J12*D12,1) -> 834978 | L12: 0
B13: 공구손료 및 경장비 | C13: 인력품의 | D13: 6 | E13: % | F13: =H13+J13+L13 -> 834978 | G13: =I13+K13+M13 -> 50098.6 | I13: =TRUNC(H13*D13,1) -> 0 | K13: =TRUNC(J13*D13,1) -> 0 | L13: =K12 -> 834978 | M13: =TRUNC(L13*D13/100,1) -> 50098.6
B14: 일 시공량 | C14: 3 | D14: =ROUND(1/C14,4) -> 0.3333 | E14: 일/개소 | G14: =I14+K14+M14 -> 294995.9 | I14: =TRUNC(SUM(I12:I13)*$D14,1) -> 0 | K14: =TRUNC(SUM(K12:K13)*$D14,1) -> 278298.1 | M14: =TRUNC(SUM(M12:M13)*$D14,1) -> 16697.8
B15: 용접봉(고장력강용) | C15: 4.0㎜ KSD5316 | D15: 2.1 | E15: kg | F15: =H15+J15+L15 -> 5047 | G15: =I15+K15+M15 -> 10598.7 | H15: =[108]자재조서!$D$4 -> 5047 | I15: =TRUNC(H15*D15,1) -> 10598.7 | J15: 0 | L15: 0
A17: =A11+1 -> 3 | B17: 강관절단(B종) | C17: D900㎜ | D17: 1 | E17: 개소 | G17: =I17+K17+M17 -> 218197 | I17: =TRUNC(I18+I19+I20+I21+I22,0) -> 23369 | K17: =TRUNC(K18+K19+K20+K21+K22,0) -> 194828 | M17: =TRUNC(M18+M19+M20+M21+M22,0) -> 0 | N17: 토목6-3-4
B18: 용 접 공(일 반) | D18: 0.7 | E18: 인 | F18: =H18+J18+L18 -> 278326 | G18: =I18+K18+M18 -> 194828.2 | J18: =[108]노임!$D$7 -> 278326 | K18: =TRUNC(J18*D18,1) -> 194828.2 | L18: 0
B19: 산소 | C19: 99% 6000ℓ(기체) 40ℓ | D19: 1100 | E19: L | F19: =H19+J19+L19 -> 3.033 | G19: =I19+K19+M19 -> 3336.3 | H19: =[108]자재조서!$D$12 -> 3.033 | I19: =TRUNC(H19*D19,1) -> 3336.3 | J19: 0 | L19: 0
B20: 아세칠렌 | C20: 98% (용접용) 1kg=853ℓ | D20: 0.56 | E20: KG | F20: =H20+J20+L20 -> 22200 | G20: =I20+K20+M20 -> 12432 | H20: =[108]자재조서!$D$15 -> 22200 | I20: =TRUNC(H20*D20,1) -> 12432 | J20: 0 | L20: 0
B21: 연마숫돌 | C21: 355x3.5mm | D21: 2.22 | E21: 개 | F21: =H21+J21+L21 -> 1669 | G21: =I21+K21+M21 -> 3705.1 | H21: =[108]자재조서!$D$16 -> 1669 | I21: =TRUNC(H21*D21,1) -> 3705.1 | J21: 0 | L21: 0
B22: 공구손료 및 경장비 | C22: 인력품의 | D22: 2 | E22: % | F22: =H22+J22+L22 -> 0 | G22: =I22+K22+M22 -> 3896.5 | I22: =TRUNC((K18*0.02),1) -> 3896.5 | K22: 0 | M22: 0
A24: =A17+1 -> 4 | B24: 플랜지조인트접합 | C24: D900㎜ | D24: 1 | E24: 개소 | G24: =I24+K24+M24 -> 105209 | I24: =TRUNC(I25+I26+I27,0) -> 0 | K24: =TRUNC(K25+K26+K27,0) -> 103147 | L24: =TRUNC(L25+L26+L27,0) -> 0 | M24: =TRUNC(M25+M26+M27,0) -> 2062 | N24: 토목6-8-7
B25: 배 관 공 | C25: 수도 | D25: 0.31 | E25: 인 | F25: =H25+J25+L25 -> 250572 | G25: =I25+K25+M25 -> 77677.3 | H25: 0 | J25: =[108]노임!$D$10 -> 250572 | K25: =TRUNC(J25*D25,1) -> 77677.3 | L25: 0
B26: 보통인부 | D26: 0.15 | E26: 인 | F26: =H26+J26+L26 -> 169804 | G26: =I26+K26+M26 -> 25470.6 | H26: 0 | J26: =[108]노임!$D$3 -> 169804 | K26: =TRUNC(J26*D26,1) -> 25470.6 | L26: 0
B27: 공구손료 및 경장비 | C27: 노무비의 % | D27: 2 | E27: % | F27: =H27+J27+L27 -> 0 | G27: =I27+K27+M27 -> 2062.9 | M27: =TRUNC((K25+K26)*D27%,1) -> 2062.9
A29: =A24+1 -> 5 | B29: 강관철거 | C29: D900㎜ | D29: 1 | E29: 개소 | G29: =I29+K29+M29 -> 340504.5 | I29: =SUM(I30:I31) -> 37735.1 | K29: =SUM(K30:K31) -> 282736.8 | M29: =SUM(M30:M31) -> 20032.6 | N29: =N24 -> 토목6-8-7
B30: 부설의 50% | C30: 수도 | D30: 0.5 | E30: nr | F30: =H30+J30+L30 -> 363851.1 | G30: =I30+K30+M30 -> 181925.5 | H30: =I5 -> 31070.2 | I30: =TRUNC(H30*D30,1) -> 15535.1 | J30: =K5 -> 292715.6 | K30: =TRUNC(J30*D30,1) -> 146357.8 | L30: =M5 -> 40065.3 | M30: =TRUNC(L30*D30,1) -> 20032.6
B31: 절단(철거) | D31: 1 | E31: 인 | F31: =H31+J31+L31 -> 158579 | G31: =I31+K31+M31 -> 158579 | H31: =I33 -> 22200 | I31: =TRUNC(H31*D31,1) -> 22200 | J31: =K33 -> 136379 | K31: =TRUNC(J31*D31,1) -> 136379 | L31: =M33 -> 0 | M31: =TRUNC(L31*D31,1) -> 0
A33: =A29+1 -> 6 | B33: 강관절단(B종) | C33: D900㎜ | D33: 1 | E33: 개소 | G33: =I33+K33+M33 -> 158579 | I33: =TRUNC(I34+I35+I36+I37+I38,0) -> 22200 | K33: =TRUNC(K34+K35+K36+K37+K38,0) -> 136379 | M33: =TRUNC(M34+M35+M36+M37+M38,0) -> 0 | N33: 토목6-3-4
B34: 용 접 공(일 반) | C34: 70% 적용 | D34: 0.49 | E34: 인 | F34: =H34+J34+L34 -> 278326 | G34: =I34+K34+M34 -> 136379.7 | J34: =[108]노임!$D$7 -> 278326 | K34: =TRUNC(J34*D34,1) -> 136379.7 | L34: 0
B35: 산소 | C35: 99% 6000ℓ(기체) 40ℓ | D35: 1100 | E35: L | F35: =H35+J35+L35 -> 3.033 | G35: =I35+K35+M35 -> 3336.3 | H35: =[108]자재조서!$D$12 -> 3.033 | I35: =TRUNC(H35*D35,1) -> 3336.3 | J35: 0 | L35: 0
B36: 아세칠렌 | C36: 98% (용접용) 1kg=853ℓ | D36: 0.56 | E36: KG | F36: =H36+J36+L36 -> 22200 | G36: =I36+K36+M36 -> 12432 | H36: =[108]자재조서!$D$15 -> 22200 | I36: =TRUNC(H36*D36,1) -> 12432 | J36: 0 | L36: 0
B37: 연마숫돌 | C37: 355x3.5mm | D37: 2.22 | E37: 개 | F37: =H37+J37+L37 -> 1669 | G37: =I37+K37+M37 -> 3705.1 | H37: =[108]자재조서!$D$16 -> 1669 | I37: =TRUNC(H37*D37,1) -> 3705.1 | J37: 0 | L37: 0
B38: 공구손료 및 경장비 | C38: 인력품의 | D38: 2 | E38: % | F38: =H38+J38+L38 -> 0 | G38: =I38+K38+M38 -> 2727.5 | I38: =TRUNC((K34*0.02),1) -> 2727.5 | K38: 0 | M38: 0
