Workbook
Name _15A: [2]가격조사서!$D$4:$D$11
Name _B22: [3]일위대가!$1400:$1413=[3]일위대가!$A$1400
Name _DAN2: [4]단가조사서!$M$1:$N$65536
Name _JIP1: [4]집계표!$A$1:$K$65536
Name _K02: [3]일위대가!$732:$745=[3]일위대가!$A$732
Name _O03: [3]일위대가!$1516:$1529=[3]일위대가!$A$1516
Name _QTY1: [7]SHEET2!$F$3:$F$101
Name _RAN5: [8]토목품셈!$D$1:$AI$146
Name _RAN6: [8]토목품셈!$BO$1:$BZ$25
Name _RAN7: [8]토목품셈!$CB$1:$CJ$24
Name ABCD: [9]CABdata!$E$22:$F$46
Name A노임단가: '[10]노무비(DB)'!$A$1:$D$208
Name bdfgdgr: [11]!Macro8
Name BLDG: [12]LEGEND!$D$8
Name CABDIA: [9]MOTOR!$A$86:$B$408
Name CABLEA: [9]MOTOR!$B$66:$C$82
Name CABLEB: [9]MOTOR!$D$66:$E$82
Name CABLED: [9]MOTOR!$F$66:$G$82
Name CABLEE: [9]MOTOR!$H$66:$I$82
Name CAB허용: [9]MOTOR!$J$66:$N$81
Name cds: [0]!cds
Name cds가로등: [0]!cds가로등
Name CIRCUIT: [13]Sheet1!$C$4:$D$10
Name CLIENT: [12]LEGEND!$D$6
Name CTC: [14]DATA!$H$30:$I$57
Name DANGA_: '[15]Y-WORK'!$D$19:$D$19,'[15]Y-WORK'!$F$19:$BD$19
Name DAT: [16]MCC제원!$A$5:$AG$80
Name ddd가로등: [0]!ddd가로등
Name dfffffs: [0]!dfffffs
Name dffffs가로등: [0]!dffffs가로등
Name dfs가로등: [0]!dfs가로등
Name df가로등: [0]!df가로등
Name DGS: [17]data!$S$4:$T$32
Name EJ: [18]소비자가!$I$46:$J$1593
Name EssAliasTable: "Default"
Name EssOptions: "A1100000000130001000001100000_0000"
Name hidden: [20]TABLE!$H$1,[20]TABLE!$J$1,[20]TABLE!$K$1
Name HIT: '[21]2F 회의실견적(5_14 일대)'!$J$31
Name IEC: '[16]허용전류-IEC DATA'!$A$1:$E$352
Name ilch: [22]ilch!$A$3:$M$25
Name JODO: [17]data!$AA$4:$AE$14
Name KO: '[23]D-RMIL'!$B$7:$C$19
Name KYNGSADO: [24]!KYNGSADO
Name KYNGSAYL: [25]!KYNGSAYL
Name LI: [26]Sheet2!$A$2:$B$48
Name list1: '[27]일위대가(원본)'!$A$159:$Q$1426
Name ListItem01: [28]발신정보!$C$4
Name ListItem02: [28]발신정보!$C$5
Name ListItem04: [28]발신정보!$C$7
Name ListItem07: [28]발신정보!$C$11
Name LOCATION: [12]LEGEND!$D$7
Name LOP: [29]LOPCALC!$A$4:$J$8
Name LX: [7]SHEET2!$K$5:$N$23
Name Macro1: [30]!Macro1
Name Macro10: [31]!Macro10
Name Macro11: [30]!Macro11
Name Macro12: [31]!Macro12
Name Macro13: [31]!Macro13
Name Macro14: [31]!Macro14
Name Macro2: [31]!Macro2

Sheet 내역서
A1: 공사비 내역서 제출 양식
A3: 연번 | B3: 공종명 | C3: 규격 | D3: 수량 | E3: 단위 | F3: 내역금액 | N3: 비고 | O3: 신기술 보호범위
F4: 재료비 | H4: 노무비 | J4: 경비 | L4: 합계
F5: 단가 | G5: 금액 | H5: 단가 | I5: 금액 | J5: 단가 | K5: 금액 | L5: 단가 | M5: 금액
B6: 부단수 차단(강관제) | C6: 1650 | G6: =INT(SUM(G7:G18)) -> 66855438 | I6: =INT(SUM(I7:I18)) -> 23197389 | K6: =INT(SUM(K7:K18)) -> 74463262 | M6: =G6+I6+K6 -> 164516089
A7: 1 | B7: 바탕처리(강관제) | C7: 1650 | D7: 1 | E7: nr | F7: =일위대가호표!I7 -> 1145 | G7: =F7*D7 -> 1145 | H7: =일위대가호표!K7 -> 285076 | I7: =H7*D7 -> 285076 | J7: =일위대가호표!M7 -> 1593 | K7: =J7*D7 -> 1593 | L7: =F7+H7+J7 -> 287814 | M7: =L7*D7 -> 287814 | O7: 연계)기술내용
A8: 2 | B8: 부단수 할정자관 부설 및 접합(강관제) | C8: 1650 | D8: 1 | E8: nr | F8: =일위대가호표!I24 -> 25768813 | G8: =F8*D8 -> 25768813 | H8: =일위대가호표!K24 -> 5724877 | I8: =H8*D8 -> 5724877 | J8: =일위대가호표!M24 -> 189224 | K8: =J8*D8 -> 189224 | L8: =F8+H8+J8 -> 31682914 | M8: =L8*D8 -> 31682914 | O8: 연계)기술내용
A9: 3 | B9: 샌드위치 밸브 부설 및 접합 | C9: 1200 | D9: 1 | E9: nr | F9: =일위대가호표!I52 -> 550910 | G9: =F9*D9 -> 550910 | H9: =일위대가호표!K52 -> 606955 | I9: =H9*D9 -> 606955 | J9: =일위대가호표!M52 -> 9877407 | K9: =J9*D9 -> 9877407 | L9: =F9+H9+J9 -> 11035272 | M9: =L9*D9 -> 11035272 | O9: 연계)기술내용
A10: 4 | B10: 부단수천공 분기점 분기/철거 | C10: 1200 | D10: 1 | E10: nr | F10: =일위대가호표!I73 -> 9013133 | G10: =F10*D10 -> 9013133 | H10: =일위대가호표!K73 -> 4725036 | I10: =H10*D10 -> 4725036 | J10: =일위대가호표!M73 -> 27205035 | K10: =J10*D10 -> 27205035 | L10: =F10+H10+J10 -> 40943204 | M10: =L10*D10 -> 40943204 | O10: 연계)기술내용
A11: 5 | B11: 등압관 설치/철거 | C11: 100 | D11: 1 | E11: nr | F11: =일위대가호표!I127 -> 480686 | G11: =F11*D11 -> 480686 | H11: =일위대가호표!K127 -> 235729 | I11: =H11*D11 -> 235729 | J11: =일위대가호표!M127 -> 80662 | K11: =J11*D11 -> 80662 | L11: =F11+H11+J11 -> 797077 | M11: =L11*D11 -> 797077 | O11: 연계)기술내용
A12: 6 | B12: 부단수차단/철거 | C12: 1650 | D12: 1 | E12: nr | F12: =일위대가호표!I159 -> 18753893 | G12: =F12*D12 -> 18753893 | H12: =일위대가호표!K159 -> 7959982 | I12: =H12*D12 -> 7959982 | J12: =일위대가호표!M159 -> 31516671 | K12: =J12*D12 -> 31516671 | L12: =F12+H12+J12 -> 58230546 | M12: =L12*D12 -> 58230546 | O12: 신기술)기술내용
A13: 7 | B13: 플러깅/철거 | C13: 1200 | D13: 1 | E13: nr | F13: =일위대가호표!I191 -> 9606948 | G13: =F13*D13 -> 9606948 | H13: =일위대가호표!K191 -> 1819462 | I13: =H13*D13 -> 1819462 | J13: =일위대가호표!M191 -> 3200624 | K13: =J13*D13 -> 3200624 | L13: =F13+H13+J13 -> 14627034 | M13: =L13*D13 -> 14627034 | O13: 연계)기술내용
A14: 8 | B14: 샌드위치 밸브 철거 | C14: 1200 | D14: 1 | E14: nr | F14: =일위대가호표!I216 -> 0 | G14: =F14*D14 -> 0 | H14: =일위대가호표!K216 -> 242945 | I14: =H14*D14 -> 242945 | J14: =일위대가호표!M216 -> 84344 | K14: =J14*D14 -> 84344 | L14: =F14+H14+J14 -> 327289 | M14: =L14*D14 -> 327289 | O14: 연계)기술내용
A15: 9 | B15: 마개플랜지 부설 및 접합 | C15: 1200 | D15: 1 | E15: nr | F15: =일위대가호표!I223 -> 2679910 | G15: =F15*D15 -> 2679910 | H15: =일위대가호표!K223 -> 481452 | I15: =H15*D15 -> 481452 | J15: =일위대가호표!M223 -> 27702 | K15: =J15*D15 -> 27702 | L15: =F15+H15+J15 -> 3189064 | M15: =L15*D15 -> 3189064 | O15: 연계)기술내용
A16: 10 | B16: 사전조사 | C16: 1650 | D16: 1 | E16: nr | F16: =일위대가호표!I238 -> 0 | G16: =F16*D16 -> 0 | H16: =일위대가호표!K238 -> 335379 | I16: =H16*D16 -> 335379 | J16: =일위대가호표!M238 -> 0 | K16: =J16*D16 -> 0 | L16: =F16+H16+J16 -> 335379 | M16: =L16*D16 -> 335379 | O16: 연계)기술내용
A17: 11 | B17: 장비운반비 | C17: 1650 | D17: 1 | E17: set | F17: =일위대가호표!I242 -> 0 | G17: =F17*D17 -> 0 | H17: =일위대가호표!K242 -> 0 | I17: =H17*D17 -> 0 | J17: =일위대가호표!M242 -> 2280000 | K17: =J17*D17 -> 2280000 | L17: =F17+H17+J17 -> 2280000 | M17: =L17*D17 -> 2280000 | O17: 연계)기술내용
A18: 12 | B18: 밸브개폐비 | C18: 1200 | D18: 1 | E18: nr | F18: =일위대가호표!I246 -> 0 | G18: =F18*D18 -> 0 | H18: =일위대가호표!K246 -> 780496 | I18: =H18*D18 -> 780496 | J18: =일위대가호표!M246 -> 0 | K18: =J18*D18 -> 0 | L18: =F18+H18+J18 -> 780496 | M18: =L18*D18 -> 780496 | O18: 연계)기술내용
B19: 부단수 차단(강관제) | C19: 1200 | G19: =INT(SUM(G20:G31)) -> 20513773 | I19: =INT(SUM(I20:I31)) -> 8679344 | K19: =INT(SUM(K20:K31)) -> 9239641 | M19: =G19+I19+K19 -> 38432758
A20: 13 | B20: 바탕처리(강관제) | C20: 1200 | D20: 1 | E20: nr | F20: =일위대가호표!I256 -> 408 | G20: =F20*D20 -> 408 | H20: =일위대가호표!K256 -> 101185 | I20: =H20*D20 -> 101185 | J20: =일위대가호표!M256 -> 568 | K20: =J20*D20 -> 568 | L20: =F20+H20+J20 -> 102161 | M20: =L20*D20 -> 102161 | O20: 연계)기술내용
A21: 14 | B21: 부단수 할정자관 부설 및 접합(강관제) | C21: 1200 | D21: 1 | E21: nr | F21: =일위대가호표!I273 -> 8352057 | G21: =F21*D21 -> 8352057 | H21: =일위대가호표!K273 -> 2252413 | I21: =H21*D21 -> 2252413 | J21: =일위대가호표!M273 -> 628995 | K21: =J21*D21 -> 628995 | L21: =F21+H21+J21 -> 11233465 | M21: =L21*D21 -> 11233465 | O21: 연계)기술내용
A22: 15 | B22: 샌드위치 밸브 부설 및 접합 | C22: 850 | D22: 1 | E22: nr | F22: =일위대가호표!I301 -> 48970 | G22: =F22*D22 -> 48970 | H22: =일위대가호표!K301 -> 345719 | I22: =H22*D22 -> 345719 | J22: =일위대가호표!M301 -> 636099 | K22: =J22*D22 -> 636099 | L22: =F22+H22+J22 -> 1030788 | M22: =L22*D22 -> 1030788 | O22: 연계)기술내용
A23: 16 | B23: 부단수천공 분기점 분기/철거 | C23: 850 | D23: 1 | E23: nr | F23: =일위대가호표!I322 -> 2188345 | G23: =F23*D23 -> 2188345 | H23: =일위대가호표!K322 -> 1376841 | I23: =H23*D23 -> 1376841 | J23: =일위대가호표!M322 -> 4274334 | K23: =J23*D23 -> 4274334 | L23: =F23+H23+J23 -> 7839520 | M23: =L23*D23 -> 7839520 | O23: 연계)기술내용
A24: 17 | B24: 등압관 설치/철거 | C24: 100 | D24: 1 | E24: nr | F24: =일위대가호표!I376 -> 441147 | G24: =F24*D24 -> 441147 | H24: =일위대가호표!K376 -> 186125 | I24: =H24*D24 -> 186125 | J24: =일위대가호표!M376 -> 6906 | K24: =J24*D24 -> 6906 | L24: =F24+H24+J24 -> 634178 | M24: =L24*D24 -> 634178 | O24: 연계)기술내용
A25: 18 | B25: 부단수차단/철거 | C25: 1200 | D25: 1 | E25: nr | F25: =일위대가호표!I408 -> 5852164 | G25: =F25*D25 -> 5852164 | H25: =일위대가호표!K408 -> 2852803 | I25: =H25*D25 -> 2852803 | J25: =일위대가호표!M408 -> 2905362 | K25: =J25*D25 -> 2905362 | L25: =F25+H25+J25 -> 11610329 | M25: =L25*D25 -> 11610329 | O25: 신기술)기술내용
A26: 19 | B26: 플러깅/철거 | C26: 850 | D26: 1 | E26: nr | F26: =일위대가호표!I440 -> 2939562 | G26: =F26*D26 -> 2939562 | H26: =일위대가호표!K440 -> 496549 | I26: =H26*D26 -> 496549 | J26: =일위대가호표!M440 -> 403709 | K26: =J26*D26 -> 403709 | L26: =F26+H26+J26 -> 3839820 | M26: =L26*D26 -> 3839820 | O26: 연계)기술내용
A27: 20 | B27: 샌드위치 밸브 철거 | C27: 850 | D27: 1 | E27: nr | F27: =일위대가호표!I229 -> 0 | G27: =F27*D27 -> 0 | H27: =일위대가호표!K465 -> 138450 | I27: =H27*D27 -> 138450 | J27: =일위대가호표!M465 -> 38090 | K27: =J27*D27 -> 38090 | L27: =F27+H27+J27 -> 176540 | M27: =L27*D27 -> 176540 | O27: 연계)기술내용
A28: 21 | B28: 마개플랜지 부설 및 접합 | C28: 850 | D28: 1 | E28: nr | F28: =일위대가호표!I472 -> 691120 | G28: =F28*D28 -> 691120 | H28: =일위대가호표!K472 -> 160272 | I28: =H28*D28 -> 160272 | J28: =일위대가호표!M472 -> 18006 | K28: =J28*D28 -> 18006 | L28: =F28+H28+J28 -> 869398 | M28: =L28*D28 -> 869398 | O28: 연계)기술내용
A29: 22 | B29: 사전조사 | C29: 1200 | D29: 1 | E29: nr | F29: =일위대가호표!I487 -> 0 | G29: =F29*D29 -> 0 | H29: =일위대가호표!K487 -> 335379 | I29: =H29*D29 -> 335379 | J29: =일위대가호표!M487 -> 0 | K29: =J29*D29 -> 0 | L29: =F29+H29+J29 -> 335379 | M29: =L29*D29 -> 335379 | O29: 연계)기술내용
A30: 23 | B30: 장비운반비 | C30: 1200 | D30: 1 | E30: set | F30: =일위대가호표!I491 -> 0 | G30: =F30*D30 -> 0 | H30: =일위대가호표!K491 -> 0 | I30: =H30*D30 -> 0 | J30: =일위대가호표!M491 -> 327572 | K30: =J30*D30 -> 327572 | L30: =F30+H30+J30 -> 327572 | M30: =L30*D30 -> 327572 | O30: 연계)기술내용
A31: 24 | B31: 밸브개폐비 | C31: 850 | D31: 1 | E31: nr | F31: =일위대가호표!I495 -> 0 | G31: =F31*D31 -> 0 | H31: =일위대가호표!K495 -> 433608 | I31: =H31*D31 -> 433608 | J31: =일위대가호표!M495 -> 0 | K31: =J31*D31 -> 0 | L31: =F31+H31+J31 -> 433608 | M31: =L31*D31 -> 433608 | O31: 연계)기술내용
A35: 1. 제경비 및 부가세 별도 2. 기타사항(있을 경우 기재) 3. 신기술(NET 및 특허) 보호범위 공종은 신기술인증서, 특허원부의 해당 청구항 번호 작성, 연계공사가 필요한 공종은 “연계)”와 청구항 번호를 입력하고 증빙서류 등을 첨부하여 작성하여야 하며 미작성 시 기술사용료, 하도급 범위 등에 불이익이 있을 수 있음.
A39: ※ 세부 내역서 비목 구성을 1식 단가로 제출하거나 공사비내역서에 제출일 기준 90일 미만의 유효기간 기재 시 심사대상에서 제외될 수 있음 ※ ‘공사비내역서(물량)’과 ‘견적서 및 공사비내역서’간 오류 확인 시 선정 후 취소될 수 있음

Sheet 견적서
B2: 견 적 서
B5: 문 서 번 호 | G5: DH18-260422-01 | U5: 공 급 자 | W5: 등록번호 | Z5: 140-81-34127
B6: 수 신 | G6: K-water | W6: 상 호 | Z6: (주)대호스토퍼 | AG6: 대표 | AJ6: 이 영 호 | AP6: (인)
W7: 소 재 지 | Z7: 경기도 안산시 상록구 남산평길 126-4(팔곡일동)
B8: 담 당 자 | S8: 귀중 | W8: 업 태 | Z8: 제조업 외 | AG8: 종목 | AJ8: 상하수도설비공사 외
B9: 연 락 처 | W9: 회사전화 | Z9: 031-496-9488 | AG9: 회사팩스 | AJ9: 031-496-9349
B10: 작 성 일 | G10: 46134 | W10: 담 당 자 | Z10: 백승리 차장 | AG10: 휴대전화 | AJ10: 010-5013-7776
B11: 유 효 기 간 | G11: 12개월 | W11: E-Mail | Z11: dhcstopper@hanmail.net
B12: 견 적 명 | G12: 광양산단 비상 공급시설 설치사업 중 부단수 차단 공사
B14: 합 계 금 액 | G14: 일금 | I14: =AB14 -> 734838410 | Y14: 원정 | AA14: ( | AB14: =AJ32 -> 734838410 | AL14: ) | AM14: (VAT별도)
B16: 아래와 같이 견적을 제출합니다.
B17: 품 명 | G17: 규 격 | L17: 단 위 | N17: 수량 | P17: 재 료 비 | U17: 노 무 비 | Z17: 경 비 | AE17: 소 계 | AJ17: 금 액 | AO17: 비고
B18: 부단수 차단 | G18: D1,650㎜ | L18: EA | N18: 4 | P18: =내역서!G6 -> 66855438 | U18: =내역서!I6 -> 23197389 | Z18: =내역서!K6 -> 74463262 | AE18: =P18+U18+Z18 -> 164516089 | AJ18: =AE18*N18 -> 658064356
B19: " | G19: D900㎜ | L19: EA | N19: 2 | P19: =내역서!G19 -> 20513773 | U19: =내역서!I19 -> 8679344 | Z19: =내역서!K19 -> 9239641 | AE19: =P19+U19+Z19 -> 38432758 | AJ19: =AE19*N19 -> 76865516
B31: 단수정리 | AJ31: -91462
B32: 합 계(TOTAL) | AJ32: =SUM(AJ18:AN31) -> 734838410
B33: MEMO | D33: 1. 토공, 가시설공, 피팅부 관보호공등 부단수 차단 외 공종에 대한 공통 공사비 제외 2. 가배관 별도 3. 납품방법 : 현장설치도

Sheet 일위대가목록
A1: 일위대가_목록
A2: 호 표 | B2: 공 종 명 | C2: 규 격 | D2: 단위 | E2: 합계 | F2: 재료비 | H2: 노무비 | J2: 경 비 | K2: 비 고
A3: 1 | B3: 부단수 차단(강관제) | C3: 차단관경, D1650mm | E3: =F3+H3+J3 -> 164516089 | F3: =내역서!G6 -> 66855438 | H3: =내역서!I6 -> 23197389 | J3: =내역서!K6 -> 74463262
A4: 2 | B4: 바탕처리(강관제) | C4: 차단관경, D1650mm | D4: nr | E4: =F4+H4+J4 -> 287814 | F4: =일위대가호표!I7 -> 1145 | G4: =일위대가호표!J7 -> 0 | H4: =일위대가호표!K7 -> 285076 | I4: =일위대가호표!L7 -> 0 | J4: =일위대가호표!M7 -> 1593
A5: 3 | B5: 강관 도복장 제거 | C5: 차단관경, D1650mm | D5: nr | E5: =F5+H5+J5 -> 231947 | F5: =일위대가호표!I5 -> 0 | G5: =일위대가호표!J5 -> 231947 | H5: =일위대가호표!K5 -> 231947 | I5: =일위대가호표!L5 -> 0 | J5: =일위대가호표!M5 -> 0
A6: 4 | B6: 표면정리 | C6: 차단관경, D1650mm | D6: nr | E6: =F6+H6+J6 -> 55867 | F6: =일위대가호표!I6 -> 1145 | G6: =일위대가호표!J6 -> 53129 | H6: =일위대가호표!K6 -> 53129 | I6: =일위대가호표!L6 -> 1593 | J6: =일위대가호표!M6 -> 1593
A7: 5 | B7: 부단수 할정자관 부설 및 접합(강관제) | C7: 차단관경, D1650mm | D7: nr | E7: =F7+H7+J7 -> 31682914 | F7: =일위대가호표!I24 -> 25768813 | G7: =일위대가호표!J24 -> 0 | H7: =일위대가호표!K24 -> 5724877 | I7: =일위대가호표!L24 -> 0 | J7: =일위대가호표!M24 -> 189224
A8: 6 | B8: 부단수 할정자관 부설(강관제) | C8: 차단관경, D1650mm | D8: nr | E8: =F8+H8+J8 -> 2076866 | F8: =일위대가호표!I20 -> 0 | G8: =일위대가호표!J20 -> 1909169 | H8: =일위대가호표!K20 -> 1909169 | I8: =일위대가호표!L20 -> 167697 | J8: =일위대가호표!M20 -> 167697
A9: 7 | B9: 부단수 할정자관 접합(강관제) | C9: 차단관경, D1650mm | D9: nr | E9: =F9+H9+J9 -> 3698059 | F9: =일위대가호표!I21 -> 192864 | G9: =일위대가호표!J21 -> 3483668 | H9: =일위대가호표!K21 -> 3483668 | I9: =일위대가호표!L21 -> 21527 | J9: =일위대가호표!M21 -> 21527
A10: 8 | B10: 부단수 할정자관 접합부 도장 | C10: 차단관경, D1650mm | D10: nr | E10: =F10+H10+J10 -> 407989 | F10: =일위대가호표!I22 -> 75949 | G10: =일위대가호표!J22 -> 332040 | H10: =일위대가호표!K22 -> 332040 | I10: =일위대가호표!L22 -> 0 | J10: =일위대가호표!M22 -> 0
A11: 9 | B11: 샌드위치 밸브 부설 및 접합 | C11: 천공관경, D1200mm | D11: nr | E11: =F11+H11+J11 -> 11035272 | F11: =일위대가호표!I52 -> 550910 | G11: =일위대가호표!J52 -> 0 | H11: =일위대가호표!K52 -> 606955 | I11: =일위대가호표!L52 -> 0 | J11: =일위대가호표!M52 -> 9877407
A12: 10 | B12: 샌드위치 밸브 부설 및 접합(손료제외) | C12: 천공관경, D1200mm | D12: nr | E12: =F12+H12+J12 -> 817320 | F12: =일위대가호표!I49 -> 0 | G12: =일위대가호표!J49 -> 606955 | H12: =일위대가호표!K49 -> 606955 | I12: =일위대가호표!L49 -> 210365 | J12: =일위대가호표!M49 -> 210365
A13: 11 | B13: 샌드위치 밸브 손료 | C13: 천공관경, D1200mm | D13: nr | E13: =F13+H13+J13 -> 9667042 | F13: =일위대가호표!I50 -> 0 | G13: =일위대가호표!J50 -> 0 | H13: =일위대가호표!K50 -> 0 | I13: =일위대가호표!L50 -> 110430 | J13: =일위대가호표!M50 -> 9667042
A14: 12 | B14: 부단수천공 분기점 분기/철거 | C14: 천공관경, D1200mm | D14: nr | E14: =F14+H14+J14 -> 40943204 | F14: =일위대가호표!I73 -> 9013133 | G14: =일위대가호표!J73 -> 0 | H14: =일위대가호표!K73 -> 4725036 | I14: =일위대가호표!L73 -> 0 | J14: =일위대가호표!M73 -> 27205035
A15: 13 | B15: 부단수천공 분기점 분기(손료제외) | C15: 천공관경, D1200mm | D15: nr | E15: =F15+H15+J15 -> 3383995 | F15: =일위대가호표!I61 -> 0 | G15: =일위대가호표!J61 -> 2267669 | H15: =일위대가호표!K61 -> 2267669 | I15: =일위대가호표!L61 -> 1116326 | J15: =일위대가호표!M61 -> 1116326
A16: 14 | B16: 부단수천공기 손료 | C16: 차단관경, D1650mm | D16: nr | E16: =F16+H16+J16 -> 23780853 | F16: =일위대가호표!I62 -> 0 | G16: =일위대가호표!J62 -> 0 | H16: =일위대가호표!K62 -> 0 | I16: =일위대가호표!L62 -> 271657 | J16: =일위대가호표!M62 -> 23780853
A17: 15 | B17: 부단수천공기 운전경비 | C17: 천공관경, D1200mm | D17: nr | E17: =F17+H17+J17 -> 102596 | F17: =일위대가호표!I63 -> 102596 | G17: =일위대가호표!J63 -> 0 | H17: =일위대가호표!K63 -> 0 | I17: =일위대가호표!L63 -> 0 | J17: =일위대가호표!M63 -> 0
A18: 16 | B18: 기밀시험 | C18: 차단관경, D1650mm | D18: nr | E18: =F18+H18+J18 -> 616640 | F18: =일위대가호표!I64 -> 17960 | G18: =일위대가호표!J64 -> 598680 | H18: =일위대가호표!K64 -> 598680 | I18: =일위대가호표!L64 -> 0 | J18: =일위대가호표!M64 -> 0
A19: 17 | B19: 칩제거(손료제외) | C19: 천공관경, D1200mm | D19: nr | E19: =F19+H19+J19 -> 1015870 | F19: =일위대가호표!I65 -> 0 | G19: =일위대가호표!J65 -> 680476 | H19: =일위대가호표!K65 -> 680476 | I19: =일위대가호표!L65 -> 335394 | J19: =일위대가호표!M65 -> 335394
A20: 18 | B20: 칩제거기 손료 | C20: 차단관경, D1650mm | D20: nr | E20: =F20+H20+J20 -> 1391973 | F20: =일위대가호표!I66 -> 0 | G20: =일위대가호표!J66 -> 0 | H20: =일위대가호표!K66 -> 0 | I20: =일위대가호표!L66 -> 15901 | J20: =일위대가호표!M66 -> 1391973
A21: 19 | B21: 칩제거기 운전경비 | C21: 천공관경, D1200mm | D21: nr | E21: =F21+H21+J21 -> 30757 | F21: =일위대가호표!I67 -> 30757 | G21: =일위대가호표!J67 -> 0 | H21: =일위대가호표!K67 -> 0 | I21: =일위대가호표!L67 -> 0 | J21: =일위대가호표!M67 -> 0
A22: 20 | B22: 부단수천공기 철거 | C22: 천공관경, D1200mm | D22: nr | E22: =F22+H22+J22 -> 1351506 | F22: =일위대가호표!I68 -> 0 | G22: =일위대가호표!J68 -> 904976 | H22: =일위대가호표!K68 -> 904976 | I22: =일위대가호표!L68 -> 446530 | J22: =일위대가호표!M68 -> 446530
A23: 21 | B23: 칩제거기 철거 | C23: 천공관경, D1200mm | D23: nr | E23: =F23+H23+J23 -> 407194 | F23: =일위대가호표!I69 -> 0 | G23: =일위대가호표!J69 -> 273235 | H23: =일위대가호표!K69 -> 273235 | I23: =일위대가호표!L69 -> 133959 | J23: =일위대가호표!M69 -> 133959
A24: 22 | B24: 등압관 설치/철거 | C24: 등압관경, D100mm | D24: nr | E24: =F24+H24+J24 -> 797077 | F24: =일위대가호표!I127 -> 480686 | G24: =일위대가호표!J127 -> 0 | H24: =일위대가호표!K127 -> 235729 | I24: =일위대가호표!L127 -> 0 | J24: =일위대가호표!M127 -> 80662
A25: 23 | B25: 등압관 부단수 천공 | C25: 등압관경, D100mm | D25: nr | E25: =F25+H25+J25 -> 210523 | F25: =일위대가호표!H120 -> 0 | G25: =일위대가호표!I120 -> 0 | H25: =일위대가호표!J120 -> 135281 | I25: =일위대가호표!K120 -> 135281 | J25: =일위대가호표!L120 -> 75242
A26: 24 | B26: 등압관 피팅 접합 | C26: 등압관경, D100mm | D26: nr | E26: =F26+H26+J26 -> 31853 | F26: =일위대가호표!H121 -> 686 | G26: =일위대가호표!I121 -> 686 | H26: =일위대가호표!J121 -> 31078 | I26: =일위대가호표!K121 -> 31078 | J26: =일위대가호표!L121 -> 89
A27: 25 | B27: 등압관 플러깅 | C27: 등압관경, D100mm | D27: nr | E27: =F27+H27+J27 -> 74701 | F27: =일위대가호표!H122 -> 0 | G27: =일위대가호표!I122 -> 0 | H27: =일위대가호표!J122 -> 69370 | I27: =일위대가호표!K122 -> 69370 | J27: =일위대가호표!L122 -> 5331
A28: 26 | B28: 부단수차단/철거 | C28: 차단관경, D1650mm | D28: nr | E28: =F28+H28+J28 -> 58230546 | F28: =일위대가호표!I159 -> 18753893 | G28: =일위대가호표!J159 -> 0 | H28: =일위대가호표!K159 -> 7959982 | I28: =일위대가호표!L159 -> 0 | J28: =일위대가호표!M159 -> 31516671
A29: 27 | B29: 부단수차단(손료제외) | C29: 차단관경, D1650mm | D29: nr | E29: =F29+H29+J29 -> 6835955 | F29: =일위대가호표!I152 -> 0 | G29: =일위대가호표!J152 -> 4804487 | H29: =일위대가호표!K152 -> 4804487 | I29: =일위대가호표!L152 -> 2031468 | J29: =일위대가호표!M152 -> 2031468
A30: 28 | B30: 부단수차단기 손료 | C30: 차단관경, D1650mm | D30: nr | E30: =F30+H30+J30 -> 28672413 | F30: =일위대가호표!I153 -> 0 | G30: =일위대가호표!J153 -> 0 | H30: =일위대가호표!K153 -> 0 | I30: =일위대가호표!L153 -> 327535 | J30: =일위대가호표!M153 -> 28672413
A31: 29 | B31: 부단수차단기 운전경비 | C31: 차단관경, D1650mm | D31: nr | E31: =F31+H31+J31 -> 202983 | F31: =일위대가호표!I154 -> 202983 | G31: =일위대가호표!J154 -> 0 | H31: =일위대가호표!K154 -> 0 | I31: =일위대가호표!L154 -> 0 | J31: =일위대가호표!M154 -> 0
A32: 30 | B32: 현장대기 | C32: 차단관경, D1650mm | D32: nr | E32: =F32+H32+J32 -> 1233168 | F32: =일위대가호표!I155 -> 0 | G32: =일위대가호표!J155 -> 43498 | H32: =일위대가호표!K155 -> 1233168 | I32: =일위대가호표!L155 -> 0 | J32: =일위대가호표!M155 -> 0
A33: 31 | B33: 부단수차단기 철거 | C33: 차단관경, D1650mm | D33: nr | E33: =F33+H33+J33 -> 2735117 | F33: =일위대가호표!I156 -> 0 | G33: =일위대가호표!J156 -> 1922327 | H33: =일위대가호표!K156 -> 1922327 | I33: =일위대가호표!L156 -> 812790 | J33: =일위대가호표!M156 -> 812790
A34: 32 | B34: 플러깅/철거 | C34: 천공관경, D1200mm | D34: nr | E34: =F34+H34+J34 -> 14627034 | F34: =일위대가호표!I191 -> 9606948 | G34: =일위대가호표!J191 -> 0 | H34: =일위대가호표!K191 -> 1819462 | I34: =일위대가호표!L191 -> 0 | J34: =일위대가호표!M191 -> 3200624
A35: 33 | B35: 천공관 플러깅(손료제외) | C35: 천공관경, D1200mm | D35: nr | E35: =F35+H35+J35 -> 1857903 | F35: =일위대가호표!I185 -> 0 | G35: =일위대가호표!J185 -> 1298252 | H35: =일위대가호표!K185 -> 1298252 | I35: =일위대가호표!L185 -> 559651 | J35: =일위대가호표!M185 -> 559651
A36: 34 | B36: 플러깅 손료 | C36: 차단관경, D1650mm | D36: nr | E36: =F36+H36+J36 -> 2416716 | F36: =일위대가호표!I186 -> 0 | G36: =일위대가호표!J186 -> 0 | H36: =일위대가호표!K186 -> 0 | I36: =일위대가호표!L186 -> 27607 | J36: =일위대가호표!M186 -> 2416716
A37: 35 | B37: 플러깅장비 운전경비 | C37: 천공관경, D1200mm | D37: nr | E37: =F37+H37+J37 -> 56038 | F37: =일위대가호표!I187 -> 56038 | G37: =일위대가호표!J187 -> 0 | H37: =일위대가호표!K187 -> 0 | I37: =일위대가호표!L187 -> 0 | J37: =일위대가호표!M187 -> 0
A38: 36 | B38: 플러깅 장비 철거 | C38: 천공관경, D1200mm | D38: nr | E38: =F38+H38+J38 -> 745467 | F38: =일위대가호표!I188 -> 0 | G38: =일위대가호표!J188 -> 521210 | H38: =일위대가호표!K188 -> 521210 | I38: =일위대가호표!L188 -> 224257 | J38: =일위대가호표!M188 -> 224257
A39: 37 | B39: 마개플랜지 부설 및 접합 | C39: 천공관경, D1200mm | D39: nr | E39: =F39+H39+J39 -> 3189064 | F39: =일위대가호표!I223 -> 2679910 | G39: =일위대가호표!J223 -> 0 | H39: =일위대가호표!K223 -> 481452 | I39: =일위대가호표!L223 -> 0 | J39: =일위대가호표!M223 -> 27702
A40: 38 | B40: 마개플랜지 부설 | C40: 천공관경, D1200mm | D40: nr | E40: =F40+H40+J40 -> 367084 | F40: =일위대가호표!I219 -> 0 | G40: =일위대가호표!J219 -> 339382 | H40: =일위대가호표!K219 -> 339382 | I40: =일위대가호표!L219 -> 27702 | J40: =일위대가호표!M219 -> 27702
A41: 39 | B41: 플랜지조인트관 접합 | C41: 천공관경, D1200mm | D41: nr | E41: =F41+H41+J41 -> 142070 | F41: =일위대가호표!I220 -> 0 | G41: =일위대가호표!J220 -> 142070 | H41: =일위대가호표!K220 -> 142070 | I41: =일위대가호표!L220 -> 0 | J41: =일위대가호표!M220 -> 0
A42: 40 | B42: 사전조사 | C42: 차단관경, D1650mm | D42: nr | E42: =F42+H42+J42 -> 335379 | F42: =일위대가호표!I238 -> 0 | G42: =일위대가호표!J238 -> 0 | H42: =일위대가호표!K238 -> 335379 | I42: =일위대가호표!L238 -> 0 | J42: =일위대가호표!M238 -> 0
A43: 41 | B43: 장비운반비 | C43: 차단관경, D1650mm | D43: nr | E43: =F43+H43+J43 -> 2280000 | F43: =일위대가호표!I242 -> 0 | G43: =일위대가호표!J242 -> 0 | H43: =일위대가호표!K242 -> 0 | I43: =일위대가호표!L242 -> 0 | J43: =일위대가호표!M242 -> 2280000
A44: 42 | B44: 밸브개폐비 | C44: 천공관경, D1200mm | D44: nr | E44: =F44+H44+J44 -> 780496 | F44: =일위대가호표!I246 -> 0 | G44: =일위대가호표!J246 -> 0 | H44: =일위대가호표!K246 -> 780496 | I44: =일위대가호표!L246 -> 0 | J44: =일위대가호표!M246 -> 0
A45: 43 | B45: 단위 밸브개폐비 | C45: 천공관경, D1200mm | D45: nr | E45: =F45+H45+J45 -> 780496 | F45: =일위대가호표!I245 -> 0 | G45: =일위대가호표!J245 -> 97562 | H45: =일위대가호표!K245 -> 780496 | I45: =일위대가호표!L245 -> 0 | J45: =일위대가호표!M245 -> 0
A46: 44 | B46: 부단수 차단(강관제) | C46: 차단관경, D900mm | E46: =F46+H46+J46 -> 38432758 | F46: =내역서!G19 -> 20513773 | G46: =내역서!H19 -> 0 | H46: =내역서!I19 -> 8679344 | I46: =내역서!J19 -> 0 | J46: =내역서!K19 -> 9239641
A47: 45 | B47: 바탕처리(강관제) | C47: 차단관경, D900mm | D47: nr | E47: =F47+H47+J47 -> 102161 | F47: =일위대가호표!I256 -> 408 | G47: =일위대가호표!J256 -> 0 | H47: =일위대가호표!K256 -> 101185 | I47: =일위대가호표!L256 -> 0 | J47: =일위대가호표!M256 -> 568
A48: 46 | B48: 강관 도복장 제거 | C48: 차단관경, D900mm | D48: nr | E48: =F48+H48+J48 -> 82248 | F48: =일위대가호표!I254 -> 0 | G48: =일위대가호표!J254 -> 82248 | H48: =일위대가호표!K254 -> 82248 | I48: =일위대가호표!L254 -> 0 | J48: =일위대가호표!M254 -> 0
A49: 47 | B49: 표면정리 | C49: 차단관경, D900mm | D49: nr | E49: =F49+H49+J49 -> 19913 | F49: =일위대가호표!I255 -> 408 | G49: =일위대가호표!J255 -> 18937 | H49: =일위대가호표!K255 -> 18937 | I49: =일위대가호표!L255 -> 568 | J49: =일위대가호표!M255 -> 568
A50: 48 | B50: 부단수 할정자관 부설 및 접합(강관제) | C50: 차단관경, D900mm | D50: nr | E50: =F50+H50+J50 -> 11233465 | F50: =일위대가호표!I273 -> 8352057 | G50: =일위대가호표!J273 -> 0 | H50: =일위대가호표!K273 -> 2252413 | I50: =일위대가호표!L273 -> 0 | J50: =일위대가호표!M273 -> 628995
A51: 49 | B51: 부단수 할정자관 부설(강관제) | C51: 차단관경, D900mm | D51: nr | E51: =F51+H51+J51 -> 580776 | F51: =일위대가호표!I269 -> 0 | G51: =일위대가호표!J269 -> 482090 | H51: =일위대가호표!K269 -> 482090 | I51: =일위대가호표!L269 -> 98686 | J51: =일위대가호표!M269 -> 98686
A52: 50 | B52: 부단수 할정자관 접합(강관제) | C52: 차단관경, D900mm | D52: nr | E52: =F52+H52+J52 -> 2091283 | F52: =일위대가호표!I270 -> 35280 | G52: =일위대가호표!J270 -> 1525694 | H52: =일위대가호표!K270 -> 1525694 | I52: =일위대가호표!L270 -> 530309 | J52: =일위대가호표!M270 -> 530309
A53: 51 | B53: 부단수 할정자관 접합부 도장 | C53: 차단관경, D900mm | D53: nr | E53: =F53+H53+J53 -> 282406 | F53: =일위대가호표!I271 -> 37777 | G53: =일위대가호표!J271 -> 244629 | H53: =일위대가호표!K271 -> 244629 | I53: =일위대가호표!L271 -> 0 | J53: =일위대가호표!M271 -> 0
A54: 52 | B54: 샌드위치 밸브 부설 및 접합 | C54: 천공관경, D600mm | D54: nr | E54: =F54+H54+J54 -> 1030788 | F54: =일위대가호표!I301 -> 48970 | G54: =일위대가호표!J301 -> 0 | H54: =일위대가호표!K301 -> 345719 | I54: =일위대가호표!L301 -> 0 | J54: =일위대가호표!M301 -> 636099
A55: 53 | B55: 샌드위치 밸브 부설 및 접합(손료제외) | C55: 천공관경, D600mm | D55: nr | E55: =F55+H55+J55 -> 440598 | F55: =일위대가호표!I298 -> 0 | G55: =일위대가호표!J298 -> 345719 | H55: =일위대가호표!K298 -> 345719 | I55: =일위대가호표!L298 -> 94879 | J55: =일위대가호표!M298 -> 94879
A56: 54 | B56: 샌드위치 밸브 손료 | C56: 천공관경, D600mm | D56: nr | E56: =F56+H56+J56 -> 541220 | F56: =일위대가호표!I299 -> 0 | G56: =일위대가호표!J299 -> 0 | H56: =일위대가호표!K299 -> 0 | I56: =일위대가호표!L299 -> 13288 | J56: =일위대가호표!M299 -> 541220
A57: 55 | B57: 부단수천공 분기점 분기/철거 | C57: 천공관경, D600mm | D57: nr | E57: =F57+H57+J57 -> 7839520 | F57: =일위대가호표!I322 -> 2188345 | G57: =일위대가호표!J322 -> 0 | H57: =일위대가호표!K322 -> 1376841 | I57: =일위대가호표!L322 -> 0 | J57: =일위대가호표!M322 -> 4274334
A58: 56 | B58: 부단수천공 분기점 분기(손료제외) | C58: 천공관경, D600mm | D58: nr | E58: =F58+H58+J58 -> 950583 | F58: =일위대가호표!I310 -> 0 | G58: =일위대가호표!J310 -> 706113 | H58: =일위대가호표!K310 -> 706113 | I58: =일위대가호표!L310 -> 244470 | J58: =일위대가호표!M310 -> 244470
A59: 57 | B59: 부단수천공기 손료 | C59: 차단관경, D900mm | D59: nr | E59: =F59+H59+J59 -> 3711439 | F59: =일위대가호표!I311 -> 0 | G59: =일위대가호표!J311 -> 0 | H59: =일위대가호표!K311 -> 0 | I59: =일위대가호표!L311 -> 91123 | J59: =일위대가호표!M311 -> 3711439
A60: 58 | B60: 부단수천공기 운전경비 | C60: 천공관경, D600mm | D60: nr | E60: =F60+H60+J60 -> 18164 | F60: =일위대가호표!I312 -> 18164 | G60: =일위대가호표!J312 -> 0 | H60: =일위대가호표!K312 -> 0 | I60: =일위대가호표!L312 -> 0 | J60: =일위대가호표!M312 -> 0
A61: 59 | B61: 기밀시험 | C61: 차단관경, D900mm | D61: nr | E61: =F61+H61+J61 -> 95237 | F61: =일위대가호표!I313 -> 2773 | G61: =일위대가호표!J313 -> 92464 | H61: =일위대가호표!K313 -> 92464 | I61: =일위대가호표!L313 -> 0 | J61: =일위대가호표!M313 -> 0
A62: 60 | B62: 칩제거(손료제외) | C62: 천공관경, D600mm | D62: nr | E62: =F62+H62+J62 -> 284710 | F62: =일위대가호표!I314 -> 0 | G62: =일위대가호표!J314 -> 211300 | H62: =일위대가호표!K314 -> 211300 | I62: =일위대가호표!L314 -> 73410 | J62: =일위대가호표!M314 -> 73410
A63: 61 | B63: 칩제거기 손료 | C63: 차단관경, D900mm | D63: nr | E63: =F63+H63+J63 -> 118279 | F63: =일위대가호표!I315 -> 0 | G63: =일위대가호표!J315 -> 0 | H63: =일위대가호표!K315 -> 0 | I63: =일위대가호표!L315 -> 2904 | J63: =일위대가호표!M315 -> 118279
A64: 62 | B64: 칩제거기 운전경비 | C64: 천공관경, D600mm | D64: nr | E64: =F64+H64+J64 -> 5468 | F64: =일위대가호표!I316 -> 5468 | G64: =일위대가호표!J316 -> 0 | H64: =일위대가호표!K316 -> 0 | I64: =일위대가호표!L316 -> 0 | J64: =일위대가호표!M316 -> 0
A65: 63 | B65: 부단수천공기 철거 | C65: 천공관경, D600mm | D65: nr | E65: =F65+H65+J65 -> 378532 | F65: =일위대가호표!I317 -> 0 | G65: =일위대가호표!J317 -> 280883 | H65: =일위대가호표!K317 -> 280883 | I65: =일위대가호표!L317 -> 97649 | J65: =일위대가호표!M317 -> 97649
A66: 64 | B66: 칩제거기 철거 | C66: 천공관경, D600mm | D66: nr | E66: =F66+H66+J66 -> 115168 | F66: =일위대가호표!I318 -> 0 | G66: =일위대가호표!J318 -> 86081 | H66: =일위대가호표!K318 -> 86081 | I66: =일위대가호표!L318 -> 29087 | J66: =일위대가호표!M318 -> 29087
A67: 65 | B67: 부단수차단/철거 | C67: 차단관경, D900mm | D67: nr | E67: =F67+H67+J67 -> 11610329 | F67: =일위대가호표!I408 -> 5852164 | G67: =일위대가호표!J408 -> 0 | H67: =일위대가호표!K408 -> 2852803 | I67: =일위대가호표!L408 -> 0 | J67: =일위대가호표!M408 -> 2905362
A68: 66 | B68: 부단수차단(손료제외) | C68: 차단관경, D900mm | D68: nr | E68: =F68+H68+J68 -> 2139808 | F68: =일위대가호표!I401 -> 0 | G68: =일위대가호표!J401 -> 1506042 | H68: =일위대가호표!K401 -> 1506042 | I68: =일위대가호표!L401 -> 633766 | J68: =일위대가호표!M401 -> 633766
A69: 67 | B69: 부단수차단기 손료 | C69: 차단관경, D900mm | D69: nr | E69: =F69+H69+J69 -> 2018090 | F69: =일위대가호표!I402 -> 0 | G69: =일위대가호표!J402 -> 0 | H69: =일위대가호표!K402 -> 0 | I69: =일위대가호표!L402 -> 49548 | J69: =일위대가호표!M402 -> 2018090
A70: 68 | B70: 부단수차단기 운전경비 | C70: 차단관경, D900mm | D70: nr | E70: =F70+H70+J70 -> 65684 | F70: =일위대가호표!I403 -> 65684 | G70: =일위대가호표!J403 -> 0 | H70: =일위대가호표!K403 -> 0 | I70: =일위대가호표!L403 -> 0 | J70: =일위대가호표!M403 -> 0
A71: 69 | B71: 현장대기 | C71: 차단관경, D900mm | D71: nr | E71: =F71+H71+J71 -> 743815 | F71: =일위대가호표!I404 -> 0 | G71: =일위대가호표!J404 -> 43498 | H71: =일위대가호표!K404 -> 743815 | I71: =일위대가호표!L404 -> 0 | J71: =일위대가호표!M404 -> 0
A72: 70 | B72: 부단수차단기 철거 | C72: 차단관경, D900mm | D72: nr | E72: =F72+H72+J72 -> 856452 | F72: =일위대가호표!I405 -> 0 | G72: =일위대가호표!J405 -> 602946 | H72: =일위대가호표!K405 -> 602946 | I72: =일위대가호표!L405 -> 253506 | J72: =일위대가호표!M405 -> 253506
A73: 71 | B73: 플러깅/철거 | C73: 천공관경, D600mm | D73: nr | E73: =F73+H73+J73 -> 3839820 | F73: =일위대가호표!I440 -> 2939562 | G73: =일위대가호표!J440 -> 0 | H73: =일위대가호표!K440 -> 496549 | I73: =일위대가호표!L440 -> 0 | J73: =일위대가호표!M440 -> 403709
A74: 72 | B74: 천공관 플러깅(손료제외) | C74: 천공관경, D600mm | D74: nr | E74: =F74+H74+J74 -> 476507 | F74: =일위대가호표!I434 -> 0 | G74: =일위대가호표!J434 -> 353926 | H74: =일위대가호표!K434 -> 353926 | I74: =일위대가호표!L434 -> 122581 | J74: =일위대가호표!M434 -> 122581
A75: 73 | B75: 플러깅 손료 | C75: 차단관경, D900mm | D75: nr | E75: =F75+H75+J75 -> 231957 | F75: =일위대가호표!I435 -> 0 | G75: =일위대가호표!J435 -> 0 | H75: =일위대가호표!K435 -> 0 | I75: =일위대가호표!L435 -> 5695 | J75: =일위대가호표!M435 -> 231957
A76: 74 | B76: 플러깅장비 운전경비 | C76: 천공관경, D600mm | D76: nr | E76: =F76+H76+J76 -> 9082 | F76: =일위대가호표!I436 -> 9082 | G76: =일위대가호표!J436 -> 0 | H76: =일위대가호표!K436 -> 0 | I76: =일위대가호표!L436 -> 0 | J76: =일위대가호표!M436 -> 0
A77: 75 | B77: 플러깅 장비 철거 | C77: 천공관경, D600mm | D77: nr | E77: =F77+H77+J77 -> 191794 | F77: =일위대가호표!I437 -> 0 | G77: =일위대가호표!J437 -> 142623 | H77: =일위대가호표!K437 -> 142623 | I77: =일위대가호표!L437 -> 49171 | J77: =일위대가호표!M437 -> 49171
A78: 76 | B78: 마개플랜지 부설 및 접합 | C78: 천공관경, D600mm | D78: nr | E78: =F78+H78+J78 -> 869398 | F78: =일위대가호표!I472 -> 691120 | G78: =일위대가호표!J472 -> 0 | H78: =일위대가호표!K472 -> 160272 | I78: =일위대가호표!L472 -> 0 | J78: =일위대가호표!M472 -> 18006
A79: 77 | B79: 마개플랜지 부설 | C79: 천공관경, D600mm | D79: nr | E79: =F79+H79+J79 -> 94611 | F79: =일위대가호표!I468 -> 0 | G79: =일위대가호표!J468 -> 76605 | H79: =일위대가호표!K468 -> 76605 | I79: =일위대가호표!L468 -> 18006 | J79: =일위대가호표!M468 -> 18006
A80: 78 | B80: 플랜지조인트관 접합 | C80: 천공관경, D600mm | D80: nr | E80: =F80+H80+J80 -> 83667 | F80: =일위대가호표!I469 -> 0 | G80: =일위대가호표!J469 -> 83667 | H80: =일위대가호표!K469 -> 83667 | I80: =일위대가호표!L469 -> 0 | J80: =일위대가호표!M469 -> 0
A81: 79 | B81: 사전조사 | C81: 차단관경, D900mm | D81: nr | E81: =F81+H81+J81 -> 335379 | F81: =일위대가호표!I487 -> 0 | G81: =일위대가호표!J487 -> 0 | H81: =일위대가호표!K487 -> 335379 | I81: =일위대가호표!L487 -> 0 | J81: =일위대가호표!M487 -> 0
A82: 80 | B82: 장비운반비 | C82: 차단관경, D900mm | D82: nr | E82: =F82+H82+J82 -> 327572 | F82: =일위대가호표!I491 -> 0 | G82: =일위대가호표!J491 -> 0 | H82: =일위대가호표!K491 -> 0 | I82: =일위대가호표!L491 -> 0 | J82: =일위대가호표!M491 -> 327572
A83: 81 | B83: 밸브개폐비 | C83: 천공관경, D600mm | D83: nr | E83: =F83+H83+J83 -> 433608 | F83: =일위대가호표!I495 -> 0 | G83: =일위대가호표!J495 -> 0 | H83: =일위대가호표!K495 -> 433608 | I83: =일위대가호표!L495 -> 0 | J83: =일위대가호표!M495 -> 0
A84: 82 | B84: 단위 밸브개폐비 | C84: 천공관경, D600mm | D84: nr | E84: =F84+H84+J84 -> 433608 | F84: =일위대가호표!I494 -> 0 | G84: =일위대가호표!J494 -> 54201 | H84: =일위대가호표!K494 -> 433608 | I84: =일위대가호표!L494 -> 0 | J84: =일위대가호표!M494 -> 0

Sheet 일위대가호표
B1: 일위대가_호표
A2: 호 표 | B2: 공 종 명 | C2: 규 격 | D2: 수량 | E2: 단위 | F2: 합 계 | H2: 재 료 비 | J2: 노 무 비 | L2: 경 비 | N2: 비 고
F3: 단 가 | G3: 금 액 | H3: 단 가 | I3: 금 액 | J3: 단 가 | K3: 금 액 | L3: 단 가 | M3: 금 액
A4: 1 | B4: 바탕처리(강관제) | C4: 1650 | D4: 1 | E4: nr
B5: 강관 도복장 제거 | D5: 1 | E5: nr | F5: =H5+J5+L5 -> 231947 | G5: =F5*D5 -> 231947 | H5: =I11 -> 0 | I5: =TRUNC(H5*$D5,0) -> 0 | J5: =K11 -> 231947 | K5: =TRUNC(J5*$D5,0) -> 231947 | L5: =M11 -> 0 | M5: =TRUNC(L5*$D5,0) -> 0 | N5: =A9 -> 2
B6: 표면정리 | C6: #180 | D6: 1 | E6: nr | F6: =H6+J6+L6 -> 55867 | G6: =F6*D6 -> 55867 | H6: =I17 -> 1145 | I6: =TRUNC(H6*$D6,0) -> 1145 | J6: =K17 -> 53129 | K6: =TRUNC(J6*$D6,0) -> 53129 | L6: =M17 -> 1593 | M6: =TRUNC(L6*$D6,0) -> 1593 | N6: =A13 -> 3
B7: 계 | G7: =SUM(G5:G6) -> 287814 | I7: =SUM(I5:I6) -> 1145 | K7: =SUM(K5:K6) -> 285076 | M7: =SUM(M5:M6) -> 1593
A9: =A4+1 -> 2 | B9: 강관 도복장 제거 | C9: 1650 | D9: 1 | E9: nr
B10: 보통인부 | D10: 1.348 | E10: 인 | F10: =H10+J10+L10 -> 172068 | G10: =F10*D10 -> 231947.66 | I10: =TRUNC(H10*$D10,0) -> 0 | J10: =노임!$D$4 -> 172068 | K10: =TRUNC(J10*$D10,0) -> 231947 | M10: =TRUNC(L10*$D10,0) -> 0
B11: 계 | G11: =SUM(G10) -> 231947.66 | I11: =SUM(I10:I10) -> 0 | K11: =SUM(K10:K10) -> 231947 | M11: =SUM(M10:M10) -> 0
A13: =A9+1 -> 3 | B13: 표면정리 | C13: 1650 | D13: 1 | E13: nr
B14: 도장공 | D14: 0.202 | E14: 인 | F14: =H14+J14+L14 -> 263017 | G14: =F14*D14 -> 53129.434 | I14: =TRUNC(H14*$D14,0) -> 0 | J14: =노임!$D$6 -> 263017 | K14: =TRUNC(J14*$D14,0) -> 53129 | M14: =TRUNC(L14*$D14,0) -> 0
B15: 연마지 | C15: #180 | D15: 3.37 | E15: 매 | F15: =H15+J15+L15 -> 340 | G15: =F15*D15 -> 1145.8 | H15: =자재!$D$4 -> 340 | I15: =TRUNC(H15*$D15,0) -> 1145 | K15: =TRUNC(J15*$D15,0) -> 0 | M15: =TRUNC(L15*$D15,0) -> 0
B16: 공구손료 | C16: 도장공 인력품의 | D16: 0.03 | F16: =H16+J16+L16 -> 53129 | G16: =F16*D16 -> 1593.87 | I16: =TRUNC(H16*$E16,0) -> 0 | K16: =TRUNC(J16*$E16,0) -> 0 | L16: =K14 -> 53129 | M16: =TRUNC(L16*$D16,0) -> 1593
B17: 계 | G17: =SUM(G14:G16) -> 55869.104 | I17: =SUM(I14:I16) -> 1145 | K17: =SUM(K14:K16) -> 53129 | M17: =SUM(M14:M16) -> 1593
A19: =A13+1 -> 4 | B19: 부단수 할정자관 부설 및 접합(강관제) | C19: 1650 | D19: 1 | E19: nr
B20: 부단수 할정자관 부설(강관제) | C20: 1650 | D20: 1 | E20: nr | F20: =H20+J20+L20 -> 2076866 | G20: =F20*D20 -> 2076866 | H20: 0 | I20: =TRUNC(H20*$D20,0) -> 0 | J20: =K30 -> 1909169 | K20: =TRUNC(J20*$D20,0) -> 1909169 | L20: =M30 -> 167697 | M20: =TRUNC(L20*$D20,0) -> 167697 | N20: =A26 -> 5
B21: 부단수 할정자관 접합(강관제) | C21: 1650 | D21: 1 | E21: nr | F21: =H21+J21+L21 -> 3698059 | G21: =F21*D21 -> 3698059 | H21: =I37 -> 192864 | I21: =TRUNC(H21*$D21,0) -> 192864 | J21: =K37 -> 3483668 | K21: =TRUNC(J21*$D21,0) -> 3483668 | L21: =M37 -> 21527 | M21: =TRUNC(L21*$D21,0) -> 21527 | N21: =A32 -> 6
B22: 부단수 할정자관 접합부 도장 | C22: 1650 | D22: 1 | E22: nr | F22: =H22+J22+L22 -> 407989 | G22: =F22*D22 -> 407989 | H22: =I46 -> 75949 | I22: =TRUNC(H22*$D22,0) -> 75949 | J22: =K46 -> 332040 | K22: =TRUNC(J22*$D22,0) -> 332040 | L22: 0 | M22: =TRUNC(L22*$D22,0) -> 0 | N22: =A39 -> 7
B23: 부단수 할정자관 | C23: 1650 | D23: 1 | E23: nr | F23: =H23+J23+L23 -> 25500000 | G23: =F23*D23 -> 25500000 | H23: =자재견적서!AR18 -> 25500000 | I23: =TRUNC(H23*$D23,0) -> 25500000 | K23: =TRUNC(J23*$D23,0) -> 0 | M23: =TRUNC(L23*$D23,0) -> 0
B24: 계 | G24: =SUM(G20:G23) -> 31682914 | I24: =SUM(I20:I23) -> 25768813 | K24: =SUM(K20:K23) -> 5724877 | M24: =SUM(M20:M23) -> 189224
A26: =A19+1 -> 5 | B26: 부단수 할정자관 부설(강관제) | C26: 1650 | D26: 1 | E26: nr
B27: 배관공(수도) | D27: 4.82 | E27: 인 | F27: =H27+J27+L27 -> 262580 | G27: =F27*D27 -> 1265635.6 | I27: =TRUNC(H27*$D27,0) -> 0 | J27: =노임!$D$8 -> 262580 | K27: =TRUNC(J27*$D27,0) -> 1265635 | M27: =TRUNC(L27*$D27,0) -> 0
B28: 보통인부 | D28: 3.74 | E28: 인 | F28: =H28+J28+L28 -> 172068 | G28: =F28*D28 -> 643534.32 | I28: =TRUNC(H28*$D28,0) -> 0 | J28: =노임!$D$4 -> 172068 | K28: =TRUNC(J28*$D28,0) -> 643534 | M28: =TRUNC(L28*$D28,0) -> 0
B29: 트럭탑재형크레인 | C29: 15 | D29: 1.69 | E29: hr | F29: =H29+J29+L29 -> 99229 | G29: =F29*D29 -> 167697.01 | I29: =TRUNC(H29*$D29,0) -> 0 | K29: =TRUNC(J29*$D29,0) -> 0 | L29: =중기사용료목록!$H$5 -> 99229 | M29: =TRUNC(L29*$D29,0) -> 167697
B30: 계 | G30: =SUM(G27:G29) -> 2076866.9 | I30: =SUM(I27:I29) -> 0 | K30: =SUM(K27:K29) -> 1909169 | M30: =SUM(M27:M29) -> 167697
A32: =A26+1 -> 6 | B32: 부단수 할정자관 접합(강관제) | C32: 1650 | D32: 1 | E32: nr
B33: 용접공 | D33: 12.33 | E33: 인 | F33: =H33+J33+L33 -> 282536 | G33: =F33*D33 -> 3483668.9 | I33: =TRUNC(H33*$D33,0) -> 0 | J33: =노임!$D$5 -> 282536 | K33: =TRUNC(J33*$D33,0) -> 3483668 | M33: =TRUNC(L33*$D33,0) -> 0
B34: 발전기(50KW) | D34: 16.74 | E34: hr | F34: =H34+J34+L34 -> 92 | G34: =F34*D34 -> 1540.08 | I34: =TRUNC(H34*$D34,0) -> 0 | K34: =TRUNC(J34*$D34,0) -> 0 | L34: =중기사용료목록!$H$8 -> 92 | M34: =TRUNC(L34*$D34,0) -> 1540
B35: 용접기(200AMP) | D35: 33.48 | E35: hr | F35: =H35+J35+L35 -> 597 | G35: =F35*D35 -> 19987.56 | I35: =TRUNC(H35*$D35,0) -> 0 | K35: =TRUNC(J35*$D35,0) -> 0 | L35: =중기사용료목록!$H$9 -> 597 | M35: =TRUNC(L35*$D35,0) -> 19987
B36: 용접봉(3.2㎜ KSE4301) | D36: 39.36 | E36: kg | F36: =H36+J36+L36 -> 4900 | G36: =F36*D36 -> 192864 | H36: =자재!$D$3 -> 4900 | I36: =TRUNC(H36*$D36,0) -> 192864 | K36: =TRUNC(J36*$D36,0) -> 0 | M36: =TRUNC(L36*$D36,0) -> 0
B37: 계 | G37: =SUM(G33:G36) -> 3698060.5 | I37: =SUM(I33:I36) -> 192864 | K37: =SUM(K33:K36) -> 3483668 | M37: =SUM(M33:M36) -> 21527
A39: =A32+1 -> 7 | B39: 부단수 할정자관 접합부 도장 | C39: 1650 | D39: 1 | E39: nr
B40: 도장공 | D40: 1.04 | E40: 인 | F40: =H40+J40+L40 -> 263017 | G40: =F40*D40 -> 273537.68 | I40: =TRUNC(H40*$D40,0) -> 0 | J40: =노임!$D$6 -> 263017 | K40: =TRUNC(J40*$D40,0) -> 273537 | M40: =TRUNC(L40*$D40,0) -> 0
B41: 보통인부 | D41: 0.34 | E41: 인 | F41: =H41+J41+L41 -> 172068 | G41: =F41*D41 -> 58503.12 | I41: =TRUNC(H41*$D41,0) -> 0 | J41: =노임!$D$4 -> 172068 | K41: =TRUNC(J41*$D41,0) -> 58503 | M41: =TRUNC(L41*$D41,0) -> 0
B42: 액상접착제 | C42: (16.8kg/18.9ℓ) CAN | D42: 1.3 | E42: kg | F42: =H42+J42+L42 -> 20746.667 | G42: =F42*D42 -> 26970.667 | H42: =자재!$D$5 -> 20746.667 | I42: =TRUNC(H42*$D42,0) -> 26970 | K42: =TRUNC(J42*$D42,0) -> 0 | M42: =TRUNC(L42*$D42,0) -> 0
B43: 매스틱 | C43: 3T x 40 x 6m | D43: 11.58 | E43: m | F43: =H43+J43+L43 -> 2800 | G43: =F43*D43 -> 32424 | H43: =자재!$D$6 -> 2800 | I43: =TRUNC(H43*$D43,0) -> 32424 | K43: =TRUNC(J43*$D43,0) -> 0 | M43: =TRUNC(L43*$D43,0) -> 0
B44: 안쪽층테이프 | C44: 0.508㎜ x 100㎜ x 30m | D44: 10.94 | E44: ㎡ | F44: =H44+J44+L44 -> 773.33333 | G44: =F44*D44 -> 8460.2667 | H44: =자재!$D$7 -> 773.33333 | I44: =TRUNC(H44*$D44,0) -> 8460 | K44: =TRUNC(J44*$D44,0) -> 0 | M44: =TRUNC(L44*$D44,0) -> 0
B45: 바깥층테이프 | C45: 0.381㎜ x 100㎜ x 30m | D45: 10.94 | E45: ㎡ | F45: =H45+J45+L45 -> 740 | G45: =F45*D45 -> 8095.6 | H45: =자재!$D$8 -> 740 | I45: =TRUNC(H45*$D45,0) -> 8095 | K45: =TRUNC(J45*$D45,0) -> 0 | M45: =TRUNC(L45*$D45,0) -> 0
B46: 계 | G46: =SUM(G40:G45) -> 407991.33 | I46: =SUM(I40:I45) -> 75949 | K46: =SUM(K40:K45) -> 332040 | M46: =SUM(M40:M41) -> 0
A48: =A39+1 -> 8 | B48: 샌드위치 밸브 부설 및 접합 | C48: 1200 | D48: 1 | E48: nr
B49: 샌드위치 밸브 부설 및 접합(손료제외) | C49: 1200 | D49: 1 | E49: nr | F49: =H49+J49+L49 -> 817320 | G49: =F49*D49 -> 817320 | H49: 0 | I49: =TRUNC(H49*$D49,0) -> 0 | J49: =K58 -> 606955 | K49: =TRUNC(J49*$D49,0) -> 606955 | L49: =M58 -> 210365 | M49: =TRUNC(L49*$D49,0) -> 210365 | N49: =A54 -> 9
B50: 샌드위치 밸브 손료 | C50: 1650 | D50: 87.54 | E50: hr | F50: =H50+J50+L50 -> 110430 | G50: =F50*D50 -> 9667042.2 | I50: =TRUNC(H50*$D50,0) -> 0 | K50: =TRUNC(J50*$D50,0) -> 0 | L50: 110430 | M50: =TRUNC(L50*$D50,0) -> 9667042
B51: 플랜지접합부속 | C51: 1200 | D51: 1 | E51: nr | F51: =H51+J51+L51 -> 550910 | G51: =F51*D51 -> 550910 | H51: =자재견적서!$AR$19 -> 550910 | I51: =TRUNC(H51*$D51,0) -> 550910 | K51: =TRUNC(J51*$D51,0) -> 0 | M51: =TRUNC(L51*$D51,0) -> 0
B52: 계 | G52: =SUM(G49:G51) -> 11035272 | I52: =SUM(I49:I51) -> 550910 | K52: =SUM(K49:K51) -> 606955 | M52: =SUM(M49:M51) -> 9877407
A54: =A48+1 -> 9 | B54: 샌드위치 밸브 부설 및 접합(손료제외) | C54: 1200 | D54: 1 | E54: nr
B55: 배관공(수도) | D55: 1.63 | E55: 인 | F55: =H55+J55+L55 -> 262580 | G55: =F55*D55 -> 428005.4 | I55: =TRUNC(H55*$D55,0) -> 0 | J55: =노임!$D$8 -> 262580 | K55: =TRUNC(J55*$D55,0) -> 428005 | M55: =TRUNC(L55*$D55,0) -> 0
B56: 보통인부 | D56: 1.04 | E56: 인 | F56: =H56+J56+L56 -> 172068 | G56: =F56*D56 -> 178950.72 | I56: =TRUNC(H56*$D56,0) -> 0 | J56: =노임!$D$4 -> 172068 | K56: =TRUNC(J56*$D56,0) -> 178950 | M56: =TRUNC(L56*$D56,0) -> 0
B57: 트럭탑재형크레인 | C57: 15 | D57: 2.12 | E57: hr | F57: =H57+J57+L57 -> 99229 | G57: =F57*D57 -> 210365.48 | I57: =TRUNC(H57*$D57,0) -> 0 | K57: =TRUNC(J57*$D57,0) -> 0 | L57: =중기사용료목록!$H$5 -> 99229 | M57: =TRUNC(L57*$D57,0) -> 210365
B58: 계 | G58: =SUM(G55:G57) -> 817321.6 | I58: =SUM(I55:I57) -> 0 | K58: =SUM(K55:K57) -> 606955 | M58: =SUM(M55:M57) -> 210365
A60: =A54+1 -> 10 | B60: 부단수천공 분기점 분기/철거 | C60: 1200 | D60: 1 | E60: nr
B61: 부단수천공 분기점 분기(손료제외) | C61: 1200 | D61: 1 | E61: nr | F61: =H61+J61+L61 -> 3383995 | G61: =F61*D61 -> 3383995 | H61: 0 | I61: =TRUNC(H61*$D61,0) -> 0 | J61: =K80 -> 2267669 | K61: =TRUNC(J61*$D61,0) -> 2267669 | L61: =M80 -> 1116326 | M61: =TRUNC(L61*$D61,0) -> 1116326 | N61: =A75 -> 11
B62: 부단수천공기 손료 | C62: 1650 | D62: 87.54 | E62: hr | F62: =H62+J62+L62 -> 271657 | G62: =F62*D62 -> 23780854 | I62: =TRUNC(H62*$D62,0) -> 0 | K62: =TRUNC(J62*$D62,0) -> 0 | L62: 271657 | M62: =TRUNC(L62*$D62,0) -> 23780853
B63: 부단수천공기 운전경비 | C63: 1200 | D63: 4.87 | E63: hr | F63: =H63+J63+L63 -> 21067 | G63: =F63*D63 -> 102596.29 | H63: =I85 -> 21067 | I63: =TRUNC(H63*$D63,0) -> 102596 | J63: 0 | K63: =TRUNC(J63*$D63,0) -> 0 | L63: 0 | M63: =TRUNC(L63*$D63,0) -> 0 | N63: =A82 -> 12
B64: 기밀시험 | C64: 1650 | D64: 1 | E64: nr | F64: =H64+J64+L64 -> 616640 | G64: =F64*D64 -> 616640 | H64: =I91 -> 17960 | I64: =TRUNC(H64*$D64,0) -> 17960 | J64: =K91 -> 598680 | K64: =TRUNC(J64*$D64,0) -> 598680 | L64: 0 | M64: =TRUNC(L64*$D64,0) -> 0 | N64: =A87 -> 13
B65: 칩제거(손료제외) | C65: 1200 | D65: 1 | E65: nr | F65: =H65+J65+L65 -> 1015870 | G65: =F65*D65 -> 1015870 | H65: 0 | I65: =TRUNC(H65*$D65,0) -> 0 | J65: =K98 -> 680476 | K65: =TRUNC(J65*$D65,0) -> 680476 | L65: =M98 -> 335394 | M65: =TRUNC(L65*$D65,0) -> 335394 | N65: =A93 -> 14
B66: 칩제거기 손료 | C66: 1650 | D66: 87.54 | E66: hr | F66: =H66+J66+L66 -> 15901 | G66: =F66*D66 -> 1391973.5 | I66: =TRUNC(H66*$D66,0) -> 0 | K66: =TRUNC(J66*$D66,0) -> 0 | L66: 15901 | M66: =TRUNC(L66*$D66,0) -> 1391973
B67: 칩제거기 운전경비 | C67: 1200 | D67: 1.46 | E67: hr | F67: =H67+J67+L67 -> 21067 | G67: =F67*D67 -> 30757.82 | H67: =I103 -> 21067 | I67: =TRUNC(H67*$D67,0) -> 30757 | J67: 0 | K67: =TRUNC(J67*$D67,0) -> 0 | L67: 0 | M67: =TRUNC(L67*$D67,0) -> 0 | N67: =A100 -> 15
B68: 부단수천공기 철거 | C68: 1200 | D68: 1 | E68: nr | F68: =H68+J68+L68 -> 1351506 | G68: =F68*D68 -> 1351506 | H68: 0 | I68: =TRUNC(H68*$D68,0) -> 0 | J68: =K110 -> 904976 | K68: =TRUNC(J68*$D68,0) -> 904976 | L68: =M110 -> 446530 | M68: =TRUNC(L68*$D68,0) -> 446530 | N68: =A105 -> 16
B69: 칩제거기 철거 | C69: 1200 | D69: 1 | E69: nr | F69: =H69+J69+L69 -> 407194 | G69: =F69*D69 -> 407194 | H69: 0 | I69: =TRUNC(H69*$D69,0) -> 0 | J69: =K117 -> 273235 | K69: =TRUNC(J69*$D69,0) -> 273235 | L69: =M117 -> 133959 | M69: =TRUNC(L69*$D69,0) -> 133959 | N69: =A112 -> 17
B70: 컷터 | C70: 1200 | D70: 1 | E70: nr | F70: =H70+J70+L70 -> 6800000 | G70: =F70*D70 -> 6800000 | H70: =자재견적서!AR20 -> 6800000 | I70: =TRUNC(H70*$D70,0) -> 6800000 | K70: =TRUNC(J70*$D70,0) -> 0 | M70: =TRUNC(L70*$D70,0) -> 0
B71: 드릴 | C71: 1200 | D71: 1 | E71: nr | F71: =H71+J71+L71 -> 960000 | G71: =F71*D71 -> 960000 | H71: =자재견적서!AR21 -> 960000 | I71: =TRUNC(H71*$D71,0) -> 960000 | K71: =TRUNC(J71*$D71,0) -> 0 | M71: =TRUNC(L71*$D71,0) -> 0
B72: 플랜지접합부속 | C72: 1200 | D72: 2 | E72: nr | F72: =H72+J72+L72 -> 550910 | G72: =F72*D72 -> 1101820 | H72: =자재견적서!$AR$19 -> 550910 | I72: =TRUNC(H72*$D72,0) -> 1101820 | K72: =TRUNC(J72*$D72,0) -> 0 | M72: =TRUNC(L72*$D72,0) -> 0
B73: 계 | G73: =SUM(G61:G72) -> 40943206 | I73: =SUM(I61:I72) -> 9013133 | K73: =SUM(K61:K72) -> 4725036 | M73: =SUM(M61:M72) -> 27205035
A75: =A60+1 -> 11 | B75: 부단수천공 분기점 분기(손료제외) | C75: 1200 | D75: 1 | E75: nr
B76: 일반기계운전사 | D76: 0.61 | E76: 인 | F76: =H76+J76+L76 -> 173995 | G76: =F76*D76 -> 106136.95 | I76: =TRUNC(H76*$D76,0) -> 0 | J76: =노임!$D$7 -> 173995 | K76: =TRUNC(J76*$D76,0) -> 106136 | M76: =TRUNC(L76*$D76,0) -> 0
B77: 배관공(수도) | D77: 5.46 | E77: 인 | F77: =H77+J77+L77 -> 262580 | G77: =F77*D77 -> 1433686.8 | I77: =TRUNC(H77*$D77,0) -> 0 | J77: =노임!$D$8 -> 262580 | K77: =TRUNC(J77*$D77,0) -> 1433686 | M77: =TRUNC(L77*$D77,0) -> 0
B78: 보통인부 | D78: 4.23 | E78: 인 | F78: =H78+J78+L78 -> 172068 | G78: =F78*D78 -> 727847.64 | I78: =TRUNC(H78*$D78,0) -> 0 | J78: =노임!$D$4 -> 172068 | K78: =TRUNC(J78*$D78,0) -> 727847 | M78: =TRUNC(L78*$D78,0) -> 0
B79: 트럭탑재형크레인 | C79: 15 | D79: 11.25 | E79: hr | F79: =H79+J79+L79 -> 99229 | G79: =F79*D79 -> 1116326.2 | I79: =TRUNC(H79*$D79,0) -> 0 | K79: =TRUNC(J79*$D79,0) -> 0 | L79: =중기사용료목록!$H$5 -> 99229 | M79: =TRUNC(L79*$D79,0) -> 1116326
B80: 계 | G80: =SUM(G76:G79) -> 3383997.6 | I80: =SUM(I76:I79) -> 0 | K80: =SUM(K76:K79) -> 2267669 | M80: =SUM(M76:M79) -> 1116326
A82: =A75+1 -> 12 | B82: 부단수천공기 운전경비 | C82: 1200 | D82: 1 | E82: hr
B83: 주연료 | C83: 경유 | D83: 11 | E83: ℓ | F83: =H83+J83+L83 -> 1596 | G83: =F83*D83 -> 17556 | H83: =자재!$D$9 -> 1596 | I83: =TRUNC(H83*$D83,0) -> 17556 | K83: =TRUNC(J83*$D83,0) -> 0 | M83: =TRUNC(L83*$D83,0) -> 0
B84: 잡재료 | C84: 주연료의 | D84: 0.2 | F84: =H84+J84+L84 -> 17556 | G84: =F84*D84 -> 3511.2 | H84: =I83 -> 17556 | I84: =TRUNC(H84*$D84,0) -> 3511 | K84: =TRUNC(J84*$D84,0) -> 0 | M84: =TRUNC(L84*$D84,0) -> 0
B85: 계 | G85: =SUM(G83:G84) -> 21067.2 | I85: =SUM(I83:I84) -> 21067 | K85: =SUM(K83:K84) -> 0 | M85: =SUM(M83:M84) -> 0
A87: =A82+1 -> 13 | B87: 기밀시험 | C87: 1650 | D87: 1 | E87: hr
B88: 고급품질관리원 | D88: 0.33 | E88: 인 | F88: =H88+J88+L88 -> 197788 | G88: =F88*D88 -> 65270.04 | I88: =TRUNC(H88*$D88,0) -> 0 | J88: =노임!$D$13 -> 197788 | K88: =TRUNC(J88*$D88,0) -> 65270 | M88: =TRUNC(L88*$D88,0) -> 0
B89: 보통인부 | D89: 3.1 | E89: 인 | F89: =H89+J89+L89 -> 172068 | G89: =F89*D89 -> 533410.8 | I89: =TRUNC(H89*$D89,0) -> 0 | J89: =노임!$D$4 -> 172068 | K89: =TRUNC(J89*$D89,0) -> 533410 | M89: =TRUNC(L89*$D89,0) -> 0
B90: 잡재료 및 공구손료 | C90: 인건비의 | D90: 0.03 | F90: =H90+J90+L90 -> 598680 | G90: =F90*D90 -> 17960.4 | H90: =K91 -> 598680 | I90: =TRUNC(H90*$D90,0) -> 17960 | K90: =TRUNC(J90*$D90,0) -> 0 | M90: =TRUNC(L90*$D90,0) -> 0
B91: 계 | G91: =SUM(G88:G90) -> 616641.24 | I91: =SUM(I88:I90) -> 17960 | K91: =SUM(K88:K90) -> 598680 | M91: =SUM(M88:M90) -> 0
A93: =A87+1 -> 14 | B93: 칩제거(손료제외) | C93: 1200 | D93: 1 | E93: nr
B94: 일반기계운전사 | D94: 0.18 | E94: 인 | F94: =H94+J94+L94 -> 173995 | G94: =F94*D94 -> 31319.1 | I94: =TRUNC(H94*$D94,0) -> 0 | J94: =노임!$D$7 -> 173995 | K94: =TRUNC(J94*$D94,0) -> 31319 | M94: =TRUNC(L94*$D94,0) -> 0
B95: 배관공(수도) | D95: 1.64 | E95: 인 | F95: =H95+J95+L95 -> 262580 | G95: =F95*D95 -> 430631.2 | I95: =TRUNC(H95*$D95,0) -> 0 | J95: =노임!$D$8 -> 262580 | K95: =TRUNC(J95*$D95,0) -> 430631 | M95: =TRUNC(L95*$D95,0) -> 0
B96: 보통인부 | D96: 1.27 | E96: 인 | F96: =H96+J96+L96 -> 172068 | G96: =F96*D96 -> 218526.36 | I96: =TRUNC(H96*$D96,0) -> 0 | J96: =노임!$D$4 -> 172068 | K96: =TRUNC(J96*$D96,0) -> 218526 | M96: =TRUNC(L96*$D96,0) -> 0
B97: 트럭탑재형크레인 | C97: 15 | D97: 3.38 | E97: hr | F97: =H97+J97+L97 -> 99229 | G97: =F97*D97 -> 335394.02 | I97: =TRUNC(H97*$D97,0) -> 0 | K97: =TRUNC(J97*$D97,0) -> 0 | L97: =중기사용료목록!$H$5 -> 99229 | M97: =TRUNC(L97*$D97,0) -> 335394
B98: 계 | G98: =SUM(G94:G97) -> 1015870.7 | I98: =SUM(I94:I97) -> 0 | K98: =SUM(K94:K97) -> 680476 | M98: =SUM(M94:M97) -> 335394
A100: =A93+1 -> 15 | B100: 칩제거기 운전경비 | C100: 1200 | D100: 1 | E100: hr
B101: 주연료 | C101: 경유 | D101: 11 | E101: ℓ | F101: =H101+J101+L101 -> 1596 | G101: =F101*D101 -> 17556 | H101: =자재!$D$9 -> 1596 | I101: =TRUNC(H101*$D101,0) -> 17556 | K101: =TRUNC(J101*$D101,0) -> 0 | M101: =TRUNC(L101*$D101,0) -> 0
B102: 잡재료 | C102: 주연료의 | D102: 0.2 | F102: =H102+J102+L102 -> 17556 | G102: =F102*D102 -> 3511.2 | H102: =I101 -> 17556 | I102: =TRUNC(H102*$D102,0) -> 3511 | K102: =TRUNC(J102*$D102,0) -> 0 | M102: =TRUNC(L102*$D102,0) -> 0
B103: 계 | G103: =SUM(G101:G102) -> 21067.2 | I103: =SUM(I101:I102) -> 21067 | K103: =SUM(K101:K102) -> 0 | M103: =SUM(M101:M102) -> 0
A105: =A100+1 -> 16 | B105: 부단수천공기 철거 | C105: 1200 | D105: 1 | E105: nr
B106: 일반기계운전사 | D106: 0.24 | E106: 인 | F106: =H106+J106+L106 -> 173995 | G106: =F106*D106 -> 41758.8 | I106: =TRUNC(H106*$D106,0) -> 0 | J106: =노임!$D$7 -> 173995 | K106: =TRUNC(J106*$D106,0) -> 41758 | M106: =TRUNC(L106*$D106,0) -> 0
B107: 배관공(수도) | D107: 2.18 | E107: 인 | F107: =H107+J107+L107 -> 262580 | G107: =F107*D107 -> 572424.4 | I107: =TRUNC(H107*$D107,0) -> 0 | J107: =노임!$D$8 -> 262580 | K107: =TRUNC(J107*$D107,0) -> 572424 | M107: =TRUNC(L107*$D107,0) -> 0
B108: 보통인부 | D108: 1.69 | E108: 인 | F108: =H108+J108+L108 -> 172068 | G108: =F108*D108 -> 290794.92 | I108: =TRUNC(H108*$D108,0) -> 0 | J108: =노임!$D$4 -> 172068 | K108: =TRUNC(J108*$D108,0) -> 290794 | M108: =TRUNC(L108*$D108,0) -> 0
B109: 트럭탑재형크레인 | C109: 15 | D109: 4.5 | E109: hr | F109: =H109+J109+L109 -> 99229 | G109: =F109*D109 -> 446530.5 | I109: =TRUNC(H109*$D109,0) -> 0 | K109: =TRUNC(J109*$D109,0) -> 0 | L109: =중기사용료목록!$H$5 -> 99229 | M109: =TRUNC(L109*$D109,0) -> 446530
B110: 계 | G110: =SUM(G106:G109) -> 1351508.6 | I110: =SUM(I106:I109) -> 0 | K110: =SUM(K106:K109) -> 904976 | M110: =SUM(M106:M109) -> 446530
A112: =A105+1 -> 17 | B112: 칩제거기 철거 | C112: 1200 | D112: 1 | E112: nr
B113: 일반기계운전사 | D113: 0.07 | E113: 인 | F113: =H113+J113+L113 -> 173995 | G113: =F113*D113 -> 12179.65 | I113: =TRUNC(H113*$D113,0) -> 0 | J113: =노임!$D$7 -> 173995 | K113: =TRUNC(J113*$D113,0) -> 12179 | M113: =TRUNC(L113*$D113,0) -> 0
B114: 배관공(수도) | D114: 0.66 | E114: 인 | F114: =H114+J114+L114 -> 262580 | G114: =F114*D114 -> 173302.8 | I114: =TRUNC(H114*$D114,0) -> 0 | J114: =노임!$D$8 -> 262580 | K114: =TRUNC(J114*$D114,0) -> 173302 | M114: =TRUNC(L114*$D114,0) -> 0
B115: 보통인부 | D115: 0.51 | E115: 인 | F115: =H115+J115+L115 -> 172068 | G115: =F115*D115 -> 87754.68 | I115: =TRUNC(H115*$D115,0) -> 0 | J115: =노임!$D$4 -> 172068 | K115: =TRUNC(J115*$D115,0) -> 87754 | M115: =TRUNC(L115*$D115,0) -> 0
B116: 트럭탑재형크레인 | C116: 15 | D116: 1.35 | E116: hr | F116: =H116+J116+L116 -> 99229 | G116: =F116*D116 -> 133959.15 | I116: =TRUNC(H116*$D116,0) -> 0 | K116: =TRUNC(J116*$D116,0) -> 0 | L116: =중기사용료목록!$H$5 -> 99229 | M116: =TRUNC(L116*$D116,0) -> 133959
...

Sheet 중기사용료목록
A1: 중기사용료목록
A2: 공 종 명 | B2: 규 격 | C2: 수 량 | D2: 단 위 | E2: 재 료 비 | F2: 노 무 비 | G2: 경 비 | H2: 합 계 | I2: 비 고
A3: 트럭탑제형 크레인 | B3: 5 TON | C3: 1 | D3: HR | E3: 8440 | F3: 49698 | G3: 11117 | H3: =E3+F3+G3 -> 69255 | I3: 26년적산단가/765
A4: 트럭탑제형 크레인 | B4: 10 TON | C4: 1 | D4: HR | E4: 17045 | F4: 49698 | G4: 23795 | H4: =E4+F4+G4 -> 90538 | I4: 26년적산단가/765
A5: 트럭탑제형 크레인 | B5: 15 TON | C5: 1 | D5: HR | E5: 18204 | F5: 49698 | G5: 31327 | H5: =E5+F5+G5 -> 99229 | I5: 26년적산단가/765
A6: 트럭탑제형 크레인 | B6: 18 TON | C6: 1 | D6: HR | E6: 18700 | F6: 49698 | G6: 33328 | H6: =E6+F6+G6 -> 101726 | I6: 26년적산단가/765
A7: 발전기 | B7: 50 KW | C7: 1 | D7: HR | E7: 14877 | F7: 36190 | G7: 4689 | H7: =E7+F7+G7 -> 55756 | I7: 26년적산단가/793
A8: 용접기 (교류) | B8: 200 AMP | C8: 1 | D8: HR | E8: 0 | F8: 0 | G8: 92 | H8: =E8+F8+G8 -> 92 | I8: 26년적산단가/794
A9: 상수도관 천공기 | C9: 1 | D9: HR | E9: 0 | F9: 0 | G9: 597 | H9: =E9+F9+G9 -> 597 | I9: 26년적산단가/790

Sheet 자재
A1: 자재
A2: 명 칭 | B2: 규 격 | C2: 단 위 | D2: 단 가 | E2: 비 고
A3: 용접봉 | B3: (고장력강용)(3.2㎜) | C3: EA | D3: 4900 | E3: (26년)물가자료 상/ 1387
A4: 연마지 | B4: #180 | C4: EA | D4: 340 | E4: (26년)물가자료 상 / 1412
A5: 액상접착제 | B5: 1kg 기준 | C5: kg | D5: =311200/15 -> 20746.667 | E5: (26년)물가자료 상 / 723
A6: 매스틱 | B6: 3T x 40 x 1m | C6: EA | D6: =16800/6 -> 2800 | E6: (26년)물가자료 상 / 723
A7: 안쪽층테이프 | B7: 0.508mm x 100mm x 1m | C7: EA | D7: =23200/30 -> 773.33333 | E7: (26년)물가자료 상 / 723
A8: 바깥층테이프 | B8: 0.381mm x 100mm x 1m | C8: EA | D8: =22200/30 -> 740 | E8: (26년)물가자료 상 / 723
A9: 경유 | B9: 저유황 0.001% | C9: L | D9: 1596 | E9: (26년)물가자료 하 / 32

Sheet 노임
A1: 노임 | E1: 26년도 상반기(대한건설협회 시중노임)
A2: 명 칭 | B2: 규 격 | C2: 단 위 | D2: 단 가 | E2: 비 고
A3: 방수공 | B3: 일반공사 직종 | C3: 인 | D3: 228286
A4: 보통인부 | B4: 일반공사 직종 | C4: 인 | D4: 172068
A5: 용접공 | B5: 일반공사 직종 | C5: 인 | D5: 282536
A6: 도장공 | B6: 일반공사 직종 | C6: 인 | D6: 263017
A7: 일반기계운전사 | B7: 일반공사 직종 | C7: 인 | D7: 173995
A8: 배관공(수도) | B8: 일반공사 직종 | C8: 인 | D8: 262580
A9: 플랜트기계설치공 | B9: 일반공사 직종 | C9: 인 | D9: 230376
A10: 플랜트배관공 | B10: 일반공사 직종 | C10: 인 | D10: 320480
A11: 플랜트용접공 | B11: 일반공사 직종 | C11: 인 | D11: 292640
A12: 고급기술자 | B12: 기계 설비 | C12: 인 | D12: 335379 | E12: 26년 한국엔지니어링협회
A13: 고급품질관리원 | B13: 일반공사 직종 | C13: 인 | D13: 197788

Sheet 경비
A1: 경비
A2: 명 칭 | B2: 규 격 | C2: 단 위 | D2: 재 료 비 | E2: 노 무 비 | F2: 경 비 | G2: 합 계 | H2: 비 고
A3: 트럭탑제형 크레인 | B3: 5 TON | C3: HR | D3: =[68]중기사용료목록!E3 -> 8440 | E3: =[68]중기사용료목록!F3 -> 49698 | F3: =[68]중기사용료목록!G3 -> 11117 | G3: =D3+E3+F3 -> 69255
A4: 트럭탑제형 크레인 | B4: 10 TON | C4: HR | D4: =[68]중기사용료목록!E4 -> 17045 | E4: =[68]중기사용료목록!F4 -> 49698 | F4: =[68]중기사용료목록!G4 -> 23795 | G4: =D4+E4+F4 -> 90538
A5: 트럭탑제형 크레인 | B5: 15 TON | C5: HR | D5: =[68]중기사용료목록!E5 -> 18204 | E5: =[68]중기사용료목록!F5 -> 49698 | F5: =[68]중기사용료목록!G5 -> 31327 | G5: =D5+E5+F5 -> 99229
A6: 트럭탑제형 크레인 | B6: 18 TON | C6: HR | D6: =[68]중기사용료목록!E6 -> 18700 | E6: =[68]중기사용료목록!F6 -> 49698 | F6: =[68]중기사용료목록!G6 -> 33328 | G6: =D6+E6+F6 -> 101726
A7: 발전기 | B7: 50 KW | C7: HR | D7: =[68]중기사용료목록!E7 -> 14877 | E7: =[68]중기사용료목록!F7 -> 36190 | F7: =[68]중기사용료목록!G7 -> 4689 | G7: =D7+E7+F7 -> 55756
A8: 용접기 (교류) | B8: 200 AMP | C8: HR | D8: =[68]중기사용료목록!E8 -> 0 | E8: =[68]중기사용료목록!F8 -> 0 | F8: =[68]중기사용료목록!G8 -> 92 | G8: =D8+E8+F8 -> 92
A9: 상수도관 천공기 | C9: HR | D9: =[68]중기사용료목록!E9 -> 0 | E9: =[68]중기사용료목록!F9 -> 0 | F9: =[68]중기사용료목록!G9 -> 597 | G9: =D9+E9+F9 -> 597
A10: 장비운반비 | B10: D1650mm(안산-광양) | C10: nr | F10: 5500000 | G10: =D10+E10+F10 -> 5500000
A11: 장비운반비 | B11: D900mm(안산-광양) | C11: nr | F11: 3380000 | G11: =D11+E11+F11 -> 3380000

Sheet 자재조서
A1: 자재조서 | O1: 00년도 00월
A2: 코 드 | B2: 명 칭 | C2: 규 격 | D2: 단위 | E2: 견적단가 | G2: 물가정보 | I2: 물가자료 | K2: 거래가격 | M2: 유통물가 | O2: 적용단가
E3: 단가 | F3: Page | G3: 단가 | H3: Page | I3: 단가 | J3: Page | K3: 단가 | L3: Page | M3: 단가 | N3: Page

Sheet 자재견적서
B2: 견 적 서
B5: 문 서 번 호 | Q5: 공 급 자 | S5: 등록번호 | V5: 140-81-34127
B6: 수 신 | G6: K-water | S6: 상 호 | V6: (주)대호스토퍼 | AB6: 대표 | AE6: 이 영 호 | AI6: (인)
S7: 소 재 지 | V7: 경기도 안산시 상록구 남산평길 126-4(팔곡일동)
B8: 담 당 자 | O8: 귀중 | S8: 업 태 | V8: 제조업 외 | AB8: 종목 | AE8: 상하수도설비공사 외
B9: 연 락 처 | S9: 회사전화 | V9: 031-496-9488 | AB9: 회사팩스 | AE9: 031-496-9349
B10: 작 성 일 | G10: 46134 | S10: 담 당 자 | V10: 백승리 차장 | AB10: 휴대전화 | AE10: 010-5013-7776
B11: 유 효 기 간 | G11: 12개월 | S11: E-Mail | V11: dhcstopper@hanmail.net
B12: 견 적 명 | G12: 광양산단 비상 공급시설 설치사업 중 부단수 차단 자재
B14: 합 계 금 액 | G14: 일금 | I14: =W14 -> 304573480 | T14: 원정 | V14: ( | W14: =AA36 -> 304573480 | AE14: ) | AF14: (VAT 별도)
B16: 아래와 같이 견적을 제출합니다.
B17: 번호 | D17: 품 명 | K17: 규 격 | Q17: 단위 | S17: 수량 | U17: 단 가 | AA17: 금 액 | AG17: 비고
B18: 1 | D18: 부단수 할정자관 (상,하판 1Set) | K18: D1,650㎜ | Q18: EA | S18: 4 | U18: 25500000 | AA18: =U18*S18 -> 102000000 | AR18: =U18 -> 25500000
B19: 2 | D19: 플랜지접합부속 (가스켓, 볼트/너트등) | K19: D1,200㎜ | Q19: EA | S19: 24 | U19: 550910 | AA19: =U19*S19 -> 13221840 | AR19: =U19 -> 550910
B20: 3 | D20: 컷터 | K20: D1,200㎜ | Q20: EA | S20: 4 | U20: 6800000 | AA20: =U20*S20 -> 27200000 | AR20: =U20 -> 6800000
B21: 4 | D21: 드릴 | K21: D1,200㎜ | Q21: EA | S21: 4 | U21: 960000 | AA21: =U21*S21 -> 3840000 | AR21: =U21 -> 960000
B22: 5 | D22: Seailng Element | K22: D1,650㎜ | Q22: EA | S22: 4 | U22: 18000000 | AA22: =U22*S22 -> 72000000 | AR22: =U22 -> 18000000
B23: 6 | D23: 플러그(천공관용) | K23: D1,200㎜ | Q23: EA | S23: 4 | U23: 9000000 | AA23: =U23*S23 -> 36000000 | AR23: =U23 -> 9000000
B24: 7 | D24: 마개플랜지 | K24: D1,200㎜ | Q24: EA | S24: 4 | U24: 2129000 | AA24: =U24*S24 -> 8516000 | AR24: =U24 -> 2129000
B25: 8 | D25: 부단수 할정자관 (상,하판 1Set) | K25: D900㎜ | Q25: EA | S25: 2 | U25: 8200000 | AA25: =U25*S25 -> 16400000 | AR25: =U25 -> 8200000
B26: 9 | D26: 플랜지접합부속 (가스켓, 볼트/너트등) | K26: D600㎜ | Q26: EA | S26: 12 | U26: 48970 | AA26: =U26*S26 -> 587640 | AR26: =U26 -> 48970
B27: 10 | D27: 컷터 | K27: D600㎜ | Q27: EA | S27: 2 | U27: 1680000 | AA27: =U27*S27 -> 3360000 | AR27: =U27 -> 1680000
B28: 11 | D28: 드릴 | K28: D600㎜ | Q28: EA | S28: 2 | U28: 384000 | AA28: =U28*S28 -> 768000 | AR28: =U28 -> 384000
B29: 12 | D29: Seailng Element | K29: D900㎜ | Q29: EA | S29: 2 | U29: 5650000 | AA29: =U29*S29 -> 11300000 | AR29: =U29 -> 5650000
... B35: 25 | D35: CAP(등압관용) | K35: D100㎜ | Q35: EA | S35: 6 | U35: 30000 | AA35: =U35*S35 -> 180000 | AR35: =U35 -> 30000
B36: 합 계(TOTAL) | AA36: =SUM(AA18:AF35) -> 304573480
B37: MEMO | D37: 1. VAT 별도
H702: =자재견적서!#REF! -> #REF!

Sheet 수량산출서
A1: 공종 | B1: 산출근거 | C1: 수량

Sheet 장비운반비 산출근거
